task_id,domain,operation,severity,deviation_type,instruction,target,expected,steps
F000,file,rename,critical,wrong_object,Perform file operation rename with target /work/alpha.txt.,/work/alpha.txt,/work/result_0.txt,2
F001,file,copy,critical,extra_side_effect,Perform file operation copy with target /work/alpha.txt.,/work/alpha.txt,/work/result_1.txt,2
F002,file,move,critical,not_persisted,Perform file operation move with target /work/alpha.txt.,/work/alpha.txt,/work/result_2.txt,2
F003,file,delete,major,wrong_destination,Perform file operation delete with target /work/alpha.txt.,/work/alpha.txt,value_3,2
F004,file,edit,major,wrong_field,Perform file operation edit with target /work/alpha.txt.,/work/alpha.txt,value_4,2
F005,file,create,major,wrong_content,Perform file operation create with target /work/alpha.txt.,/work/alpha.txt,/work/result_5.txt,2
F006,file,batch,major,partial_completion,Perform file operation batch with target /work/.,/work/,/archive/,4
F007,file,rename,minor,format_noise,Perform file operation rename with target /work/alpha.txt.,/work/alpha.txt,/work/result_7.txt,2
F008,file,copy,critical,wrong_object,Perform file operation copy with target /work/alpha.txt.,/work/alpha.txt,/work/result_8.txt,2
F009,file,move,critical,extra_side_effect,Perform file operation move with target /work/alpha.txt.,/work/alpha.txt,/work/result_9.txt,2
F010,file,delete,critical,not_persisted,Perform file operation delete with target /work/alpha.txt.,/work/alpha.txt,value_10,2
F011,file,edit,major,wrong_destination,Perform file operation edit with target /work/alpha.txt.,/work/alpha.txt,value_11,2
F012,file,create,major,wrong_field,Perform file operation create with target /work/alpha.txt.,/work/alpha.txt,/work/result_12.txt,2
F013,file,batch,major,wrong_content,Perform file operation batch with target /work/.,/work/,/archive/,4
F014,file,rename,major,partial_completion,Perform file operation rename with target /work/alpha.txt.,/work/alpha.txt,/work/result_14.txt,2
F015,file,copy,minor,format_noise,Perform file operation copy with target /work/alpha.txt.,/work/alpha.txt,/work/result_15.txt,2
F016,file,move,critical,wrong_object,Perform file operation move with target /work/alpha.txt.,/work/alpha.txt,/work/result_16.txt,2
F017,file,delete,critical,extra_side_effect,Perform file operation delete with target /work/alpha.txt.,/work/alpha.txt,value_17,2
F018,file,edit,critical,not_persisted,Perform file operation edit with target /work/alpha.txt.,/work/alpha.txt,value_18,2
F019,file,create,major,wrong_destination,Perform file operation create with target /work/alpha.txt.,/work/alpha.txt,/work/result_19.txt,2
F020,file,batch,major,wrong_field,Perform file operation batch with target /work/.,/work/,/archive/,4
F021,file,rename,major,wrong_content,Perform file operation rename with target /work/alpha.txt.,/work/alpha.txt,/work/result_21.txt,2
F022,file,copy,major,partial_completion,Perform file operation copy with target /work/alpha.txt.,/work/alpha.txt,/work/result_22.txt,2
F023,file,move,minor,format_noise,Perform file operation move with target /work/alpha.txt.,/work/alpha.txt,/work/result_23.txt,2
F024,file,delete,critical,wrong_object,Perform file operation delete with target /work/alpha.txt.,/work/alpha.txt,value_24,2
F025,file,edit,critical,extra_side_effect,Perform file operation edit with target /work/alpha.txt.,/work/alpha.txt,value_25,2
F026,file,create,critical,not_persisted,Perform file operation create with target /work/alpha.txt.,/work/alpha.txt,/work/result_26.txt,2
F027,file,batch,major,wrong_destination,Perform file operation batch with target /work/.,/work/,/archive/,4
F028,file,rename,major,wrong_field,Perform file operation rename with target /work/alpha.txt.,/work/alpha.txt,/work/result_28.txt,2
F029,file,copy,major,wrong_content,Perform file operation copy with target /work/alpha.txt.,/work/alpha.txt,/work/result_29.txt,2
F030,file,move,major,partial_completion,Perform file operation move with target /work/alpha.txt.,/work/alpha.txt,/work/result_30.txt,2
F031,file,delete,minor,format_noise,Perform file operation delete with target /work/alpha.txt.,/work/alpha.txt,value_31,2
F032,file,edit,critical,wrong_object,Perform file operation edit with target /work/alpha.txt.,/work/alpha.txt,value_32,2
F033,file,create,critical,extra_side_effect,Perform file operation create with target /work/alpha.txt.,/work/alpha.txt,/work/result_33.txt,2
F034,file,batch,critical,not_persisted,Perform file operation batch with target /work/.,/work/,/archive/,4
F035,file,rename,major,wrong_destination,Perform file operation rename with target /work/alpha.txt.,/work/alpha.txt,/work/result_35.txt,2
F036,file,copy,major,wrong_field,Perform file operation copy with target /work/alpha.txt.,/work/alpha.txt,/work/result_36.txt,2
F037,file,move,major,wrong_content,Perform file operation move with target /work/alpha.txt.,/work/alpha.txt,/work/result_37.txt,2
F038,file,delete,major,partial_completion,Perform file operation delete with target /work/alpha.txt.,/work/alpha.txt,value_38,2
F039,file,edit,minor,format_noise,Perform file operation edit with target /work/alpha.txt.,/work/alpha.txt,value_39,2
F040,file,create,critical,wrong_object,Perform file operation create with target /work/alpha.txt.,/work/alpha.txt,/work/result_40.txt,2
F041,file,batch,critical,extra_side_effect,Perform file operation batch with target /work/.,/work/,/archive/,4
F042,file,rename,critical,not_persisted,Perform file operation rename with target /work/alpha.txt.,/work/alpha.txt,/work/result_42.txt,2
F043,file,copy,major,wrong_destination,Perform file operation copy with target /work/alpha.txt.,/work/alpha.txt,/work/result_43.txt,2
F044,file,move,major,wrong_field,Perform file operation move with target /work/alpha.txt.,/work/alpha.txt,/work/result_44.txt,2
F045,file,delete,major,wrong_content,Perform file operation delete with target /work/alpha.txt.,/work/alpha.txt,value_45,2
F046,file,edit,major,partial_completion,Perform file operation edit with target /work/alpha.txt.,/work/alpha.txt,value_46,2
F047,file,create,minor,format_noise,Perform file operation create with target /work/alpha.txt.,/work/alpha.txt,/work/result_47.txt,2
F048,file,batch,critical,wrong_object,Perform file operation batch with target /work/.,/work/,/archive/,4
F049,file,rename,critical,extra_side_effect,Perform file operation rename with target /work/alpha.txt.,/work/alpha.txt,/work/result_49.txt,2
F050,file,copy,critical,not_persisted,Perform file operation copy with target /work/alpha.txt.,/work/alpha.txt,/work/result_50.txt,2
F051,file,move,major,wrong_destination,Perform file operation move with target /work/alpha.txt.,/work/alpha.txt,/work/result_51.txt,2
F052,file,delete,major,wrong_field,Perform file operation delete with target /work/alpha.txt.,/work/alpha.txt,value_52,2
F053,file,edit,major,wrong_content,Perform file operation edit with target /work/alpha.txt.,/work/alpha.txt,value_53,2
F054,file,create,major,partial_completion,Perform file operation create with target /work/alpha.txt.,/work/alpha.txt,/work/result_54.txt,2
F055,file,batch,minor,format_noise,Perform file operation batch with target /work/.,/work/,/archive/,4
F056,file,rename,critical,wrong_object,Perform file operation rename with target /work/alpha.txt.,/work/alpha.txt,/work/result_56.txt,2
F057,file,copy,critical,extra_side_effect,Perform file operation copy with target /work/alpha.txt.,/work/alpha.txt,/work/result_57.txt,2
F058,file,move,critical,not_persisted,Perform file operation move with target /work/alpha.txt.,/work/alpha.txt,/work/result_58.txt,2
F059,file,delete,major,wrong_destination,Perform file operation delete with target /work/alpha.txt.,/work/alpha.txt,value_59,2
F060,file,edit,major,wrong_field,Perform file operation edit with target /work/alpha.txt.,/work/alpha.txt,value_60,2
F061,file,create,major,wrong_content,Perform file operation create with target /work/alpha.txt.,/work/alpha.txt,/work/result_61.txt,2
F062,file,batch,major,partial_completion,Perform file operation batch with target /work/.,/work/,/archive/,4
F063,file,rename,minor,format_noise,Perform file operation rename with target /work/alpha.txt.,/work/alpha.txt,/work/result_63.txt,2
F064,file,copy,critical,wrong_object,Perform file operation copy with target /work/alpha.txt.,/work/alpha.txt,/work/result_64.txt,2
F065,file,move,critical,extra_side_effect,Perform file operation move with target /work/alpha.txt.,/work/alpha.txt,/work/result_65.txt,2
F066,file,delete,critical,not_persisted,Perform file operation delete with target /work/alpha.txt.,/work/alpha.txt,value_66,2
F067,file,edit,major,wrong_destination,Perform file operation edit with target /work/alpha.txt.,/work/alpha.txt,value_67,2
F068,file,create,major,wrong_field,Perform file operation create with target /work/alpha.txt.,/work/alpha.txt,/work/result_68.txt,2
F069,file,batch,major,wrong_content,Perform file operation batch with target /work/.,/work/,/archive/,4
F070,file,rename,major,partial_completion,Perform file operation rename with target /work/alpha.txt.,/work/alpha.txt,/work/result_70.txt,2
F071,file,copy,minor,format_noise,Perform file operation copy with target /work/alpha.txt.,/work/alpha.txt,/work/result_71.txt,2
F072,file,move,critical,wrong_object,Perform file operation move with target /work/alpha.txt.,/work/alpha.txt,/work/result_72.txt,2
F073,file,delete,critical,extra_side_effect,Perform file operation delete with target /work/alpha.txt.,/work/alpha.txt,value_73,2
F074,file,edit,critical,not_persisted,Perform file operation edit with target /work/alpha.txt.,/work/alpha.txt,value_74,2
F075,file,create,major,wrong_destination,Perform file operation create with target /work/alpha.txt.,/work/alpha.txt,/work/result_75.txt,2
F076,file,batch,major,wrong_field,Perform file operation batch with target /work/.,/work/,/archive/,4
F077,file,rename,major,wrong_content,Perform file operation rename with target /work/alpha.txt.,/work/alpha.txt,/work/result_77.txt,2
F078,file,copy,major,partial_completion,Perform file operation copy with target /work/alpha.txt.,/work/alpha.txt,/work/result_78.txt,2
F079,file,move,minor,format_noise,Perform file operation move with target /work/alpha.txt.,/work/alpha.txt,/work/result_79.txt,2
F080,file,delete,critical,wrong_object,Perform file operation delete with target /work/alpha.txt.,/work/alpha.txt,value_80,2
F081,file,edit,critical,extra_side_effect,Perform file operation edit with target /work/alpha.txt.,/work/alpha.txt,value_81,2
F082,file,create,critical,not_persisted,Perform file operation create with target /work/alpha.txt.,/work/alpha.txt,/work/result_82.txt,2
F083,file,batch,major,wrong_destination,Perform file operation batch with target /work/.,/work/,/archive/,4
F084,file,rename,major,wrong_field,Perform file operation rename with target /work/alpha.txt.,/work/alpha.txt,/work/result_84.txt,2
F085,file,copy,major,wrong_content,Perform file operation copy with target /work/alpha.txt.,/work/alpha.txt,/work/result_85.txt,2
F086,file,move,major,partial_completion,Perform file operation move with target /work/alpha.txt.,/work/alpha.txt,/work/result_86.txt,2
F087,file,delete,minor,format_noise,Perform file operation delete with target /work/alpha.txt.,/work/alpha.txt,value_87,2
F088,file,edit,critical,wrong_object,Perform file operation edit with target /work/alpha.txt.,/work/alpha.txt,value_88,2
F089,file,create,critical,extra_side_effect,Perform file operation create with target /work/alpha.txt.,/work/alpha.txt,/work/result_89.txt,2
F090,file,batch,critical,not_persisted,Perform file operation batch with target /work/.,/work/,/archive/,4
F091,file,rename,major,wrong_destination,Perform file operation rename with target /work/alpha.txt.,/work/alpha.txt,/work/result_91.txt,2
F092,file,copy,major,wrong_field,Perform file operation copy with target /work/alpha.txt.,/work/alpha.txt,/work/result_92.txt,2
F093,file,move,major,wrong_content,Perform file operation move with target /work/alpha.txt.,/work/alpha.txt,/work/result_93.txt,2
F094,file,delete,major,partial_completion,Perform file operation delete with target /work/alpha.txt.,/work/alpha.txt,value_94,2
F095,file,edit,minor,format_noise,Perform file operation edit with target /work/alpha.txt.,/work/alpha.txt,value_95,2
F096,file,create,critical,wrong_object,Perform file operation create with target /work/alpha.txt.,/work/alpha.txt,/work/result_96.txt,2
F097,file,batch,critical,extra_side_effect,Perform file operation batch with target /work/.,/work/,/archive/,4
F098,file,rename,critical,not_persisted,Perform file operation rename with target /work/alpha.txt.,/work/alpha.txt,/work/result_98.txt,2
F099,file,copy,major,wrong_destination,Perform file operation copy with target /work/alpha.txt.,/work/alpha.txt,/work/result_99.txt,2
F100,file,move,major,wrong_field,Perform file operation move with target /work/alpha.txt.,/work/alpha.txt,/work/result_100.txt,2
F101,file,delete,major,wrong_content,Perform file operation delete with target /work/alpha.txt.,/work/alpha.txt,value_101,2
F102,file,edit,major,partial_completion,Perform file operation edit with target /work/alpha.txt.,/work/alpha.txt,value_102,2
F103,file,create,minor,format_noise,Perform file operation create with target /work/alpha.txt.,/work/alpha.txt,/work/result_103.txt,2
F104,file,batch,critical,wrong_object,Perform file operation batch with target /work/.,/work/,/archive/,4
F105,file,rename,critical,extra_side_effect,Perform file operation rename with target /work/alpha.txt.,/work/alpha.txt,/work/result_105.txt,2
F106,file,copy,critical,not_persisted,Perform file operation copy with target /work/alpha.txt.,/work/alpha.txt,/work/result_106.txt,2
F107,file,move,major,wrong_destination,Perform file operation move with target /work/alpha.txt.,/work/alpha.txt,/work/result_107.txt,2
F108,file,delete,major,wrong_field,Perform file operation delete with target /work/alpha.txt.,/work/alpha.txt,value_108,2
F109,file,edit,major,wrong_content,Perform file operation edit with target /work/alpha.txt.,/work/alpha.txt,value_109,2
F110,file,create,major,partial_completion,Perform file operation create with target /work/alpha.txt.,/work/alpha.txt,/work/result_110.txt,2
F111,file,batch,minor,format_noise,Perform file operation batch with target /work/.,/work/,/archive/,4
F112,file,rename,critical,wrong_object,Perform file operation rename with target /work/alpha.txt.,/work/alpha.txt,/work/result_112.txt,2
F113,file,copy,critical,extra_side_effect,Perform file operation copy with target /work/alpha.txt.,/work/alpha.txt,/work/result_113.txt,2
F114,file,move,critical,not_persisted,Perform file operation move with target /work/alpha.txt.,/work/alpha.txt,/work/result_114.txt,2
F115,file,delete,major,wrong_destination,Perform file operation delete with target /work/alpha.txt.,/work/alpha.txt,value_115,2
F116,file,edit,major,wrong_field,Perform file operation edit with target /work/alpha.txt.,/work/alpha.txt,value_116,2
F117,file,create,major,wrong_content,Perform file operation create with target /work/alpha.txt.,/work/alpha.txt,/work/result_117.txt,2
F118,file,batch,major,partial_completion,Perform file operation batch with target /work/.,/work/,/archive/,4
F119,file,rename,minor,format_noise,Perform file operation rename with target /work/alpha.txt.,/work/alpha.txt,/work/result_119.txt,2
W000,web_form,create,critical,not_persisted,Submit web-form operation create for record new1.,new1,value_0,3
W001,web_form,edit,major,wrong_destination,Submit web-form operation edit for record r1.,r1,value_1,3
W002,web_form,status,major,wrong_field,Submit web-form operation status for record r1.,r1,value_2,3
W003,web_form,delete,major,wrong_content,Submit web-form operation delete for record r1.,r1,value_3,3
W004,web_form,amount,major,partial_completion,Submit web-form operation amount for record r1.,r1,5,3
W005,web_form,compound,minor,format_noise,Submit web-form operation compound for record r1.,r1,value_5,4
W006,web_form,create,critical,wrong_object,Submit web-form operation create for record new1.,new1,value_6,3
W007,web_form,edit,critical,extra_side_effect,Submit web-form operation edit for record r1.,r1,value_7,3
W008,web_form,status,critical,not_persisted,Submit web-form operation status for record r1.,r1,value_8,3
W009,web_form,delete,major,wrong_destination,Submit web-form operation delete for record r1.,r1,value_9,3
W010,web_form,amount,major,wrong_field,Submit web-form operation amount for record r1.,r1,11,3
W011,web_form,compound,major,wrong_content,Submit web-form operation compound for record r1.,r1,value_11,4
W012,web_form,create,major,partial_completion,Submit web-form operation create for record new1.,new1,value_12,3
W013,web_form,edit,minor,format_noise,Submit web-form operation edit for record r1.,r1,value_13,3
W014,web_form,status,critical,wrong_object,Submit web-form operation status for record r1.,r1,value_14,3
W015,web_form,delete,critical,extra_side_effect,Submit web-form operation delete for record r1.,r1,value_15,3
W016,web_form,amount,critical,not_persisted,Submit web-form operation amount for record r1.,r1,17,3
W017,web_form,compound,major,wrong_destination,Submit web-form operation compound for record r1.,r1,value_17,4
W018,web_form,create,major,wrong_field,Submit web-form operation create for record new1.,new1,value_18,3
W019,web_form,edit,major,wrong_content,Submit web-form operation edit for record r1.,r1,value_19,3
W020,web_form,status,major,partial_completion,Submit web-form operation status for record r1.,r1,value_20,3
W021,web_form,delete,minor,format_noise,Submit web-form operation delete for record r1.,r1,value_21,3
W022,web_form,amount,critical,wrong_object,Submit web-form operation amount for record r1.,r1,23,3
W023,web_form,compound,critical,extra_side_effect,Submit web-form operation compound for record r1.,r1,value_23,4
W024,web_form,create,critical,not_persisted,Submit web-form operation create for record new1.,new1,value_24,3
W025,web_form,edit,major,wrong_destination,Submit web-form operation edit for record r1.,r1,value_25,3
W026,web_form,status,major,wrong_field,Submit web-form operation status for record r1.,r1,value_26,3
W027,web_form,delete,major,wrong_content,Submit web-form operation delete for record r1.,r1,value_27,3
W028,web_form,amount,major,partial_completion,Submit web-form operation amount for record r1.,r1,29,3
W029,web_form,compound,minor,format_noise,Submit web-form operation compound for record r1.,r1,value_29,4
W030,web_form,create,critical,wrong_object,Submit web-form operation create for record new1.,new1,value_30,3
W031,web_form,edit,critical,extra_side_effect,Submit web-form operation edit for record r1.,r1,value_31,3
W032,web_form,status,critical,not_persisted,Submit web-form operation status for record r1.,r1,value_32,3
W033,web_form,delete,major,wrong_destination,Submit web-form operation delete for record r1.,r1,value_33,3
W034,web_form,amount,major,wrong_field,Submit web-form operation amount for record r1.,r1,35,3
W035,web_form,compound,major,wrong_content,Submit web-form operation compound for record r1.,r1,value_35,4
W036,web_form,create,major,partial_completion,Submit web-form operation create for record new1.,new1,value_36,3
W037,web_form,edit,minor,format_noise,Submit web-form operation edit for record r1.,r1,value_37,3
W038,web_form,status,critical,wrong_object,Submit web-form operation status for record r1.,r1,value_38,3
W039,web_form,delete,critical,extra_side_effect,Submit web-form operation delete for record r1.,r1,value_39,3
W040,web_form,amount,critical,not_persisted,Submit web-form operation amount for record r1.,r1,41,3
W041,web_form,compound,major,wrong_destination,Submit web-form operation compound for record r1.,r1,value_41,4
W042,web_form,create,major,wrong_field,Submit web-form operation create for record new1.,new1,value_42,3
W043,web_form,edit,major,wrong_content,Submit web-form operation edit for record r1.,r1,value_43,3
W044,web_form,status,major,partial_completion,Submit web-form operation status for record r1.,r1,value_44,3
W045,web_form,delete,minor,format_noise,Submit web-form operation delete for record r1.,r1,value_45,3
W046,web_form,amount,critical,wrong_object,Submit web-form operation amount for record r1.,r1,47,3
W047,web_form,compound,critical,extra_side_effect,Submit web-form operation compound for record r1.,r1,value_47,4
W048,web_form,create,critical,not_persisted,Submit web-form operation create for record new1.,new1,value_48,3
W049,web_form,edit,major,wrong_destination,Submit web-form operation edit for record r1.,r1,value_49,3
W050,web_form,status,major,wrong_field,Submit web-form operation status for record r1.,r1,value_50,3
W051,web_form,delete,major,wrong_content,Submit web-form operation delete for record r1.,r1,value_51,3
W052,web_form,amount,major,partial_completion,Submit web-form operation amount for record r1.,r1,3,3
W053,web_form,compound,minor,format_noise,Submit web-form operation compound for record r1.,r1,value_53,4
W054,web_form,create,critical,wrong_object,Submit web-form operation create for record new1.,new1,value_54,3
W055,web_form,edit,critical,extra_side_effect,Submit web-form operation edit for record r1.,r1,value_55,3
W056,web_form,status,critical,not_persisted,Submit web-form operation status for record r1.,r1,value_56,3
W057,web_form,delete,major,wrong_destination,Submit web-form operation delete for record r1.,r1,value_57,3
W058,web_form,amount,major,wrong_field,Submit web-form operation amount for record r1.,r1,9,3
W059,web_form,compound,major,wrong_content,Submit web-form operation compound for record r1.,r1,value_59,4
W060,web_form,create,major,partial_completion,Submit web-form operation create for record new1.,new1,value_60,3
W061,web_form,edit,minor,format_noise,Submit web-form operation edit for record r1.,r1,value_61,3
W062,web_form,status,critical,wrong_object,Submit web-form operation status for record r1.,r1,value_62,3
W063,web_form,delete,critical,extra_side_effect,Submit web-form operation delete for record r1.,r1,value_63,3
W064,web_form,amount,critical,not_persisted,Submit web-form operation amount for record r1.,r1,15,3
W065,web_form,compound,major,wrong_destination,Submit web-form operation compound for record r1.,r1,value_65,4
W066,web_form,create,major,wrong_field,Submit web-form operation create for record new1.,new1,value_66,3
W067,web_form,edit,major,wrong_content,Submit web-form operation edit for record r1.,r1,value_67,3
W068,web_form,status,major,partial_completion,Submit web-form operation status for record r1.,r1,value_68,3
W069,web_form,delete,minor,format_noise,Submit web-form operation delete for record r1.,r1,value_69,3
W070,web_form,amount,critical,wrong_object,Submit web-form operation amount for record r1.,r1,21,3
W071,web_form,compound,critical,extra_side_effect,Submit web-form operation compound for record r1.,r1,value_71,4
W072,web_form,create,critical,not_persisted,Submit web-form operation create for record new1.,new1,value_72,3
W073,web_form,edit,major,wrong_destination,Submit web-form operation edit for record r1.,r1,value_73,3
W074,web_form,status,major,wrong_field,Submit web-form operation status for record r1.,r1,value_74,3
W075,web_form,delete,major,wrong_content,Submit web-form operation delete for record r1.,r1,value_75,3
W076,web_form,amount,major,partial_completion,Submit web-form operation amount for record r1.,r1,27,3
W077,web_form,compound,minor,format_noise,Submit web-form operation compound for record r1.,r1,value_77,4
W078,web_form,create,critical,wrong_object,Submit web-form operation create for record new1.,new1,value_78,3
W079,web_form,edit,critical,extra_side_effect,Submit web-form operation edit for record r1.,r1,value_79,3
W080,web_form,status,critical,not_persisted,Submit web-form operation status for record r1.,r1,value_80,3
W081,web_form,delete,major,wrong_destination,Submit web-form operation delete for record r1.,r1,value_81,3
W082,web_form,amount,major,wrong_field,Submit web-form operation amount for record r1.,r1,33,3
W083,web_form,compound,major,wrong_content,Submit web-form operation compound for record r1.,r1,value_83,4
W084,web_form,create,major,partial_completion,Submit web-form operation create for record new1.,new1,value_84,3
W085,web_form,edit,minor,format_noise,Submit web-form operation edit for record r1.,r1,value_85,3
W086,web_form,status,critical,wrong_object,Submit web-form operation status for record r1.,r1,value_86,3
W087,web_form,delete,critical,extra_side_effect,Submit web-form operation delete for record r1.,r1,value_87,3
W088,web_form,amount,critical,not_persisted,Submit web-form operation amount for record r1.,r1,39,3
W089,web_form,compound,major,wrong_destination,Submit web-form operation compound for record r1.,r1,value_89,4
W090,web_form,create,major,wrong_field,Submit web-form operation create for record new1.,new1,value_90,3
W091,web_form,edit,major,wrong_content,Submit web-form operation edit for record r1.,r1,value_91,3
W092,web_form,status,major,partial_completion,Submit web-form operation status for record r1.,r1,value_92,3
W093,web_form,delete,minor,format_noise,Submit web-form operation delete for record r1.,r1,value_93,3
W094,web_form,amount,critical,wrong_object,Submit web-form operation amount for record r1.,r1,45,3
W095,web_form,compound,critical,extra_side_effect,Submit web-form operation compound for record r1.,r1,value_95,4
W096,web_form,create,critical,not_persisted,Submit web-form operation create for record new1.,new1,value_96,3
W097,web_form,edit,major,wrong_destination,Submit web-form operation edit for record r1.,r1,value_97,3
W098,web_form,status,major,wrong_field,Submit web-form operation status for record r1.,r1,value_98,3
W099,web_form,delete,major,wrong_content,Submit web-form operation delete for record r1.,r1,value_99,3
W100,web_form,amount,major,partial_completion,Submit web-form operation amount for record r1.,r1,1,3
W101,web_form,compound,minor,format_noise,Submit web-form operation compound for record r1.,r1,value_101,4
W102,web_form,create,critical,wrong_object,Submit web-form operation create for record new1.,new1,value_102,3
W103,web_form,edit,critical,extra_side_effect,Submit web-form operation edit for record r1.,r1,value_103,3
W104,web_form,status,critical,not_persisted,Submit web-form operation status for record r1.,r1,value_104,3
W105,web_form,delete,major,wrong_destination,Submit web-form operation delete for record r1.,r1,value_105,3
W106,web_form,amount,major,wrong_field,Submit web-form operation amount for record r1.,r1,7,3
W107,web_form,compound,major,wrong_content,Submit web-form operation compound for record r1.,r1,value_107,4
W108,web_form,create,major,partial_completion,Submit web-form operation create for record new1.,new1,value_108,3
W109,web_form,edit,minor,format_noise,Submit web-form operation edit for record r1.,r1,value_109,3
W110,web_form,status,critical,wrong_object,Submit web-form operation status for record r1.,r1,value_110,3
W111,web_form,delete,critical,extra_side_effect,Submit web-form operation delete for record r1.,r1,value_111,3
W112,web_form,amount,critical,not_persisted,Submit web-form operation amount for record r1.,r1,13,3
W113,web_form,compound,major,wrong_destination,Submit web-form operation compound for record r1.,r1,value_113,4
W114,web_form,create,major,wrong_field,Submit web-form operation create for record new1.,new1,value_114,3
W115,web_form,edit,major,wrong_content,Submit web-form operation edit for record r1.,r1,value_115,3
W116,web_form,status,major,partial_completion,Submit web-form operation status for record r1.,r1,value_116,3
W117,web_form,delete,minor,format_noise,Submit web-form operation delete for record r1.,r1,value_117,3
W118,web_form,amount,critical,wrong_object,Submit web-form operation amount for record r1.,r1,19,3
W119,web_form,compound,critical,extra_side_effect,Submit web-form operation compound for record r1.,r1,value_119,4
