reference_policy,baseline_policy,metric,effect_label,positive_favors_reference,task_clusters,paired_trajectories,estimate,ci95_low,ci95_high,bootstrap_resamples,seed
C-SDVR-LLMRepair,NoCheck,final_success,success difference,1,40,240,0.070833333333,0.025000000000,0.133333333333,10000,20260714
C-SDVR-LLMRepair,NoCheck,final_residue,residue reduction,1,40,240,0.037500000000,0.008333333333,0.075000000000,10000,20260715
C-SDVR-LLMRepair,NoCheck,integrity_preserving_outcome,integrity-outcome difference,1,40,240,0.087500000000,0.029166666667,0.158333333333,10000,20260716
C-SDVR-LLMRepair,NoCheck,token_cost,token saving,1,40,240,-81.033333333333,-156.691666666667,-24.258333333333,10000,20260717
C-SDVR-LLMRepair,FinalReplay,final_success,success difference,1,40,240,0.037500000000,0.000000000000,0.095833333333,10000,20260814
C-SDVR-LLMRepair,FinalReplay,final_residue,residue reduction,1,40,240,0.016666666667,0.000000000000,0.037500000000,10000,20260815
C-SDVR-LLMRepair,FinalReplay,integrity_preserving_outcome,integrity-outcome difference,1,40,240,0.054166666667,0.008333333333,0.116666666667,10000,20260816
C-SDVR-LLMRepair,FinalReplay,token_cost,token saving,1,40,240,-16.308333333333,-40.950000000000,1.950000000000,10000,20260817
C-SDVR-LLMRepair,JudgeRepair,final_success,success difference,1,40,240,0.083333333333,0.029166666667,0.150000000000,10000,20260914
C-SDVR-LLMRepair,JudgeRepair,final_residue,residue reduction,1,40,240,0.054166666667,0.016666666667,0.104166666667,10000,20260915
C-SDVR-LLMRepair,JudgeRepair,integrity_preserving_outcome,integrity-outcome difference,1,40,240,0.100000000000,0.037500000000,0.175000000000,10000,20260916
C-SDVR-LLMRepair,JudgeRepair,token_cost,token saving,1,40,240,674.108333333333,560.591666666667,799.579166666667,10000,20260917
C-SDVR-LLMRepair,C-SDVR-OracleUpperBound,final_success,success difference,1,40,240,-0.016666666667,-0.045833333333,0.000000000000,10000,20261014
C-SDVR-LLMRepair,C-SDVR-OracleUpperBound,final_residue,residue reduction,1,40,240,0.000000000000,0.000000000000,0.000000000000,10000,20261015
C-SDVR-LLMRepair,C-SDVR-OracleUpperBound,integrity_preserving_outcome,integrity-outcome difference,1,40,240,0.000000000000,0.000000000000,0.000000000000,10000,20261016
C-SDVR-LLMRepair,C-SDVR-OracleUpperBound,token_cost,token saving,1,40,240,-81.033333333333,-155.333333333333,-24.429166666667,10000,20261017
