repository_files,file_size_bytes,mutation_width,runs,snapshot_bytes,rollback_bytes,verification_accuracy,rollback_success,mean_snapshot_ms,p95_snapshot_ms,mean_post_hash_ms,p95_post_hash_ms,mean_diff_ms,p95_diff_ms,mean_verification_ms,p95_verification_ms,mean_rollback_ms,p95_rollback_ms,mean_total_control_ms,p95_total_control_ms
50,1024,1,8,51255,1024,1.0,1.0,6.377677125,6.7142976999999995,6.06986975,6.3379373999999995,0.014921875,0.019828949999999998,0.002510625,0.005066349999999997,0.08144262499999999,0.11555164999999998,18.924474,19.88403565
50,1024,10,8,51255,10240,1.0,1.0,6.065937624999999,6.194789699999999,6.025052,6.170057999999999,0.013260375,0.014856349999999997,0.0025833749999999997,0.0031313499999999998,0.43265112499999997,0.47402084999999994,19.12193775,19.443596049999996
50,1024,50,8,51255,51200,1.0,1.0,6.087776249999999,6.230321049999999,6.151484625,6.32778805,0.015770625,0.018182999999999998,0.004843874999999999,0.00521885,1.9628021249999998,2.0308024,22.542583375,23.000304399999997
50,8192,1,8,409655,8192,1.0,1.0,6.638588374999999,7.5491478,6.2080934999999995,6.3341557,0.01294275,0.015374449999999998,0.001760375,0.0024728,0.0792605,0.09111295,19.240239624999997,20.388345949999998
50,8192,10,8,409655,81920,1.0,1.0,6.517348999999999,6.878098249999999,6.427604,6.984626649999999,0.0150155,0.018460199999999996,0.003021125,0.004733549999999999,0.5742707499999999,0.6373852,20.479703125,21.441497699999996
50,8192,50,8,409655,409600,1.0,1.0,6.5128073749999995,6.68757095,6.20289575,6.279472899999999,0.014286624999999999,0.016612599999999998,0.00480725,0.005208,2.045197875,2.2597978,23.613338624999997,24.194422799999998
250,1024,1,8,256056,1024,1.0,1.0,24.770166749999998,25.3607455,24.292713624999998,25.31305855,0.037682,0.0407999,0.002114875,0.0027357499999999995,0.10817175,0.1353182,73.4880155,75.02046885
250,1024,10,8,256056,10240,1.0,1.0,25.149385374999998,25.9300249,24.330515625,24.894273249999998,0.036614375,0.0431103,0.002948,0.003208,0.517109375,0.55443795,74.736448,76.1692523
250,1024,50,8,256056,51200,1.0,1.0,24.959125125,25.853866449999998,24.367661374999997,25.201951649999998,0.039406125,0.043811949999999995,0.00609925,0.006719199999999999,2.26345825,2.3488683,78.46165099999999,79.9524706
250,8192,1,8,2048056,8192,1.0,1.0,25.608156375,26.189864799999995,25.097505249999998,25.47526425,0.03866125,0.042022699999999996,0.00216675,0.00283125,0.12161975,0.13328935,75.966161375,77.1174295
250,8192,10,8,2048056,81920,1.0,1.0,27.802817875,36.88602499999999,26.03373975,29.244219299999997,0.03946875,0.04255385,0.0032865,0.0039647,0.6964635,0.8553249999999999,80.513244875,93.55826819999999
250,8192,50,8,2048056,409600,1.0,1.0,27.985093624999998,37.16634144999999,25.2743385,25.6042603,0.04476575,0.046756450000000005,0.006874875,0.007368749999999999,2.5831459999999997,2.8546210499999995,83.994343875,93.38994374999999
1000,1024,1,8,1024057,1024,1.0,1.0,84.563531375,85.41714199999998,84.04222399999999,85.432975,0.127073,0.13261699999999998,0.0020885,0.0031461499999999995,0.15455212499999998,0.16570635,253.14362,254.54160679999995
1000,1024,10,8,1024057,10240,1.0,1.0,85.55757262499999,89.61457444999999,84.221875,85.42379144999998,0.143203,0.19495799999999996,0.00375525,0.0043732499999999995,0.600854,0.6378517499999999,255.2150155,261.12862445
1000,1024,50,8,1024057,51200,1.0,1.0,85.003119625,86.14368705,84.258901,85.6158351,0.137135375,0.13927885,0.007599,0.0083751,2.4156822499999997,2.56041655,258.739676875,260.09703915
1000,8192,1,8,8192057,8192,1.0,1.0,88.497411625,89.58555229999999,86.890906125,88.2111001,0.12955187499999998,0.13675185,0.002218875,0.0026727,0.16270825,0.17569375,263.315380375,265.07565835
1000,8192,10,8,8192057,81920,1.0,1.0,88.44520825,90.25802675,86.69220825,87.16146875,0.130052125,0.1374273,0.00363025,0.00405395,0.758046875,1.1551373999999996,265.57154149999997,273.01789779999996
1000,8192,50,8,8192057,409600,1.0,1.0,89.002099,92.1824228,87.56576575,88.8212795,0.13828137499999998,0.1441067,0.007994625,0.00915975,3.0101665,3.4328977,270.40673949999996,275.1173728
2500,1024,1,8,2560057,1024,1.0,1.0,200.059385375,202.55451875,200.78452099999998,215.44493574999998,0.33312474999999997,0.3400204,0.00281775,0.004691449999999999,0.18055225,0.20373124999999997,599.775541375,615.06261645
2500,1024,10,8,2560057,10240,1.0,1.0,199.596755375,201.30092555,198.7562865,200.23434394999998,0.336869875,0.34637315,0.004171875,0.00459355,0.64293225,0.6836399,599.731880375,605.7436856499999
2500,1024,50,8,2560057,51200,1.0,1.0,200.334479,202.63545799999997,198.71279675,199.805,0.361031375,0.41048344999999997,0.008796624999999999,0.009508099999999998,2.5539636249999997,2.65655635,605.064156125,612.2473931999999
2500,8192,1,8,20480057,8192,1.0,1.0,208.17994775,210.5203602,206.717098875,211.53265174999999,0.33054687499999996,0.3430455,0.0024948749999999997,0.0033187499999999997,0.1925105,0.22766029999999998,621.1157446249999,627.14673135
2500,8192,10,8,20480057,81920,1.0,1.0,208.240260375,210.39046249999996,206.59379675,210.3314022,0.34084375,0.3548204,0.004260374999999999,0.005260649999999999,0.71968225,0.78004955,623.12681775,626.2404192
2500,8192,50,8,20480057,409600,1.0,1.0,208.4237345,209.47847335,206.165322875,208.63439585,0.343703,0.36367269999999996,0.008656375,0.0093183,2.7563437499999996,2.9106540499999998,629.13618775,636.4392398
