model,category,natural_error_type,count
deepseek-v4-flash,build,none,9
deepseek-v4-flash,ci,none,6
deepseek-v4-flash,ci-security,extra_side_effect,1
deepseek-v4-flash,ci-security,none,5
deepseek-v4-flash,compiler-configuration,none,3
deepseek-v4-flash,configuration,none,9
deepseek-v4-flash,configuration-migration,none,6
deepseek-v4-flash,dependency,extra_side_effect,1
deepseek-v4-flash,dependency,none,5
deepseek-v4-flash,executable-code-repair,none,25
deepseek-v4-flash,executable-code-repair,wrong_content,5
deepseek-v4-flash,multi-file-configuration,none,3
deepseek-v4-flash,release-maintenance,none,6
deepseek-v4-flash,repository-hygiene,none,3
deepseek-v4-flash,rule-based-configuration,none,9
deepseek-v4-flash,source-maintenance,extra_side_effect,1
deepseek-v4-flash,source-maintenance,none,14
deepseek-v4-flash,test-configuration,none,3
deepseek-v4-flash,tooling,none,6
deepseek-v4-pro,build,none,9
deepseek-v4-pro,ci,none,6
deepseek-v4-pro,ci-security,extra_side_effect,1
deepseek-v4-pro,ci-security,none,5
deepseek-v4-pro,compiler-configuration,none,3
deepseek-v4-pro,configuration,none,9
deepseek-v4-pro,configuration-migration,extra_side_effect,1
deepseek-v4-pro,configuration-migration,none,5
deepseek-v4-pro,dependency,extra_side_effect,2
deepseek-v4-pro,dependency,none,4
deepseek-v4-pro,executable-code-repair,non_persistence,1
deepseek-v4-pro,executable-code-repair,none,23
deepseek-v4-pro,executable-code-repair,wrong_content,6
deepseek-v4-pro,multi-file-configuration,none,3
deepseek-v4-pro,release-maintenance,none,6
deepseek-v4-pro,repository-hygiene,none,3
deepseek-v4-pro,rule-based-configuration,none,9
deepseek-v4-pro,source-maintenance,extra_side_effect,2
deepseek-v4-pro,source-maintenance,none,13
deepseek-v4-pro,test-configuration,none,3
deepseek-v4-pro,tooling,none,6
