repository_files,file_size_bytes,mutation_width,repeat,snapshot_ms,mutation_ms,post_hash_ms,diff_ms,verification_ms,rollback_ms,final_hash_ms,total_control_ms,snapshot_bytes,changed_bytes,rollback_bytes,diff_entries,verification_correct,rollback_success,state_hash
50,1024,1,0,6.631125,0.129958,5.925209,0.017499999999999998,0.006291,0.086084,7.104333,19.900499999999997,51255,1024,1024,1,True,True,3fcd8857eef9
50,1024,1,1,6.5522089999999995,0.132958,6.149166999999999,0.021082999999999998,0.0027919999999999998,0.122916,6.8723339999999995,19.853459,51255,1024,1024,1,True,True,3fcd8857eef9
50,1024,1,2,6.7590829999999995,0.13666699999999998,6.000624999999999,0.014457999999999999,0.001834,0.06970799999999999,6.3644169999999995,19.346792,51255,1024,1024,1,True,True,3fcd8857eef9
50,1024,1,3,6.549875,0.11491699999999999,5.891291,0.012875,0.001875,0.070084,5.723958,18.364874999999998,51255,1024,1024,1,True,True,3fcd8857eef9
50,1024,1,4,6.150125,0.096375,6.439583,0.015834,0.001875,0.101875,6.138541,18.944208,51255,1024,1024,1,True,True,3fcd8857eef9
50,1024,1,5,5.908583999999999,0.10095799999999999,6.143583,0.012542,0.0019169999999999999,0.078958,5.948333,18.194875,51255,1024,1024,1,True,True,3fcd8857eef9
50,1024,1,6,6.127333,0.088583,6.001666999999999,0.012457999999999999,0.0019169999999999999,0.061875,6.002041999999999,18.295875,51255,1024,1024,1,True,True,3fcd8857eef9
50,1024,1,7,6.343083,0.088125,6.007833,0.012624999999999999,0.001584,0.060041,5.981917,18.495207999999998,51255,1024,1024,1,True,True,3fcd8857eef9
50,1024,10,0,5.831542,0.549167,6.03175,0.013415999999999999,0.0026249999999999997,0.439084,5.956041,18.823625,51255,10240,10240,10,True,True,3fcd8857eef9
50,1024,10,1,6.048042,0.5405,5.978791999999999,0.012249999999999999,0.0024579999999999997,0.4225,6.050167,19.054709,51255,10240,10240,10,True,True,3fcd8857eef9
50,1024,10,2,6.1333329999999995,0.520917,5.872,0.012374999999999999,0.002833,0.416417,6.0337499999999995,18.991625,51255,10240,10240,10,True,True,3fcd8857eef9
50,1024,10,3,6.022666999999999,0.670125,5.909667,0.013583,0.0021249999999999997,0.410875,5.97,18.999042,51255,10240,10240,10,True,True,3fcd8857eef9
50,1024,10,4,6.037042,0.518625,6.1714579999999994,0.0135,0.002584,0.434666,5.884792,19.062666999999998,51255,10240,10240,10,True,True,3fcd8857eef9
50,1024,10,5,6.215249999999999,0.5221669999999999,6.0922909999999995,0.012374999999999999,0.002417,0.42716699999999996,6.015333,19.287,51255,10240,10240,10,True,True,3fcd8857eef9
50,1024,10,6,6.156791999999999,0.526166,5.976999999999999,0.013042,0.002333,0.41766699999999995,6.135917,19.228917,51255,10240,10240,10,True,True,3fcd8857eef9
50,1024,10,7,6.082833,0.743042,6.167458,0.015541999999999999,0.003292,0.49283299999999997,6.022917,19.527917,51255,10240,10240,10,True,True,3fcd8857eef9
50,1024,50,0,6.223875,2.416041,6.029209,0.014832999999999999,0.004791999999999999,1.930791,5.868167,22.487707999999998,51255,51200,51200,50,True,True,3fcd8857eef9
50,1024,50,1,6.130249999999999,2.351166,6.229042,0.016208,0.005042,1.9920419999999999,5.986958,22.710708,51255,51200,51200,50,True,True,3fcd8857eef9
50,1024,50,2,6.131125,2.356833,6.078583999999999,0.0155,0.0047079999999999995,1.885417,5.86325,22.335417,51255,51200,51200,50,True,True,3fcd8857eef9
50,1024,50,3,5.9660839999999995,2.2829159999999997,6.128,0.0135,0.004417,1.946208,5.972167,22.313292,51255,51200,51200,50,True,True,3fcd8857eef9
50,1024,50,4,5.964625,2.26775,6.150708,0.013666999999999999,0.004833,1.937292,5.876708,22.215583,51255,51200,51200,50,True,True,3fcd8857eef9
50,1024,50,5,6.085209,2.380375,6.05425,0.016541,0.0045839999999999995,1.956375,5.9070409999999995,22.404374999999998,51255,51200,51200,50,True,True,3fcd8857eef9
50,1024,50,6,5.96725,2.329625,6.380959,0.017207999999999998,0.005083,2.0393339999999998,5.985625,22.725084,51255,51200,51200,50,True,True,3fcd8857eef9
50,1024,50,7,6.233791999999999,2.6858329999999997,6.161124999999999,0.018708,0.005292,2.014958,6.028792,23.1485,51255,51200,51200,50,True,True,3fcd8857eef9
50,8192,1,0,7.977125,0.1485,6.219917,0.015666,0.00275,0.088459,6.446083,20.8985,409655,8192,8192,1,True,True,a572e8d8f289
50,8192,1,1,6.5232079999999995,0.107083,6.06525,0.013333999999999999,0.0017499999999999998,0.080541,6.0115,18.802666,409655,8192,8192,1,True,True,a572e8d8f289
50,8192,1,2,6.414209,0.118125,6.336416,0.010249999999999999,0.001375,0.074459,6.0638749999999995,19.018708999999998,409655,8192,8192,1,True,True,a572e8d8f289
50,8192,1,3,6.351792,0.10091699999999999,6.1184579999999995,0.014832999999999999,0.001584,0.077,6.294333,18.958917,409655,8192,8192,1,True,True,a572e8d8f289
50,8192,1,4,6.754333,0.117709,6.275791,0.012209,0.001583,0.074458,6.204834,19.440917,409655,8192,8192,1,True,True,a572e8d8f289
50,8192,1,5,6.231790999999999,0.095459,6.3299579999999995,0.012124999999999999,0.001958,0.07875,6.094334,18.844375,409655,8192,8192,1,True,True,a572e8d8f289
50,8192,1,6,6.186916,0.091417,6.243208,0.013417,0.001625,0.092542,6.179416,18.808540999999998,409655,8192,8192,1,True,True,a572e8d8f289
50,8192,1,7,6.669333,0.101334,6.075749999999999,0.011708,0.0014579999999999999,0.06787499999999999,6.221833999999999,19.149292,409655,8192,8192,1,True,True,a572e8d8f289
50,8192,10,0,6.988042,0.786708,6.554625,0.016292,0.003,0.581958,6.422499999999999,21.353125,409655,81920,81920,10,True,True,a572e8d8f289
50,8192,10,1,6.4541249999999994,0.6697919999999999,6.283875,0.019583,0.0029579999999999997,0.571875,6.101375,20.103583,409655,81920,81920,10,True,True,a572e8d8f289
50,8192,10,2,6.2528749999999995,0.628792,6.343999999999999,0.015290999999999999,0.002459,0.549125,6.253832999999999,20.046374999999998,409655,81920,81920,10,True,True,a572e8d8f289
50,8192,10,3,6.456709,0.660125,6.165291,0.013125,0.002709,0.654083,6.225207999999999,20.17725,409655,81920,81920,10,True,True,a572e8d8f289
50,8192,10,4,6.662958,0.653042,7.216165999999999,0.01375,0.002459,0.535458,6.40525,21.489082999999997,409655,81920,81920,10,True,True,a572e8d8f289
50,8192,10,5,6.673916999999999,0.657625,6.185833,0.013,0.002375,0.528125,6.352167,20.413042,409655,81920,81920,10,True,True,a572e8d8f289
50,8192,10,6,6.4709579999999995,0.70175,6.244167,0.012707999999999999,0.002542,0.567167,6.172708,20.172,409655,81920,81920,10,True,True,a572e8d8f289
50,8192,10,7,6.179208,0.6925,6.426875,0.016375,0.005667,0.606375,6.156167,20.083167,409655,81920,81920,10,True,True,a572e8d8f289
50,8192,50,0,6.3472919999999995,3.513333,6.236,0.017166999999999998,0.005208,2.137083,6.129542,24.385624999999997,409655,409600,409600,50,True,True,a572e8d8f289
50,8192,50,1,6.341542,2.5052909999999997,6.097709,0.014374999999999999,0.005,1.946958,6.115832999999999,23.026708,409655,409600,409600,50,True,True,a572e8d8f289
50,8192,50,2,6.5327079999999995,2.452667,6.275166,0.014084,0.0050409999999999995,1.992792,6.396999999999999,23.669458,409655,409600,409600,50,True,True,a572e8d8f289
50,8192,50,3,6.468999999999999,2.3110839999999997,6.1490409999999995,0.012624999999999999,0.004334,1.9585,6.369375,23.273958999999998,409655,409600,409600,50,True,True,a572e8d8f289
50,8192,50,4,6.5718749999999995,2.323417,6.1715,0.011791999999999999,0.004083,1.954667,6.309875,23.347209,409655,409600,409600,50,True,True,a572e8d8f289
50,8192,50,5,6.490875,2.46075,6.281791999999999,0.015583,0.005167,2.01275,6.357416,23.624333,409655,409600,409600,50,True,True,a572e8d8f289
50,8192,50,6,6.717874999999999,2.456708,6.217041999999999,0.015541999999999999,0.005208,2.032958,6.394,23.839333,409655,409600,409600,50,True,True,a572e8d8f289
50,8192,50,7,6.631291999999999,2.476917,6.194916,0.013125,0.004417,2.325875,6.093541999999999,23.740084,409655,409600,409600,50,True,True,a572e8d8f289
250,1024,1,0,24.670792,0.103125,23.7945,0.041208,0.003042,0.08570799999999999,23.972082999999998,72.670458,256056,1024,1024,1,True,True,d00ae2376966
250,1024,1,1,24.673541999999998,0.124917,24.129749999999998,0.035290999999999996,0.001959,0.104583,24.33525,73.405292,256056,1024,1024,1,True,True,d00ae2376966
250,1024,1,2,24.666833999999998,0.11708299999999999,23.914292,0.036541,0.001792,0.08270799999999999,23.839125,72.65837499999999,256056,1024,1024,1,True,True,d00ae2376966
250,1024,1,3,24.337708,0.110375,24.369875,0.037792,0.0020829999999999998,0.106084,24.096415999999998,73.060333,256056,1024,1024,1,True,True,d00ae2376966
250,1024,1,4,25.214333,0.134708,24.743875,0.040042,0.002167,0.120333,24.24,74.495458,256056,1024,1024,1,True,True,d00ae2376966
250,1024,1,5,24.581374999999998,0.111833,23.919667,0.035833,0.001875,0.09658399999999999,23.743416,72.490583,256056,1024,1024,1,True,True,d00ae2376966
250,1024,1,6,24.577167,0.11212499999999999,23.850208,0.036333,0.002042,0.132583,25.11,73.820458,256056,1024,1024,1,True,True,d00ae2376966
250,1024,1,7,25.439583,0.13766699999999998,25.619542,0.038416,0.001959,0.136791,23.929209,75.303167,256056,1024,1024,1,True,True,d00ae2376966
250,1024,10,0,26.105957999999998,0.6093339999999999,24.288,0.034124999999999996,0.002791,0.524042,24.0125,75.57674999999999,256056,10240,10240,10,True,True,d00ae2376966
250,1024,10,1,24.283209,0.6147079999999999,24.187041999999998,0.035415999999999996,0.003084,0.47370799999999996,23.692083,73.28925,256056,10240,10240,10,True,True,d00ae2376966
250,1024,10,2,24.702083,0.6728339999999999,24.223833,0.032792,0.002833,0.513958,23.671542,73.819875,256056,10240,10240,10,True,True,d00ae2376966
250,1024,10,3,25.336458999999998,0.6832079999999999,25.109917,0.04575,0.003208,0.562167,24.747583,76.488292,256056,10240,10240,10,True,True,d00ae2376966
250,1024,10,4,25.603292,0.581083,24.012708,0.033125,0.002917,0.504292,24.336582999999997,75.074,256056,10240,10240,10,True,True,d00ae2376966
250,1024,10,5,24.958458,0.6291669999999999,24.20075,0.038208,0.003208,0.540084,23.971375,74.34125,256056,10240,10240,10,True,True,d00ae2376966
250,1024,10,6,25.278707999999998,0.636334,24.128083,0.036083,0.0028339999999999997,0.505916,24.207834,74.79579199999999,256056,10240,10240,10,True,True,d00ae2376966
250,1024,10,7,24.926916,0.638917,24.493792,0.037416,0.002709,0.5127079999999999,23.893917,74.50637499999999,256056,10240,10240,10,True,True,d00ae2376966
250,1024,50,0,24.706,2.516667,24.597749999999998,0.044541,0.006584,2.3410409999999997,24.178084,78.390667,256056,51200,51200,50,True,True,d00ae2376966
250,1024,50,1,24.781541999999998,2.4604999999999997,24.011208,0.04,0.00575,2.311292,24.237875,77.84816699999999,256056,51200,51200,50,True,True,d00ae2376966
250,1024,50,2,24.440624999999997,2.686541,24.332708999999998,0.037166,0.006209,2.274666,23.943749999999998,77.721666,256056,51200,51200,50,True,True,d00ae2376966
250,1024,50,3,26.290958,2.426167,23.934915999999998,0.035917,0.005542,2.231,24.194291,79.118791,256056,51200,51200,50,True,True,d00ae2376966
250,1024,50,4,25.042125,2.4906669999999997,24.246375,0.042457999999999996,0.006791999999999999,2.338625,24.157999999999998,78.325042,256056,51200,51200,50,True,True,d00ae2376966
250,1024,50,5,24.557624999999998,2.919791,24.169292,0.034666999999999996,0.005582999999999999,2.094667,24.113291,77.894916,256056,51200,51200,50,True,True,d00ae2376966
250,1024,50,6,24.972459,2.62825,25.527290999999998,0.042249999999999996,0.006333999999999999,2.353083,24.871707999999998,80.401375,256056,51200,51200,50,True,True,d00ae2376966
250,1024,50,7,24.881667,2.38975,24.12175,0.03825,0.006,2.1632919999999998,24.391875,77.992584,256056,51200,51200,50,True,True,d00ae2376966
250,8192,1,0,25.243499999999997,0.133791,25.181666999999997,0.042707999999999996,0.002875,0.10925,24.8985,75.612291,2048056,8192,8192,1,True,True,7c81ef0feec7
250,8192,1,1,25.648249999999997,0.112041,24.936334,0.039416,0.00275,0.117542,24.957292,75.813625,2048056,8192,8192,1,True,True,7c81ef0feec7
250,8192,1,2,25.218249999999998,0.127167,25.196875,0.039958,0.001875,0.128833,24.676624999999998,75.389583,2048056,8192,8192,1,True,True,7c81ef0feec7
250,8192,1,3,25.457458,0.120459,24.618916,0.038167,0.0019169999999999999,0.111041,24.94625,75.294208,2048056,8192,8192,1,True,True,7c81ef0feec7
250,8192,1,4,25.259166999999998,0.11258299999999999,24.999416999999998,0.04075,0.002166,0.129709,25.009290999999997,75.553083,2048056,8192,8192,1,True,True,7c81ef0feec7
250,8192,1,5,25.793834,0.133666,24.938042,0.03575,0.001833,0.110292,24.997999999999998,76.011417,2048056,8192,8192,1,True,True,7c81ef0feec7
250,8192,1,6,26.347292,0.125292,25.523958,0.034207999999999995,0.001834,0.133625,25.160957999999997,77.327167,2048056,8192,8192,1,True,True,7c81ef0feec7
250,8192,1,7,25.897499999999997,0.140084,25.384833,0.038333,0.002084,0.132666,25.132417,76.72791699999999,2048056,8192,8192,1,True,True,7c81ef0feec7
250,8192,10,0,25.596584,0.964708,25.136416999999998,0.040291,0.0036669999999999997,0.7084579999999999,25.069958999999997,77.520084,2048056,81920,81920,10,True,True,7c81ef0feec7
250,8192,10,1,25.786583,0.677875,26.364041999999998,0.041416999999999995,0.003083,0.637833,24.949749999999998,78.460583,2048056,81920,81920,10,True,True,7c81ef0feec7
250,8192,10,2,42.83725,1.670666,30.795084,0.043165999999999996,0.004125,0.614792,25.722707999999997,101.68779099999999,2048056,81920,81920,10,True,True,7c81ef0feec7
250,8192,10,3,25.302291999999998,0.643666,25.629292,0.039917,0.003375,0.797958,25.067916999999998,77.484417,2048056,81920,81920,10,True,True,7c81ef0feec7
250,8192,10,4,25.797458,0.638083,24.813541999999998,0.03875,0.003375,0.54125,24.920792,76.75325,2048056,81920,81920,10,True,True,7c81ef0feec7
250,8192,10,5,25.83375,0.717417,25.047874999999998,0.037917,0.0031249999999999997,0.8835,24.978416,77.502,2048056,81920,81920,10,True,True,7c81ef0feec7
250,8192,10,6,25.581334,0.643,25.233333,0.036792,0.002708,0.584917,24.6995,76.781584,2048056,81920,81920,10,True,True,7c81ef0feec7
250,8192,10,7,25.687292,0.667708,25.250332999999998,0.0375,0.0028339999999999997,0.8029999999999999,25.467582999999998,77.91624999999999,2048056,81920,81920,10,True,True,7c81ef0feec7
250,8192,50,0,25.425791,3.2478339999999997,25.04,0.045916,0.007124999999999999,2.8387499999999997,24.740667,81.346083,2048056,409600,409600,50,True,True,7c81ef0feec7
250,8192,50,1,42.812833,2.949375,25.259417,0.0445,0.006875,2.34575,25.5365,98.95524999999999,2048056,409600,409600,50,True,True,7c81ef0feec7
250,8192,50,2,25.771834,3.163583,25.431708,0.045542,0.006833,2.5607919999999997,24.554292,81.534584,2048056,409600,409600,50,True,True,7c81ef0feec7
250,8192,50,3,25.910874999999997,3.0193749999999997,25.611625,0.043667,0.006417,2.4492499999999997,25.448625,82.489834,2048056,409600,409600,50,True,True,7c81ef0feec7
250,8192,50,4,26.68,3.03675,25.590583,0.047209,0.0075,2.5339579999999997,25.158375,83.054375,2048056,409600,409600,50,True,True,7c81ef0feec7
250,8192,50,5,25.870375,3.344041,25.306041999999998,0.045417,0.006541,2.494459,24.907125,81.97399999999999,2048056,409600,409600,50,True,True,7c81ef0feec7
250,8192,50,6,25.838333,2.9288749999999997,25.049916999999997,0.045125,0.0067079999999999996,2.579042,24.87325,81.32124999999999,2048056,409600,409600,50,True,True,7c81ef0feec7
250,8192,50,7,25.570708,2.882417,24.905416,0.04075,0.006999999999999999,2.863167,25.009916999999998,81.279375,2048056,409600,409600,50,True,True,7c81ef0feec7
1000,1024,1,0,84.588459,0.15237499999999998,83.770916,0.125,0.003584,0.148125,83.426458,252.21491699999999,1024057,1024,1024,1,True,True,d18d9f363684
1000,1024,1,1,85.80966699999999,0.156375,83.54083299999999,0.121625,0.002,0.148833,83.597709,253.377042,1024057,1024,1024,1,True,True,d18d9f363684
1000,1024,1,2,84.68816699999999,0.16716599999999998,83.273084,0.12625,0.0017909999999999998,0.155709,83.70608299999999,252.11825,1024057,1024,1024,1,True,True,d18d9f363684
1000,1024,1,3,84.515875,0.154916,84.288,0.132792,0.0017499999999999998,0.150333,84.446084,253.68974999999998,1024057,1024,1024,1,True,True,d18d9f363684
1000,1024,1,4,84.45441699999999,0.164708,86.0495,0.132292,0.002333,0.167792,83.755292,254.72633399999998,1024057,1024,1024,1,True,True,d18d9f363684
1000,1024,1,5,84.11895799999999,0.166875,84.097292,0.122958,0.0017499999999999998,0.150084,83.63854099999999,252.296458,1024057,1024,1024,1,True,True,d18d9f363684
1000,1024,1,6,83.68933299999999,0.1535,83.894667,0.12475,0.0016669999999999999,0.15370799999999998,84.510042,252.52766699999998,1024057,1024,1024,1,True,True,d18d9f363684
1000,1024,1,7,84.64337499999999,0.17091699999999999,83.42349999999999,0.130917,0.001833,0.161833,85.666167,254.19854199999997,1024057,1024,1024,1,True,True,d18d9f363684
1000,1024,10,0,84.8745,0.7445839999999999,84.018875,0.128125,0.003333,0.628833,83.06075,253.45899999999997,1024057,10240,10240,10,True,True,d18d9f363684
1000,1024,10,1,83.97679099999999,0.674875,83.92483399999999,0.220333,0.004417,0.574583,83.449833,252.82566599999998,1024057,10240,10240,10,True,True,d18d9f363684
1000,1024,10,2,85.035208,0.719542,84.43849999999999,0.147833,0.004292,0.642708,84.719083,255.707166,1024057,10240,10240,10,True,True,d18d9f363684
1000,1024,10,3,91.978416,0.710334,85.95433299999999,0.133292,0.003916,0.614625,84.408875,263.803791,1024057,10240,10240,10,True,True,d18d9f363684
1000,1024,10,4,84.96883299999999,0.642084,83.94624999999999,0.130083,0.0039169999999999995,0.6034999999999999,83.557833,253.8525,1024057,10240,10240,10,True,True,d18d9f363684
1000,1024,10,5,83.946375,0.6422089999999999,83.712625,0.1275,0.003333,0.5726249999999999,83.064042,252.06870899999998,1024057,10240,10240,10,True,True,d18d9f363684
1000,1024,10,6,85.224583,0.651917,84.138333,0.134875,0.0034999999999999996,0.587167,85.42008299999999,256.160458,1024057,10240,10240,10,True,True,d18d9f363684
1000,1024,10,7,84.45587499999999,0.6856669999999999,83.64125,0.123583,0.0033339999999999997,0.582791,84.35033399999999,253.84283399999998,1024057,10240,10240,10,True,True,d18d9f363684
1000,1024,50,0,84.45837499999999,2.7445,83.626167,0.139541,0.008667,2.575875,83.811708,257.364833,1024057,51200,51200,50,True,True,d18d9f363684
1000,1024,50,1,84.20516599999999,3.024542,83.762958,0.13716699999999998,0.007541999999999999,2.477708,84.115875,257.730958,1024057,51200,51200,50,True,True,d18d9f363684
1000,1024,50,2,85.496917,2.819375,84.37925,0.13766699999999998,0.006958,2.290583,83.811959,258.942709,1024057,51200,51200,50,True,True,d18d9f363684
1000,1024,50,3,84.112083,2.6381669999999997,84.040083,0.134625,0.0075,2.531708,83.521125,256.98529099999996,1024057,51200,51200,50,True,True,d18d9f363684
1000,1024,50,4,86.336333,2.6181669999999997,84.20949999999999,0.136291,0.00775,2.3190839999999997,84.531791,260.158916,1024057,51200,51200,50,True,True,d18d9f363684
1000,1024,50,5,83.943542,2.6472499999999997,86.265041,0.138792,0.0075,2.4278329999999997,84.14491699999999,259.57487499999996,1024057,51200,51200,50,True,True,d18d9f363684
1000,1024,50,6,85.785916,2.82075,83.378042,0.13633299999999998,0.007042,2.308792,84.740833,259.177708,1024057,51200,51200,50,True,True,d18d9f363684
1000,1024,50,7,85.68662499999999,2.864,84.410167,0.13666699999999998,0.007833,2.393875,84.482958,259.982125,1024057,51200,51200,50,True,True,d18d9f363684
1000,8192,1,0,89.58,1.5771249999999999,86.7135,0.125458,0.002833,0.16374999999999998,87.544917,265.707583,8192057,8192,8192,1,True,True,25201c413e6a
1000,8192,1,1,88.866208,0.169292,87.496208,0.122042,0.002,0.156167,87.08574999999999,263.897667,8192057,8192,8192,1,True,True,25201c413e6a
1000,8192,1,2,87.916417,0.158125,86.396667,0.13466599999999998,0.002209,0.16991599999999998,87.41304199999999,262.191042,8192057,8192,8192,1,True,True,25201c413e6a
1000,8192,1,3,88.659084,0.16624999999999998,86.076458,0.126333,0.001959,0.171208,87.60116699999999,262.802459,8192057,8192,8192,1,True,True,25201c413e6a
1000,8192,1,4,89.58854199999999,0.174125,86.67245799999999,0.13433299999999998,0.002375,0.176875,87.070334,263.81904199999997,8192057,8192,8192,1,True,True,25201c413e6a
1000,8192,1,5,88.380333,0.191792,86.799375,0.1275,0.0021249999999999997,0.156166,87.256125,262.913416,8192057,8192,8192,1,True,True,25201c413e6a
1000,8192,1,6,87.614417,0.18125,86.376541,0.137875,0.0021249999999999997,0.13408399999999998,86.843458,261.28974999999997,8192057,8192,8192,1,True,True,25201c413e6a
1000,8192,1,7,87.374292,0.15025,88.596042,0.128208,0.0021249999999999997,0.1735,87.477667,263.902084,8192057,8192,8192,1,True,True,25201c413e6a
1000,8192,10,0,87.76041699999999,1.107666,86.38687499999999,0.137792,0.003833,0.693209,86.733791,262.823583,8192057,81920,81920,10,True,True,25201c413e6a
1000,8192,10,1,88.53,0.92875,87.158625,0.13674999999999998,0.003583,1.368958,88.24479199999999,266.37145799999996,8192057,81920,81920,10,True,True,25201c413e6a
1000,8192,10,2,88.254375,0.7741669999999999,86.926041,0.13616699999999998,0.0036249999999999998,0.648875,99.8535,276.59675,8192057,81920,81920,10,True,True,25201c413e6a
1000,8192,10,3,90.27758299999999,0.740333,85.89958399999999,0.130458,0.004,0.652708,86.52291699999999,264.227583,8192057,81920,81920,10,True,True,25201c413e6a
1000,8192,10,4,87.26275,0.702125,86.925333,0.130042,0.004083,0.659875,87.462209,263.146417,8192057,81920,81920,10,True,True,25201c413e6a
1000,8192,10,5,88.126875,0.716375,86.58483299999999,0.13225,0.003459,0.6236659999999999,87.624417,263.811875,8192057,81920,81920,10,True,True,25201c413e6a
1000,8192,10,6,90.22170799999999,0.9375,86.493375,0.121458,0.003292,0.659042,87.226916,265.663291,8192057,81920,81920,10,True,True,25201c413e6a
1000,8192,10,7,87.12795799999999,0.715583,87.163,0.11549999999999999,0.0031669999999999997,0.758042,86.048125,261.931375,8192057,81920,81920,10,True,True,25201c413e6a
1000,8192,50,0,87.649,3.212083,87.85716699999999,0.133125,0.007625,2.6760409999999997,87.172292,268.707333,8192057,409600,409600,50,True,True,25201c413e6a
1000,8192,50,1,88.25970799999999,3.069709,88.458125,0.13175,0.0072499999999999995,3.552583,86.73866699999999,270.217792,8192057,409600,409600,50,True,True,25201c413e6a
1000,8192,50,2,88.066375,3.25175,87.153708,0.144792,0.00775,3.205583,86.15575,267.985708,8192057,409600,409600,50,True,True,25201c413e6a
1000,8192,50,3,87.075,3.251,86.814959,0.1425,0.008916,3.210625,89.343625,269.84662499999996,8192057,409600,409600,50,True,True,25201c413e6a
1000,8192,50,4,92.80675,3.5974999999999997,88.476292,0.137208,0.007917,3.0400829999999996,87.7085,275.77425,8192057,409600,409600,50,True,True,25201c413e6a
1000,8192,50,5,91.022958,3.490583,89.007042,0.140042,0.0075,2.770416,87.458917,273.897458,8192057,409600,409600,50,True,True,25201c413e6a
1000,8192,50,6,88.27291699999999,3.36775,86.604958,0.142834,0.009290999999999999,2.8517919999999997,87.065958,268.3155,8192057,409600,409600,50,True,True,25201c413e6a
1000,8192,50,7,88.86408399999999,3.224583,86.153875,0.13399999999999998,0.007708,2.774209,87.350791,268.50925,8192057,409600,409600,50,True,True,25201c413e6a
2500,1024,1,0,199.975334,0.168375,197.42999999999998,0.33316599999999996,0.0034999999999999996,0.172042,197.583125,595.665542,2560057,1024,1024,1,True,True,5ab6805308ab
2500,1024,1,1,200.08904199999998,0.18370799999999998,223.877792,0.341916,0.00225,0.176917,197.308333,621.979958,2560057,1024,1024,1,True,True,5ab6805308ab
2500,1024,1,2,197.755958,0.16758299999999998,196.13145899999998,0.323208,0.005333,0.165792,200.12525,594.674583,2560057,1024,1024,1,True,True,5ab6805308ab
2500,1024,1,3,199.137708,0.180833,197.07399999999998,0.33649999999999997,0.002084,0.19649999999999998,197.27570799999998,594.2033329999999,2560057,1024,1024,1,True,True,5ab6805308ab
2500,1024,1,4,203.763375,0.198291,199.783917,0.334875,0.002,0.207625,197.926042,602.2161249999999,2560057,1024,1024,1,True,True,5ab6805308ab
2500,1024,1,5,199.893708,0.207417,196.87562499999999,0.328625,0.003083,0.169792,200.29608299999998,597.774333,2560057,1024,1024,1,True,True,5ab6805308ab
2500,1024,1,6,199.550458,0.174292,197.3345,0.330916,0.0023339999999999997,0.178375,198.31379099999998,595.8846659999999,2560057,1024,1024,1,True,True,5ab6805308ab
2500,1024,1,7,200.30949999999999,0.186416,197.76887499999998,0.335792,0.001958,0.177375,197.02587499999998,595.805791,2560057,1024,1024,1,True,True,5ab6805308ab
2500,1024,10,0,198.659875,0.8652909999999999,200.53395899999998,0.331291,0.004042,0.658708,197.714375,598.7675409999999,2560057,10240,10240,10,True,True,5ab6805308ab
2500,1024,10,1,199.140917,0.708375,198.989417,0.34316599999999997,0.004458999999999999,0.663083,201.547042,601.3964589999999,2560057,10240,10240,10,True,True,5ab6805308ab
2500,1024,10,2,199.42345799999998,0.8278749999999999,198.39429199999998,0.341792,0.004666,0.694709,198.34770799999998,598.0345,2560057,10240,10240,10,True,True,5ab6805308ab
2500,1024,10,3,200.04079199999998,0.7152499999999999,199.014333,0.347875,0.004458,0.639709,197.372333,598.1347499999999,2560057,10240,10240,10,True,True,5ab6805308ab
2500,1024,10,4,199.72825,0.702666,199.384875,0.329167,0.004167,0.619208,207.31616699999998,608.0844999999999,2560057,10240,10240,10,True,True,5ab6805308ab
2500,1024,10,5,198.727792,0.884625,197.273875,0.339792,0.0043749999999999995,0.657916,198.596834,596.4852089999999,2560057,10240,10240,10,True,True,5ab6805308ab
2500,1024,10,6,201.979459,0.693291,196.781625,0.343584,0.003375,0.6210829999999999,199.30766699999998,599.7300839999999,2560057,10240,10240,10,True,True,5ab6805308ab
2500,1024,10,7,199.0735,0.65225,199.67791599999998,0.31829199999999996,0.003833,0.589042,196.907167,597.222,2560057,10240,10240,10,True,True,5ab6805308ab
2500,1024,50,0,199.28574999999998,2.8384579999999997,199.017542,0.367042,0.009041,2.590875,198.106042,602.21475,2560057,51200,51200,50,True,True,5ab6805308ab
2500,1024,50,1,202.38845799999999,13.368542,198.41508299999998,0.36316699999999996,0.009290999999999999,2.678417,198.442958,615.6659159999999,2560057,51200,51200,50,True,True,5ab6805308ab
2500,1024,50,2,199.309416,3.315625,199.99837499999998,0.333959,0.00775,2.594916,199.06775,604.627791,2560057,51200,51200,50,True,True,5ab6805308ab
2500,1024,50,3,199.561042,2.840208,197.95345799999998,0.351584,0.008791,2.4874169999999998,199.83054199999998,603.033042,2560057,51200,51200,50,True,True,5ab6805308ab
2500,1024,50,4,198.82008299999998,2.778917,199.445875,0.353541,0.008499999999999999,2.4823749999999998,199.63537499999998,603.524666,2560057,51200,51200,50,True,True,5ab6805308ab
2500,1024,50,5,202.76845799999998,3.171042,198.276458,0.43387499999999996,0.009625,2.5473339999999998,198.691916,605.8987079999999,2560057,51200,51200,50,True,True,5ab6805308ab
2500,1024,50,6,200.007,2.8597919999999997,197.777292,0.351041,0.008291999999999999,2.615958,198.15266699999998,601.7720419999999,2560057,51200,51200,50,True,True,5ab6805308ab
2500,1024,50,7,200.53562499999998,2.798084,198.818291,0.334042,0.009082999999999999,2.434417,198.846792,603.776334,2560057,51200,51200,50,True,True,5ab6805308ab
2500,8192,1,0,207.88691699999998,0.187583,212.258333,0.32020899999999997,0.0036249999999999998,0.17825,204.521416,625.356333,20480057,8192,8192,1,True,True,7af9ef3bec0e
2500,8192,1,1,207.666,0.18120899999999998,210.184958,0.343833,0.002209,0.188,203.077291,621.6435,20480057,8192,8192,1,True,True,7af9ef3bec0e
2500,8192,1,2,207.010583,0.198875,203.93975,0.326833,0.002459,0.19824999999999998,207.02291599999998,618.699666,20480057,8192,8192,1,True,True,7af9ef3bec0e
2500,8192,1,3,207.036083,0.190625,205.96975,0.34158299999999997,0.002542,0.237125,205.42720799999998,619.204916,20480057,8192,8192,1,True,True,7af9ef3bec0e
2500,8192,1,4,209.7685,0.32229199999999997,204.19258299999998,0.33349999999999996,0.002208,0.176334,205.213833,620.00925,20480057,8192,8192,1,True,True,7af9ef3bec0e
2500,8192,1,5,208.912541,0.202709,207.71599999999998,0.327125,0.00275,0.174,203.81074999999998,621.1458749999999,20480057,8192,8192,1,True,True,7af9ef3bec0e
2500,8192,1,6,206.23375,0.204375,203.568875,0.331125,0.0020829999999999998,0.178042,204.237375,614.755625,20480057,8192,8192,1,True,True,7af9ef3bec0e
2500,8192,1,7,210.925208,0.27299999999999996,205.906542,0.320167,0.0020829999999999998,0.210083,210.47370899999999,628.110792,20480057,8192,8192,1,True,True,7af9ef3bec0e
2500,8192,10,0,208.043125,0.933292,211.07575,0.332125,0.003583,0.7233339999999999,205.797083,626.908292,20480057,81920,81920,10,True,True,7af9ef3bec0e
2500,8192,10,1,207.173542,0.800167,205.142875,0.360041,0.0045839999999999995,0.7260409999999999,210.53924999999998,624.7465,20480057,81920,81920,10,True,True,7af9ef3bec0e
2500,8192,10,2,207.606708,0.887917,206.458417,0.32849999999999996,0.0041659999999999996,0.6862499999999999,204.82804199999998,620.8,20480057,81920,81920,10,True,True,7af9ef3bec0e
2500,8192,10,3,210.67475,0.786709,205.97016599999998,0.336125,0.0034999999999999996,0.7057089999999999,206.523125,625.000084,20480057,81920,81920,10,True,True,7af9ef3bec0e
2500,8192,10,4,208.50104199999998,0.7813329999999999,205.29999999999998,0.34512499999999996,0.004,0.6925,206.689167,622.313167,20480057,81920,81920,10,True,True,7af9ef3bec0e
2500,8192,10,5,206.35395799999998,0.802292,204.33291599999998,0.342584,0.0042499999999999994,0.727291,205.782042,618.345333,20480057,81920,81920,10,True,True,7af9ef3bec0e
2500,8192,10,6,209.86249999999998,0.844,205.521208,0.342167,0.005625,0.808458,205.172083,622.5560409999999,20480057,81920,81920,10,True,True,7af9ef3bec0e
2500,8192,10,7,207.706458,0.8049999999999999,208.949042,0.34008299999999997,0.0043749999999999995,0.687875,205.85229199999998,624.3451249999999,20480057,81920,81920,10,True,True,7af9ef3bec0e
2500,8192,50,0,208.30820799999998,3.508292,204.591375,0.340625,0.007708,2.7308339999999998,205.777166,625.2642079999999,20480057,409600,409600,50,True,True,7af9ef3bec0e
2500,8192,50,1,207.98429199999998,3.213333,208.337834,0.331791,0.008499999999999999,2.9753749999999997,207.006834,629.8579589999999,20480057,409600,409600,50,True,True,7af9ef3bec0e
2500,8192,50,2,207.637,15.174334,208.794083,0.364708,0.008209,2.765041,205.097792,639.8411669999999,20480057,409600,409600,50,True,True,7af9ef3bec0e
2500,8192,50,3,208.97475,3.201291,204.89775,0.36174999999999996,0.008459,2.7904579999999997,207.39024999999998,627.6247079999999,20480057,409600,409600,50,True,True,7af9ef3bec0e
2500,8192,50,4,207.18574999999998,3.303458,204.49891699999998,0.33841699999999997,0.009290999999999999,2.6436669999999998,206.246917,624.226417,20480057,409600,409600,50,True,True,7af9ef3bec0e
2500,8192,50,5,209.749709,3.5996249999999996,205.161666,0.339875,0.009167,2.6705419999999997,205.64175,627.172334,20480057,409600,409600,50,True,True,7af9ef3bec0e
2500,8192,50,6,208.65525,3.203959,206.475,0.340708,0.009333,2.773792,207.523292,628.981334,20480057,409600,409600,50,True,True,7af9ef3bec0e
2500,8192,50,7,208.894917,3.158333,206.565958,0.33175,0.008584,2.701041,208.460792,630.121375,20480057,409600,409600,50,True,True,7af9ef3bec0e
