trajectory_id,task_id,category,model,repeat,policy,initial_success,initial_target_satisfied,initial_residue,initial_error_type,initial_exec_ok,initial_exec_error,initial_changed_paths,initial_residue_paths,final_success,final_target_satisfied,final_residue,final_residue_paths,integrity_preserving_outcome,safe_stop,repair_trigger,rollback_trigger,repair_success,unnecessary_repair,repair_induced_side_effect,judge_false_success,judge_false_alarm,rollback_paths,rollback_bytes,token_cost,call_count,invalid_initial_json,invalid_repair_json,invalid_judge_json,initial_action_hash,initial_action_json,repair_action_hash,repair_action_json,judge_hash,judge_json,repair_exec_error,before_state_hash,post_state_hash,final_state_hash,oracle_version,action_prompt_version,judge_prompt_version,sampling_temperature,endpoint_host,request_started_utc,wall_clock_ms
deepseek-v4-flash:repo_01_pyproject_version:r0,repo_01_pyproject_version,configuration,deepseek-v4-flash,0,C-SDVR-LLMRepair,True,True,False,none,True,none,1,0,True,True,False,0,True,False,False,False,False,False,False,False,False,0,0,367,1,False,False,False,d3860d47c70c,"{""actions"": [{""content"": ""[project]\nname = \""demo\""\nversion = \""1.3.0\""\n"", ""op"": ""write"", ""path"": ""pyproject.toml""}]}",,,,,none,da5390e16081,ea3e53a009e9,ea3e53a009e9,repo-semantic-state-v1,ase-repo-action-v6.0,ase-repo-judge-v6.0,0.7,api.deepseek.com,2026-07-13T16:55:20.589849+00:00,83.511
deepseek-v4-flash:repo_01_pyproject_version:r0,repo_01_pyproject_version,configuration,deepseek-v4-flash,0,C-SDVR-OracleUpperBound,True,True,False,none,True,none,1,0,True,True,False,0,True,False,False,False,False,False,False,False,False,0,0,367,1,False,False,False,d3860d47c70c,"{""actions"": [{""content"": ""[project]\nname = \""demo\""\nversion = \""1.3.0\""\n"", ""op"": ""write"", ""path"": ""pyproject.toml""}]}",,,,,none,da5390e16081,ea3e53a009e9,ea3e53a009e9,repo-semantic-state-v1,ase-repo-action-v6.0,ase-repo-judge-v6.0,0.7,api.deepseek.com,2026-07-13T16:55:20.589849+00:00,57.391
deepseek-v4-flash:repo_01_pyproject_version:r0,repo_01_pyproject_version,configuration,deepseek-v4-flash,0,FinalReplay,True,True,False,none,True,none,1,0,True,True,False,0,True,False,False,False,False,False,False,False,False,0,0,367,1,False,False,False,d3860d47c70c,"{""actions"": [{""content"": ""[project]\nname = \""demo\""\nversion = \""1.3.0\""\n"", ""op"": ""write"", ""path"": ""pyproject.toml""}]}",,,,,none,da5390e16081,ea3e53a009e9,ea3e53a009e9,repo-semantic-state-v1,ase-repo-action-v6.0,ase-repo-judge-v6.0,0.7,api.deepseek.com,2026-07-13T16:55:20.589849+00:00,66.809
deepseek-v4-flash:repo_01_pyproject_version:r0,repo_01_pyproject_version,configuration,deepseek-v4-flash,0,JudgeRepair,True,True,False,none,True,none,1,0,True,True,False,0,True,False,False,False,False,False,False,False,False,0,0,828,2,False,False,False,d3860d47c70c,"{""actions"": [{""content"": ""[project]\nname = \""demo\""\nversion = \""1.3.0\""\n"", ""op"": ""write"", ""path"": ""pyproject.toml""}]}",,,8e38aaf207ba,"{""decision"": ""success"", ""reason"": ""The instruction to bump only the project version in pyproject.toml from 1.2.0 to 1.3.0 was executed successfully without unintended changes to docs/conf.py or examples/pyproject.toml."", ""residue"": false, ""target_satisfied"": true}",none,da5390e16081,ea3e53a009e9,ea3e53a009e9,repo-semantic-state-v1,ase-repo-action-v6.0,ase-repo-judge-v6.0,0.7,api.deepseek.com,2026-07-13T16:55:20.589849+00:00,2117.804
deepseek-v4-flash:repo_01_pyproject_version:r0,repo_01_pyproject_version,configuration,deepseek-v4-flash,0,NoCheck,True,True,False,none,True,none,1,0,True,True,False,0,True,False,False,False,False,False,False,False,False,0,0,367,1,False,False,False,d3860d47c70c,"{""actions"": [{""content"": ""[project]\nname = \""demo\""\nversion = \""1.3.0\""\n"", ""op"": ""write"", ""path"": ""pyproject.toml""}]}",,,,,none,da5390e16081,ea3e53a009e9,ea3e53a009e9,repo-semantic-state-v1,ase-repo-action-v6.0,ase-repo-judge-v6.0,0.7,api.deepseek.com,2026-07-13T16:55:20.589849+00:00,104.817
deepseek-v4-flash:repo_02_ci_python:r0,repo_02_ci_python,ci,deepseek-v4-flash,0,C-SDVR-LLMRepair,True,True,False,none,True,none,1,0,True,True,False,0,True,False,False,False,False,False,False,False,False,0,0,372,1,False,False,False,a77493369dd2,"{""actions"": [{""content"": ""jobs:\n  unit:\n    python: '3.12'\n  lint:\n    python: '3.10'\n"", ""op"": ""write"", ""path"": "".github/workflows/ci.yml""}]}",,,,,none,7b10a549c3e0,91ebdd27f180,91ebdd27f180,repo-semantic-state-v1,ase-repo-action-v6.0,ase-repo-judge-v6.0,0.7,api.deepseek.com,2026-07-13T16:55:25.074066+00:00,91.367
deepseek-v4-flash:repo_02_ci_python:r0,repo_02_ci_python,ci,deepseek-v4-flash,0,C-SDVR-OracleUpperBound,True,True,False,none,True,none,1,0,True,True,False,0,True,False,False,False,False,False,False,False,False,0,0,372,1,False,False,False,a77493369dd2,"{""actions"": [{""content"": ""jobs:\n  unit:\n    python: '3.12'\n  lint:\n    python: '3.10'\n"", ""op"": ""write"", ""path"": "".github/workflows/ci.yml""}]}",,,,,none,7b10a549c3e0,91ebdd27f180,91ebdd27f180,repo-semantic-state-v1,ase-repo-action-v6.0,ase-repo-judge-v6.0,0.7,api.deepseek.com,2026-07-13T16:55:25.074066+00:00,68.313
deepseek-v4-flash:repo_02_ci_python:r0,repo_02_ci_python,ci,deepseek-v4-flash,0,FinalReplay,True,True,False,none,True,none,1,0,True,True,False,0,True,False,False,False,False,False,False,False,False,0,0,372,1,False,False,False,a77493369dd2,"{""actions"": [{""content"": ""jobs:\n  unit:\n    python: '3.12'\n  lint:\n    python: '3.10'\n"", ""op"": ""write"", ""path"": "".github/workflows/ci.yml""}]}",,,,,none,7b10a549c3e0,91ebdd27f180,91ebdd27f180,repo-semantic-state-v1,ase-repo-action-v6.0,ase-repo-judge-v6.0,0.7,api.deepseek.com,2026-07-13T16:55:25.074066+00:00,67.210
deepseek-v4-flash:repo_02_ci_python:r0,repo_02_ci_python,ci,deepseek-v4-flash,0,JudgeRepair,True,True,False,none,True,none,1,0,True,True,False,0,True,False,False,False,False,False,False,False,False,0,0,798,2,False,False,False,a77493369dd2,"{""actions"": [{""content"": ""jobs:\n  unit:\n    python: '3.12'\n  lint:\n    python: '3.10'\n"", ""op"": ""write"", ""path"": "".github/workflows/ci.yml""}]}",,,15ac3573f8c0,"{""decision"": ""success"", ""reason"": ""The unit job's Python version changed from 3.11 to 3.12; lint job unchanged; no unintended changes."", ""residue"": false, ""target_satisfied"": true}",none,7b10a549c3e0,91ebdd27f180,91ebdd27f180,repo-semantic-state-v1,ase-repo-action-v6.0,ase-repo-judge-v6.0,0.7,api.deepseek.com,2026-07-13T16:55:25.074066+00:00,1953.808
deepseek-v4-flash:repo_02_ci_python:r0,repo_02_ci_python,ci,deepseek-v4-flash,0,NoCheck,True,True,False,none,True,none,1,0,True,True,False,0,True,False,False,False,False,False,False,False,False,0,0,372,1,False,False,False,a77493369dd2,"{""actions"": [{""content"": ""jobs:\n  unit:\n    python: '3.12'\n  lint:\n    python: '3.10'\n"", ""op"": ""write"", ""path"": "".github/workflows/ci.yml""}]}",,,,,none,7b10a549c3e0,91ebdd27f180,91ebdd27f180,repo-semantic-state-v1,ase-repo-action-v6.0,ase-repo-judge-v6.0,0.7,api.deepseek.com,2026-07-13T16:55:25.074066+00:00,101.468
