model,policy,policy_rows,unique_trajectories,initial_success,initial_residue,final_success,final_residue,integrity_preserving_outcome,safe_stop,repair_trigger,repair_success,unnecessary_repair,repair_induced_side_effect,judge_false_success,judge_false_alarm,token_cost,call_count
deepseek-v4-flash,C-SDVR-LLMRepair,120,120,0.9333333333333333,0.025,1.0,0.0,1.0,0.0,0.06666666666666667,0.06666666666666667,0.0,0.0,0.0,0.0,553.5916666666667,1.0666666666666667
deepseek-v4-flash,C-SDVR-OracleUpperBound,120,120,0.9333333333333333,0.025,1.0,0.0,1.0,0.0,0.06666666666666667,0.06666666666666667,0.0,0.0,0.0,0.0,492.9166666666667,1.0
deepseek-v4-flash,FinalReplay,120,120,0.9333333333333333,0.025,0.9583333333333334,0.008333333333333333,0.9583333333333334,0.0,0.06666666666666667,0.025,0.0,0.0,0.0,0.0,537.6166666666667,1.0666666666666667
deepseek-v4-flash,JudgeRepair,120,120,0.9333333333333333,0.025,0.925,0.03333333333333333,0.925,0.0,0.041666666666666664,0.03333333333333333,0.041666666666666664,0.008333333333333333,0.06666666666666667,0.041666666666666664,1162.6,2.0416666666666665
deepseek-v4-flash,NoCheck,120,120,0.9333333333333333,0.025,0.9333333333333333,0.025,0.9333333333333333,0.0,0.0,0.0,0.0,0.0,0.0,0.0,492.9166666666667,1.0
deepseek-v4-pro,C-SDVR-LLMRepair,120,120,0.8916666666666667,0.05,0.9666666666666667,0.0,1.0,0.03333333333333333,0.10833333333333334,0.075,0.0,0.0,0.0,0.0,604.175,1.1083333333333334
deepseek-v4-pro,C-SDVR-OracleUpperBound,120,120,0.8916666666666667,0.05,1.0,0.0,1.0,0.0,0.10833333333333334,0.10833333333333334,0.0,0.0,0.0,0.0,502.78333333333336,1.0
deepseek-v4-pro,FinalReplay,120,120,0.8916666666666667,0.05,0.9333333333333333,0.025,0.9333333333333333,0.0,0.10833333333333334,0.041666666666666664,0.0,0.0,0.0,0.0,587.5333333333333,1.1083333333333334
deepseek-v4-pro,JudgeRepair,120,120,0.8916666666666667,0.05,0.875,0.075,0.875,0.0,0.16666666666666666,0.10833333333333334,0.125,0.03333333333333333,0.06666666666666667,0.125,1343.3833333333334,2.1666666666666665
deepseek-v4-pro,NoCheck,120,120,0.8916666666666667,0.05,0.8916666666666667,0.05,0.8916666666666667,0.0,0.0,0.0,0.0,0.0,0.0,0.0,502.78333333333336,1.0
