detector,repair,rollback,n_all,n_fault,fault_prevalence,fault_success,fault_residue,detection_recall,repair_operation_success,rollback_success,mean_token_cost_all,mean_token_cost_fault
0.60,0.50,0.60,1200,872,0.7267,0.3452,0.5057,0.5734,0.4793,0.5860,1907.98,2014.06
0.60,0.65,0.60,1200,872,0.7267,0.4209,0.4587,0.5734,0.6343,0.5860,1907.98,2014.06
0.60,0.78,0.60,1200,872,0.7267,0.4782,0.4232,0.5734,0.7665,0.5860,1907.98,2014.06
0.60,0.90,0.60,1200,872,0.7267,0.5436,0.3842,0.5734,0.9050,0.5860,1907.98,2014.06
0.75,0.50,0.60,1200,872,0.7267,0.4048,0.4404,0.7271,0.4747,0.6034,1983.23,2117.61
0.75,0.65,0.60,1200,872,0.7267,0.5046,0.3750,0.7271,0.6330,0.6034,1983.23,2117.61
0.75,0.78,0.60,1200,872,0.7267,0.5768,0.3326,0.7271,0.7651,0.6034,1983.23,2117.61
0.75,0.90,0.60,1200,872,0.7267,0.6537,0.2844,0.7271,0.8989,0.6034,1983.23,2117.61
0.90,0.50,0.60,1200,872,0.7267,0.4599,0.3899,0.8521,0.4833,0.6084,2045.78,2203.69
0.90,0.65,0.60,1200,872,0.7267,0.5711,0.3177,0.8521,0.6337,0.6084,2045.78,2203.69
0.90,0.78,0.60,1200,872,0.7267,0.6617,0.2661,0.8521,0.7702,0.6084,2045.78,2203.69
0.90,0.90,0.60,1200,872,0.7267,0.7546,0.2099,0.8521,0.9053,0.6084,2045.78,2203.69
1.00,0.50,0.60,1200,872,0.7267,0.4966,0.3498,0.9289,0.4942,0.6088,2083.83,2256.06
1.00,0.65,0.60,1200,872,0.7267,0.6158,0.2741,0.9289,0.6428,0.6088,2083.83,2256.06
1.00,0.78,0.60,1200,872,0.7267,0.7110,0.2202,0.9289,0.7734,0.6088,2083.83,2256.06
1.00,0.90,0.60,1200,872,0.7267,0.8096,0.1606,0.9289,0.9052,0.6088,2083.83,2256.06
0.60,0.50,0.75,1200,872,0.7267,0.3521,0.4862,0.5734,0.4793,0.7258,1907.98,2014.06
0.60,0.65,0.75,1200,872,0.7267,0.4312,0.4392,0.5734,0.6343,0.7258,1907.98,2014.06
0.60,0.78,0.75,1200,872,0.7267,0.4931,0.4037,0.5734,0.7665,0.7258,1907.98,2014.06
0.60,0.90,0.75,1200,872,0.7267,0.5619,0.3647,0.5734,0.9050,0.7258,1907.98,2014.06
0.75,0.50,0.75,1200,872,0.7267,0.4128,0.4128,0.7271,0.4747,0.7426,1983.23,2117.61
0.75,0.65,0.75,1200,872,0.7267,0.5172,0.3475,0.7271,0.6330,0.7426,1983.23,2117.61
0.75,0.78,0.75,1200,872,0.7267,0.5952,0.3050,0.7271,0.7651,0.7426,1983.23,2117.61
0.75,0.90,0.75,1200,872,0.7267,0.6778,0.2569,0.7271,0.8989,0.7426,1983.23,2117.61
0.90,0.50,0.75,1200,872,0.7267,0.4713,0.3555,0.8521,0.4833,0.7517,2045.78,2203.69
0.90,0.65,0.75,1200,872,0.7267,0.5883,0.2833,0.8521,0.6337,0.7517,2045.78,2203.69
0.90,0.78,0.75,1200,872,0.7267,0.6846,0.2317,0.8521,0.7702,0.7517,2045.78,2203.69
0.90,0.90,0.75,1200,872,0.7267,0.7844,0.1755,0.8521,0.9053,0.7517,2045.78,2203.69
1.00,0.50,0.75,1200,872,0.7267,0.5115,0.3096,0.9289,0.4942,0.7603,2083.83,2256.06
1.00,0.65,0.75,1200,872,0.7267,0.6376,0.2339,0.9289,0.6428,0.7603,2083.83,2256.06
1.00,0.78,0.75,1200,872,0.7267,0.7385,0.1800,0.9289,0.7734,0.7603,2083.83,2256.06
1.00,0.90,0.75,1200,872,0.7267,0.8452,0.1204,0.9289,0.9052,0.7603,2083.83,2256.06
0.60,0.50,0.92,1200,872,0.7267,0.3727,0.4530,0.5734,0.4793,0.9032,1907.98,2014.06
0.60,0.65,0.92,1200,872,0.7267,0.4553,0.4060,0.5734,0.6343,0.9032,1907.98,2014.06
0.60,0.78,0.92,1200,872,0.7267,0.5229,0.3704,0.5734,0.7665,0.9032,1907.98,2014.06
0.60,0.90,0.92,1200,872,0.7267,0.5929,0.3314,0.5734,0.9050,0.9032,1907.98,2014.06
0.75,0.50,0.92,1200,872,0.7267,0.4381,0.3693,0.7271,0.4747,0.9198,1983.23,2117.61
0.75,0.65,0.92,1200,872,0.7267,0.5459,0.3039,0.7271,0.6330,0.9198,1983.23,2117.61
0.75,0.78,0.92,1200,872,0.7267,0.6330,0.2615,0.7271,0.7651,0.9198,1983.23,2117.61
0.75,0.90,0.92,1200,872,0.7267,0.7190,0.2133,0.7271,0.8989,0.9198,1983.23,2117.61
0.90,0.50,0.92,1200,872,0.7267,0.5000,0.3073,0.8521,0.4833,0.9231,2045.78,2203.69
0.90,0.65,0.92,1200,872,0.7267,0.6204,0.2351,0.8521,0.6337,0.9231,2045.78,2203.69
0.90,0.78,0.92,1200,872,0.7267,0.7259,0.1835,0.8521,0.7702,0.9231,2045.78,2203.69
0.90,0.90,0.92,1200,872,0.7267,0.8291,0.1273,0.8521,0.9053,0.9231,2045.78,2203.69
1.00,0.50,0.92,1200,872,0.7267,0.5436,0.2569,0.9289,0.4942,0.9274,2083.83,2256.06
1.00,0.65,0.92,1200,872,0.7267,0.6732,0.1812,0.9289,0.6428,0.9274,2083.83,2256.06
1.00,0.78,0.92,1200,872,0.7267,0.7833,0.1273,0.9289,0.7734,0.9274,2083.83,2256.06
1.00,0.90,0.92,1200,872,0.7267,0.8933,0.0677,0.9289,0.9052,0.9274,2083.83,2256.06
0.60,0.50,1.00,1200,872,0.7267,0.3796,0.4335,0.5734,0.4793,1.0000,1907.98,2014.06
0.60,0.65,1.00,1200,872,0.7267,0.4656,0.3865,0.5734,0.6343,1.0000,1907.98,2014.06
0.60,0.78,1.00,1200,872,0.7267,0.5378,0.3509,0.5734,0.7665,1.0000,1907.98,2014.06
0.60,0.90,1.00,1200,872,0.7267,0.6112,0.3119,0.5734,0.9050,1.0000,1907.98,2014.06
0.75,0.50,1.00,1200,872,0.7267,0.4461,0.3486,0.7271,0.4747,1.0000,1983.23,2117.61
0.75,0.65,1.00,1200,872,0.7267,0.5573,0.2833,0.7271,0.6330,1.0000,1983.23,2117.61
0.75,0.78,1.00,1200,872,0.7267,0.6491,0.2408,0.7271,0.7651,1.0000,1983.23,2117.61
0.75,0.90,1.00,1200,872,0.7267,0.7385,0.1927,0.7271,0.8989,1.0000,1983.23,2117.61
0.90,0.50,1.00,1200,872,0.7267,0.5103,0.2833,0.8521,0.4833,1.0000,2045.78,2203.69
0.90,0.65,1.00,1200,872,0.7267,0.6342,0.2110,0.8521,0.6337,1.0000,2045.78,2203.69
0.90,0.78,1.00,1200,872,0.7267,0.7443,0.1594,0.8521,0.7702,1.0000,2045.78,2203.69
0.90,0.90,1.00,1200,872,0.7267,0.8509,0.1032,0.8521,0.9053,1.0000,2045.78,2203.69
1.00,0.50,1.00,1200,872,0.7267,0.5539,0.2328,0.9289,0.4942,1.0000,2083.83,2256.06
1.00,0.65,1.00,1200,872,0.7267,0.6869,0.1571,0.9289,0.6428,1.0000,2083.83,2256.06
1.00,0.78,1.00,1200,872,0.7267,0.8016,0.1032,0.9289,0.7734,1.0000,2083.83,2256.06
1.00,0.90,1.00,1200,872,0.7267,0.9151,0.0436,0.9289,0.9052,1.0000,2083.83,2256.06
