detector,repair,rollback,deviation_class,n_fault,success,residue,detection_recall
0.60,0.50,0.60,extra_side_effect,111,0.1441,0.6486,0.5495
0.60,0.50,0.60,format_noise,103,1.0000,0.0000,0.2330
0.60,0.50,0.60,not_persisted,106,0.2264,0.3019,0.6415
0.60,0.50,0.60,partial_completion,104,0.2308,0.4038,0.5865
0.60,0.50,0.60,wrong_content,120,0.3000,0.7000,0.6250
0.60,0.50,0.60,wrong_destination,118,0.3051,0.6949,0.6864
0.60,0.50,0.60,wrong_field,110,0.4091,0.5909,0.6636
0.60,0.50,0.60,wrong_object,100,0.1700,0.6400,0.5700
0.60,0.65,0.60,extra_side_effect,111,0.2072,0.6486,0.5495
0.60,0.65,0.60,format_noise,103,1.0000,0.0000,0.2330
0.60,0.65,0.60,not_persisted,106,0.2925,0.3019,0.6415
0.60,0.65,0.60,partial_completion,104,0.3269,0.3558,0.5865
0.60,0.65,0.60,wrong_content,120,0.4083,0.5917,0.6250
0.60,0.65,0.60,wrong_destination,118,0.4153,0.5847,0.6864
0.60,0.65,0.60,wrong_field,110,0.5000,0.5000,0.6636
0.60,0.65,0.60,wrong_object,100,0.2300,0.6400,0.5700
0.60,0.78,0.60,extra_side_effect,111,0.2613,0.6486,0.5495
0.60,0.78,0.60,format_noise,103,1.0000,0.0000,0.2330
0.60,0.78,0.60,not_persisted,106,0.3396,0.3019,0.6415
0.60,0.78,0.60,partial_completion,104,0.4519,0.2885,0.5865
0.60,0.78,0.60,wrong_content,120,0.4750,0.5250,0.6250
0.60,0.78,0.60,wrong_destination,118,0.5085,0.4915,0.6864
0.60,0.78,0.60,wrong_field,110,0.5455,0.4545,0.6636
0.60,0.78,0.60,wrong_object,100,0.2500,0.6400,0.5700
0.60,0.90,0.60,extra_side_effect,111,0.3063,0.6486,0.5495
0.60,0.90,0.60,format_noise,103,1.0000,0.0000,0.2330
0.60,0.90,0.60,not_persisted,106,0.4340,0.3019,0.6415
0.60,0.90,0.60,partial_completion,104,0.5192,0.2596,0.5865
0.60,0.90,0.60,wrong_content,120,0.5583,0.4417,0.6250
0.60,0.90,0.60,wrong_destination,118,0.6017,0.3983,0.6864
0.60,0.90,0.60,wrong_field,110,0.6364,0.3636,0.6636
0.60,0.90,0.60,wrong_object,100,0.2900,0.6400,0.5700
0.75,0.50,0.60,extra_side_effect,111,0.1982,0.5225,0.7477
0.75,0.50,0.60,format_noise,103,1.0000,0.0000,0.3010
0.75,0.50,0.60,not_persisted,106,0.2925,0.2547,0.7736
0.75,0.50,0.60,partial_completion,104,0.3173,0.3654,0.7596
0.75,0.50,0.60,wrong_content,120,0.3833,0.6167,0.8000
0.75,0.50,0.60,wrong_destination,118,0.3983,0.6017,0.8644
0.75,0.50,0.60,wrong_field,110,0.4545,0.5455,0.8091
0.75,0.50,0.60,wrong_object,100,0.2100,0.5600,0.7200
0.75,0.65,0.60,extra_side_effect,111,0.2793,0.5225,0.7477
0.75,0.65,0.60,format_noise,103,1.0000,0.0000,0.3010
0.75,0.65,0.60,not_persisted,106,0.3585,0.2547,0.7736
0.75,0.65,0.60,partial_completion,104,0.4327,0.3077,0.7596
0.75,0.65,0.60,wrong_content,120,0.5417,0.4583,0.8000
0.75,0.65,0.60,wrong_destination,118,0.5508,0.4492,0.8644
0.75,0.65,0.60,wrong_field,110,0.5818,0.4182,0.8091
0.75,0.65,0.60,wrong_object,100,0.2900,0.5600,0.7200
0.75,0.78,0.60,extra_side_effect,111,0.3694,0.5225,0.7477
0.75,0.78,0.60,format_noise,103,1.0000,0.0000,0.3010
0.75,0.78,0.60,not_persisted,106,0.4151,0.2547,0.7736
0.75,0.78,0.60,partial_completion,104,0.5769,0.2212,0.7596
0.75,0.78,0.60,wrong_content,120,0.6250,0.3750,0.8000
0.75,0.78,0.60,wrong_destination,118,0.6525,0.3475,0.8644
0.75,0.78,0.60,wrong_field,110,0.6364,0.3636,0.8091
0.75,0.78,0.60,wrong_object,100,0.3300,0.5600,0.7200
0.75,0.90,0.60,extra_side_effect,111,0.4234,0.5225,0.7477
0.75,0.90,0.60,format_noise,103,1.0000,0.0000,0.3010
0.75,0.90,0.60,not_persisted,106,0.5189,0.2547,0.7736
0.75,0.90,0.60,partial_completion,104,0.6538,0.1827,0.7596
0.75,0.90,0.60,wrong_content,120,0.7167,0.2833,0.8000
0.75,0.90,0.60,wrong_destination,118,0.7542,0.2458,0.8644
0.75,0.90,0.60,wrong_field,110,0.7727,0.2273,0.8091
0.75,0.90,0.60,wrong_object,100,0.3700,0.5600,0.7200
0.90,0.50,0.60,extra_side_effect,111,0.2703,0.4234,0.8739
0.90,0.50,0.60,format_noise,103,1.0000,0.0000,0.3495
0.90,0.50,0.60,not_persisted,106,0.3868,0.2170,0.9528
0.90,0.50,0.60,partial_completion,104,0.3846,0.3365,0.9327
0.90,0.50,0.60,wrong_content,120,0.4250,0.5750,0.9083
0.90,0.50,0.60,wrong_destination,118,0.4746,0.5254,0.9661
0.90,0.50,0.60,wrong_field,110,0.5000,0.5000,0.9182
0.90,0.50,0.60,wrong_object,100,0.2500,0.4900,0.8800
0.90,0.65,0.60,extra_side_effect,111,0.3604,0.4234,0.8739
0.90,0.65,0.60,format_noise,103,1.0000,0.0000,0.3495
0.90,0.65,0.60,not_persisted,106,0.4811,0.2170,0.9528
0.90,0.65,0.60,partial_completion,104,0.5192,0.2596,0.9327
0.90,0.65,0.60,wrong_content,120,0.6000,0.4000,0.9083
0.90,0.65,0.60,wrong_destination,118,0.6271,0.3729,0.9661
0.90,0.65,0.60,wrong_field,110,0.6455,0.3545,0.9182
0.90,0.65,0.60,wrong_object,100,0.3300,0.4900,0.8800
0.90,0.78,0.60,extra_side_effect,111,0.4505,0.4234,0.8739
0.90,0.78,0.60,format_noise,103,1.0000,0.0000,0.3495
0.90,0.78,0.60,not_persisted,106,0.5755,0.2170,0.9528
0.90,0.78,0.60,partial_completion,104,0.6923,0.1635,0.9327
0.90,0.78,0.60,wrong_content,120,0.7083,0.2917,0.9083
0.90,0.78,0.60,wrong_destination,118,0.7373,0.2627,0.9661
0.90,0.78,0.60,wrong_field,110,0.7273,0.2727,0.9182
0.90,0.78,0.60,wrong_object,100,0.3900,0.4900,0.8800
0.90,0.90,0.60,extra_side_effect,111,0.5225,0.4234,0.8739
0.90,0.90,0.60,format_noise,103,1.0000,0.0000,0.3495
0.90,0.90,0.60,not_persisted,106,0.6792,0.2170,0.9528
0.90,0.90,0.60,partial_completion,104,0.8173,0.1058,0.9327
0.90,0.90,0.60,wrong_content,120,0.8167,0.1833,0.9083
0.90,0.90,0.60,wrong_destination,118,0.8559,0.1441,0.9661
0.90,0.90,0.60,wrong_field,110,0.8727,0.1273,0.9182
0.90,0.90,0.60,wrong_object,100,0.4500,0.4900,0.8800
1.00,0.50,0.60,extra_side_effect,111,0.3243,0.3423,1.0000
1.00,0.50,0.60,format_noise,103,1.0000,0.0000,0.3981
1.00,0.50,0.60,not_persisted,106,0.4245,0.1887,1.0000
1.00,0.50,0.60,partial_completion,104,0.4135,0.3173,1.0000
1.00,0.50,0.60,wrong_content,120,0.4667,0.5333,1.0000
1.00,0.50,0.60,wrong_destination,118,0.5085,0.4915,1.0000
1.00,0.50,0.60,wrong_field,110,0.5636,0.4364,1.0000
1.00,0.50,0.60,wrong_object,100,0.2800,0.4400,1.0000
1.00,0.65,0.60,extra_side_effect,111,0.4144,0.3423,1.0000
1.00,0.65,0.60,format_noise,103,1.0000,0.0000,0.3981
1.00,0.65,0.60,not_persisted,106,0.5283,0.1887,1.0000
1.00,0.65,0.60,partial_completion,104,0.5769,0.2308,1.0000
1.00,0.65,0.60,wrong_content,120,0.6583,0.3417,1.0000
1.00,0.65,0.60,wrong_destination,118,0.6610,0.3390,1.0000
1.00,0.65,0.60,wrong_field,110,0.7091,0.2909,1.0000
1.00,0.65,0.60,wrong_object,100,0.3700,0.4400,1.0000
1.00,0.78,0.60,extra_side_effect,111,0.5135,0.3423,1.0000
1.00,0.78,0.60,format_noise,103,1.0000,0.0000,0.3981
1.00,0.78,0.60,not_persisted,106,0.6226,0.1887,1.0000
1.00,0.78,0.60,partial_completion,104,0.7500,0.1346,1.0000
1.00,0.78,0.60,wrong_content,120,0.7750,0.2250,1.0000
1.00,0.78,0.60,wrong_destination,118,0.7712,0.2288,1.0000
1.00,0.78,0.60,wrong_field,110,0.8000,0.2000,1.0000
1.00,0.78,0.60,wrong_object,100,0.4400,0.4400,1.0000
1.00,0.90,0.60,extra_side_effect,111,0.5946,0.3423,1.0000
1.00,0.90,0.60,format_noise,103,1.0000,0.0000,0.3981
1.00,0.90,0.60,not_persisted,106,0.7264,0.1887,1.0000
1.00,0.90,0.60,partial_completion,104,0.8846,0.0673,1.0000
1.00,0.90,0.60,wrong_content,120,0.9000,0.1000,1.0000
1.00,0.90,0.60,wrong_destination,118,0.8898,0.1102,1.0000
1.00,0.90,0.60,wrong_field,110,0.9455,0.0545,1.0000
1.00,0.90,0.60,wrong_object,100,0.5100,0.4400,1.0000
0.60,0.50,0.75,extra_side_effect,111,0.1441,0.5946,0.5495
0.60,0.50,0.75,format_noise,103,1.0000,0.0000,0.2330
0.60,0.50,0.75,not_persisted,106,0.2547,0.2547,0.6415
0.60,0.50,0.75,partial_completion,104,0.2308,0.4038,0.5865
0.60,0.50,0.75,wrong_content,120,0.3000,0.7000,0.6250
0.60,0.50,0.75,wrong_destination,118,0.3051,0.6949,0.6864
0.60,0.50,0.75,wrong_field,110,0.4091,0.5909,0.6636
0.60,0.50,0.75,wrong_object,100,0.2000,0.5800,0.5700
0.60,0.65,0.75,extra_side_effect,111,0.2162,0.5946,0.5495
0.60,0.65,0.75,format_noise,103,1.0000,0.0000,0.2330
0.60,0.65,0.75,not_persisted,106,0.3208,0.2547,0.6415
0.60,0.65,0.75,partial_completion,104,0.3269,0.3558,0.5865
0.60,0.65,0.75,wrong_content,120,0.4083,0.5917,0.6250
0.60,0.65,0.75,wrong_destination,118,0.4153,0.5847,0.6864
0.60,0.65,0.75,wrong_field,110,0.5000,0.5000,0.6636
0.60,0.65,0.75,wrong_object,100,0.2800,0.5800,0.5700
0.60,0.78,0.75,extra_side_effect,111,0.2973,0.5946,0.5495
0.60,0.78,0.75,format_noise,103,1.0000,0.0000,0.2330
0.60,0.78,0.75,not_persisted,106,0.3679,0.2547,0.6415
0.60,0.78,0.75,partial_completion,104,0.4519,0.2885,0.5865
0.60,0.78,0.75,wrong_content,120,0.4750,0.5250,0.6250
0.60,0.78,0.75,wrong_destination,118,0.5085,0.4915,0.6864
0.60,0.78,0.75,wrong_field,110,0.5455,0.4545,0.6636
0.60,0.78,0.75,wrong_object,100,0.3100,0.5800,0.5700
0.60,0.90,0.75,extra_side_effect,111,0.3604,0.5946,0.5495
0.60,0.90,0.75,format_noise,103,1.0000,0.0000,0.2330
0.60,0.90,0.75,not_persisted,106,0.4717,0.2547,0.6415
0.60,0.90,0.75,partial_completion,104,0.5192,0.2596,0.5865
0.60,0.90,0.75,wrong_content,120,0.5583,0.4417,0.6250
0.60,0.90,0.75,wrong_destination,118,0.6017,0.3983,0.6864
0.60,0.90,0.75,wrong_field,110,0.6364,0.3636,0.6636
0.60,0.90,0.75,wrong_object,100,0.3500,0.5800,0.5700
0.75,0.50,0.75,extra_side_effect,111,0.1982,0.4505,0.7477
0.75,0.50,0.75,format_noise,103,1.0000,0.0000,0.3010
0.75,0.50,0.75,not_persisted,106,0.3208,0.1887,0.7736
0.75,0.50,0.75,partial_completion,104,0.3173,0.3654,0.7596
0.75,0.50,0.75,wrong_content,120,0.3833,0.6167,0.8000
0.75,0.50,0.75,wrong_destination,118,0.3983,0.6017,0.8644
0.75,0.50,0.75,wrong_field,110,0.4545,0.5455,0.8091
0.75,0.50,0.75,wrong_object,100,0.2500,0.4700,0.7200
0.75,0.65,0.75,extra_side_effect,111,0.2973,0.4505,0.7477
0.75,0.65,0.75,format_noise,103,1.0000,0.0000,0.3010
0.75,0.65,0.75,not_persisted,106,0.3868,0.1887,0.7736
0.75,0.65,0.75,partial_completion,104,0.4327,0.3077,0.7596
0.75,0.65,0.75,wrong_content,120,0.5417,0.4583,0.8000
0.75,0.65,0.75,wrong_destination,118,0.5508,0.4492,0.8644
0.75,0.65,0.75,wrong_field,110,0.5818,0.4182,0.8091
0.75,0.65,0.75,wrong_object,100,0.3500,0.4700,0.7200
0.75,0.78,0.75,extra_side_effect,111,0.4144,0.4505,0.7477
0.75,0.78,0.75,format_noise,103,1.0000,0.0000,0.3010
0.75,0.78,0.75,not_persisted,106,0.4528,0.1887,0.7736
0.75,0.78,0.75,partial_completion,104,0.5769,0.2212,0.7596
0.75,0.78,0.75,wrong_content,120,0.6250,0.3750,0.8000
0.75,0.78,0.75,wrong_destination,118,0.6525,0.3475,0.8644
0.75,0.78,0.75,wrong_field,110,0.6364,0.3636,0.8091
0.75,0.78,0.75,wrong_object,100,0.4000,0.4700,0.7200
0.75,0.90,0.75,extra_side_effect,111,0.4955,0.4505,0.7477
0.75,0.90,0.75,format_noise,103,1.0000,0.0000,0.3010
0.75,0.90,0.75,not_persisted,106,0.5660,0.1887,0.7736
0.75,0.90,0.75,partial_completion,104,0.6538,0.1827,0.7596
0.75,0.90,0.75,wrong_content,120,0.7167,0.2833,0.8000
0.75,0.90,0.75,wrong_destination,118,0.7542,0.2458,0.8644
0.75,0.90,0.75,wrong_field,110,0.7727,0.2273,0.8091
0.75,0.90,0.75,wrong_object,100,0.4500,0.4700,0.7200
0.90,0.50,0.75,extra_side_effect,111,0.2703,0.3514,0.8739
0.90,0.50,0.75,format_noise,103,1.0000,0.0000,0.3495
0.90,0.50,0.75,not_persisted,106,0.4245,0.1321,0.9528
0.90,0.50,0.75,partial_completion,104,0.3846,0.3365,0.9327
0.90,0.50,0.75,wrong_content,120,0.4250,0.5750,0.9083
0.90,0.50,0.75,wrong_destination,118,0.4746,0.5254,0.9661
0.90,0.50,0.75,wrong_field,110,0.5000,0.5000,0.9182
0.90,0.50,0.75,wrong_object,100,0.3100,0.3600,0.8800
0.90,0.65,0.75,extra_side_effect,111,0.3784,0.3514,0.8739
0.90,0.65,0.75,format_noise,103,1.0000,0.0000,0.3495
0.90,0.65,0.75,not_persisted,106,0.5189,0.1321,0.9528
0.90,0.65,0.75,partial_completion,104,0.5192,0.2596,0.9327
0.90,0.65,0.75,wrong_content,120,0.6000,0.4000,0.9083
0.90,0.65,0.75,wrong_destination,118,0.6271,0.3729,0.9661
0.90,0.65,0.75,wrong_field,110,0.6455,0.3545,0.9182
0.90,0.65,0.75,wrong_object,100,0.4200,0.3600,0.8800
0.90,0.78,0.75,extra_side_effect,111,0.4955,0.3514,0.8739
0.90,0.78,0.75,format_noise,103,1.0000,0.0000,0.3495
0.90,0.78,0.75,not_persisted,106,0.6226,0.1321,0.9528
0.90,0.78,0.75,partial_completion,104,0.6923,0.1635,0.9327
0.90,0.78,0.75,wrong_content,120,0.7083,0.2917,0.9083
0.90,0.78,0.75,wrong_destination,118,0.7373,0.2627,0.9661
0.90,0.78,0.75,wrong_field,110,0.7273,0.2727,0.9182
0.90,0.78,0.75,wrong_object,100,0.4900,0.3600,0.8800
0.90,0.90,0.75,extra_side_effect,111,0.5946,0.3514,0.8739
0.90,0.90,0.75,format_noise,103,1.0000,0.0000,0.3495
0.90,0.90,0.75,not_persisted,106,0.7358,0.1321,0.9528
0.90,0.90,0.75,partial_completion,104,0.8173,0.1058,0.9327
0.90,0.90,0.75,wrong_content,120,0.8167,0.1833,0.9083
0.90,0.90,0.75,wrong_destination,118,0.8559,0.1441,0.9661
0.90,0.90,0.75,wrong_field,110,0.8727,0.1273,0.9182
0.90,0.90,0.75,wrong_object,100,0.5700,0.3600,0.8800
1.00,0.50,0.75,extra_side_effect,111,0.3514,0.2342,1.0000
1.00,0.50,0.75,format_noise,103,1.0000,0.0000,0.3981
1.00,0.50,0.75,not_persisted,106,0.4623,0.1038,1.0000
1.00,0.50,0.75,partial_completion,104,0.4135,0.3173,1.0000
1.00,0.50,0.75,wrong_content,120,0.4667,0.5333,1.0000
1.00,0.50,0.75,wrong_destination,118,0.5085,0.4915,1.0000
1.00,0.50,0.75,wrong_field,110,0.5636,0.4364,1.0000
1.00,0.50,0.75,wrong_object,100,0.3400,0.3000,1.0000
1.00,0.65,0.75,extra_side_effect,111,0.4595,0.2342,1.0000
1.00,0.65,0.75,format_noise,103,1.0000,0.0000,0.3981
1.00,0.65,0.75,not_persisted,106,0.5660,0.1038,1.0000
1.00,0.65,0.75,partial_completion,104,0.5769,0.2308,1.0000
1.00,0.65,0.75,wrong_content,120,0.6583,0.3417,1.0000
1.00,0.65,0.75,wrong_destination,118,0.6610,0.3390,1.0000
1.00,0.65,0.75,wrong_field,110,0.7091,0.2909,1.0000
1.00,0.65,0.75,wrong_object,100,0.4700,0.3000,1.0000
1.00,0.78,0.75,extra_side_effect,111,0.5856,0.2342,1.0000
1.00,0.78,0.75,format_noise,103,1.0000,0.0000,0.3981
1.00,0.78,0.75,not_persisted,106,0.6698,0.1038,1.0000
1.00,0.78,0.75,partial_completion,104,0.7500,0.1346,1.0000
1.00,0.78,0.75,wrong_content,120,0.7750,0.2250,1.0000
1.00,0.78,0.75,wrong_destination,118,0.7712,0.2288,1.0000
1.00,0.78,0.75,wrong_field,110,0.8000,0.2000,1.0000
1.00,0.78,0.75,wrong_object,100,0.5500,0.3000,1.0000
1.00,0.90,0.75,extra_side_effect,111,0.7027,0.2342,1.0000
1.00,0.90,0.75,format_noise,103,1.0000,0.0000,0.3981
1.00,0.90,0.75,not_persisted,106,0.7830,0.1038,1.0000
1.00,0.90,0.75,partial_completion,104,0.8846,0.0673,1.0000
1.00,0.90,0.75,wrong_content,120,0.9000,0.1000,1.0000
1.00,0.90,0.75,wrong_destination,118,0.8898,0.1102,1.0000
1.00,0.90,0.75,wrong_field,110,0.9455,0.0545,1.0000
1.00,0.90,0.75,wrong_object,100,0.6400,0.3000,1.0000
0.60,0.50,0.92,extra_side_effect,111,0.2072,0.4865,0.5495
0.60,0.50,0.92,format_noise,103,1.0000,0.0000,0.2330
0.60,0.50,0.92,not_persisted,106,0.3019,0.1981,0.6415
0.60,0.50,0.92,partial_completion,104,0.2308,0.4038,0.5865
0.60,0.50,0.92,wrong_content,120,0.3000,0.7000,0.6250
0.60,0.50,0.92,wrong_destination,118,0.3051,0.6949,0.6864
0.60,0.50,0.92,wrong_field,110,0.4091,0.5909,0.6636
0.60,0.50,0.92,wrong_object,100,0.2600,0.4700,0.5700
0.60,0.65,0.92,extra_side_effect,111,0.2793,0.4865,0.5495
0.60,0.65,0.92,format_noise,103,1.0000,0.0000,0.2330
0.60,0.65,0.92,not_persisted,106,0.3774,0.1981,0.6415
0.60,0.65,0.92,partial_completion,104,0.3269,0.3558,0.5865
0.60,0.65,0.92,wrong_content,120,0.4083,0.5917,0.6250
0.60,0.65,0.92,wrong_destination,118,0.4153,0.5847,0.6864
0.60,0.65,0.92,wrong_field,110,0.5000,0.5000,0.6636
0.60,0.65,0.92,wrong_object,100,0.3600,0.4700,0.5700
0.60,0.78,0.92,extra_side_effect,111,0.3964,0.4865,0.5495
0.60,0.78,0.92,format_noise,103,1.0000,0.0000,0.2330
0.60,0.78,0.92,not_persisted,106,0.4245,0.1981,0.6415
0.60,0.78,0.92,partial_completion,104,0.4519,0.2885,0.5865
0.60,0.78,0.92,wrong_content,120,0.4750,0.5250,0.6250
0.60,0.78,0.92,wrong_destination,118,0.5085,0.4915,0.6864
0.60,0.78,0.92,wrong_field,110,0.5455,0.4545,0.6636
0.60,0.78,0.92,wrong_object,100,0.4000,0.4700,0.5700
0.60,0.90,0.92,extra_side_effect,111,0.4595,0.4865,0.5495
0.60,0.90,0.92,format_noise,103,1.0000,0.0000,0.2330
0.60,0.90,0.92,not_persisted,106,0.5283,0.1981,0.6415
0.60,0.90,0.92,partial_completion,104,0.5192,0.2596,0.5865
0.60,0.90,0.92,wrong_content,120,0.5583,0.4417,0.6250
0.60,0.90,0.92,wrong_destination,118,0.6017,0.3983,0.6864
0.60,0.90,0.92,wrong_field,110,0.6364,0.3636,0.6636
0.60,0.90,0.92,wrong_object,100,0.4500,0.4700,0.5700
0.75,0.50,0.92,extra_side_effect,111,0.2793,0.2973,0.7477
0.75,0.50,0.92,format_noise,103,1.0000,0.0000,0.3010
0.75,0.50,0.92,not_persisted,106,0.3774,0.1226,0.7736
0.75,0.50,0.92,partial_completion,104,0.3173,0.3654,0.7596
0.75,0.50,0.92,wrong_content,120,0.3833,0.6167,0.8000
0.75,0.50,0.92,wrong_destination,118,0.3983,0.6017,0.8644
0.75,0.50,0.92,wrong_field,110,0.4545,0.5455,0.8091
0.75,0.50,0.92,wrong_object,100,0.3200,0.3300,0.7200
0.75,0.65,0.92,extra_side_effect,111,0.3784,0.2973,0.7477
0.75,0.65,0.92,format_noise,103,1.0000,0.0000,0.3010
0.75,0.65,0.92,not_persisted,106,0.4528,0.1226,0.7736
0.75,0.65,0.92,partial_completion,104,0.4327,0.3077,0.7596
0.75,0.65,0.92,wrong_content,120,0.5417,0.4583,0.8000
0.75,0.65,0.92,wrong_destination,118,0.5508,0.4492,0.8644
0.75,0.65,0.92,wrong_field,110,0.5818,0.4182,0.8091
0.75,0.65,0.92,wrong_object,100,0.4400,0.3300,0.7200
0.75,0.78,0.92,extra_side_effect,111,0.5495,0.2973,0.7477
0.75,0.78,0.92,format_noise,103,1.0000,0.0000,0.3010
0.75,0.78,0.92,not_persisted,106,0.5189,0.1226,0.7736
0.75,0.78,0.92,partial_completion,104,0.5769,0.2212,0.7596
0.75,0.78,0.92,wrong_content,120,0.6250,0.3750,0.8000
0.75,0.78,0.92,wrong_destination,118,0.6525,0.3475,0.8644
0.75,0.78,0.92,wrong_field,110,0.6364,0.3636,0.8091
0.75,0.78,0.92,wrong_object,100,0.5100,0.3300,0.7200
0.75,0.90,0.92,extra_side_effect,111,0.6396,0.2973,0.7477
0.75,0.90,0.92,format_noise,103,1.0000,0.0000,0.3010
0.75,0.90,0.92,not_persisted,106,0.6321,0.1226,0.7736
0.75,0.90,0.92,partial_completion,104,0.6538,0.1827,0.7596
0.75,0.90,0.92,wrong_content,120,0.7167,0.2833,0.8000
0.75,0.90,0.92,wrong_destination,118,0.7542,0.2458,0.8644
0.75,0.90,0.92,wrong_field,110,0.7727,0.2273,0.8091
0.75,0.90,0.92,wrong_object,100,0.5800,0.3300,0.7200
0.90,0.50,0.92,extra_side_effect,111,0.3604,0.1892,0.8739
0.90,0.50,0.92,format_noise,103,1.0000,0.0000,0.3495
0.90,0.50,0.92,not_persisted,106,0.4811,0.0660,0.9528
0.90,0.50,0.92,partial_completion,104,0.3846,0.3365,0.9327
0.90,0.50,0.92,wrong_content,120,0.4250,0.5750,0.9083
0.90,0.50,0.92,wrong_destination,118,0.4746,0.5254,0.9661
0.90,0.50,0.92,wrong_field,110,0.5000,0.5000,0.9182
0.90,0.50,0.92,wrong_object,100,0.4000,0.1900,0.8800
0.90,0.65,0.92,extra_side_effect,111,0.4685,0.1892,0.8739
0.90,0.65,0.92,format_noise,103,1.0000,0.0000,0.3495
0.90,0.65,0.92,not_persisted,106,0.5849,0.0660,0.9528
0.90,0.65,0.92,partial_completion,104,0.5192,0.2596,0.9327
0.90,0.65,0.92,wrong_content,120,0.6000,0.4000,0.9083
0.90,0.65,0.92,wrong_destination,118,0.6271,0.3729,0.9661
0.90,0.65,0.92,wrong_field,110,0.6455,0.3545,0.9182
0.90,0.65,0.92,wrong_object,100,0.5300,0.1900,0.8800
0.90,0.78,0.92,extra_side_effect,111,0.6396,0.1892,0.8739
0.90,0.78,0.92,format_noise,103,1.0000,0.0000,0.3495
0.90,0.78,0.92,not_persisted,106,0.6887,0.0660,0.9528
0.90,0.78,0.92,partial_completion,104,0.6923,0.1635,0.9327
0.90,0.78,0.92,wrong_content,120,0.7083,0.2917,0.9083
0.90,0.78,0.92,wrong_destination,118,0.7373,0.2627,0.9661
0.90,0.78,0.92,wrong_field,110,0.7273,0.2727,0.9182
0.90,0.78,0.92,wrong_object,100,0.6200,0.1900,0.8800
0.90,0.90,0.92,extra_side_effect,111,0.7477,0.1892,0.8739
0.90,0.90,0.92,format_noise,103,1.0000,0.0000,0.3495
0.90,0.90,0.92,not_persisted,106,0.8019,0.0660,0.9528
0.90,0.90,0.92,partial_completion,104,0.8173,0.1058,0.9327
0.90,0.90,0.92,wrong_content,120,0.8167,0.1833,0.9083
0.90,0.90,0.92,wrong_destination,118,0.8559,0.1441,0.9661
0.90,0.90,0.92,wrong_field,110,0.8727,0.1273,0.9182
0.90,0.90,0.92,wrong_object,100,0.7200,0.1900,0.8800
1.00,0.50,0.92,extra_side_effect,111,0.4505,0.0631,1.0000
1.00,0.50,0.92,format_noise,103,1.0000,0.0000,0.3981
1.00,0.50,0.92,not_persisted,106,0.5189,0.0377,1.0000
1.00,0.50,0.92,partial_completion,104,0.4135,0.3173,1.0000
1.00,0.50,0.92,wrong_content,120,0.4667,0.5333,1.0000
1.00,0.50,0.92,wrong_destination,118,0.5085,0.4915,1.0000
1.00,0.50,0.92,wrong_field,110,0.5636,0.4364,1.0000
1.00,0.50,0.92,wrong_object,100,0.4500,0.1000,1.0000
1.00,0.65,0.92,extra_side_effect,111,0.5586,0.0631,1.0000
1.00,0.65,0.92,format_noise,103,1.0000,0.0000,0.3981
1.00,0.65,0.92,not_persisted,106,0.6321,0.0377,1.0000
1.00,0.65,0.92,partial_completion,104,0.5769,0.2308,1.0000
1.00,0.65,0.92,wrong_content,120,0.6583,0.3417,1.0000
1.00,0.65,0.92,wrong_destination,118,0.6610,0.3390,1.0000
1.00,0.65,0.92,wrong_field,110,0.7091,0.2909,1.0000
1.00,0.65,0.92,wrong_object,100,0.6000,0.1000,1.0000
1.00,0.78,0.92,extra_side_effect,111,0.7387,0.0631,1.0000
1.00,0.78,0.92,format_noise,103,1.0000,0.0000,0.3981
1.00,0.78,0.92,not_persisted,106,0.7358,0.0377,1.0000
1.00,0.78,0.92,partial_completion,104,0.7500,0.1346,1.0000
1.00,0.78,0.92,wrong_content,120,0.7750,0.2250,1.0000
1.00,0.78,0.92,wrong_destination,118,0.7712,0.2288,1.0000
1.00,0.78,0.92,wrong_field,110,0.8000,0.2000,1.0000
1.00,0.78,0.92,wrong_object,100,0.7000,0.1000,1.0000
1.00,0.90,0.92,extra_side_effect,111,0.8649,0.0631,1.0000
1.00,0.90,0.92,format_noise,103,1.0000,0.0000,0.3981
1.00,0.90,0.92,not_persisted,106,0.8491,0.0377,1.0000
1.00,0.90,0.92,partial_completion,104,0.8846,0.0673,1.0000
1.00,0.90,0.92,wrong_content,120,0.9000,0.1000,1.0000
1.00,0.90,0.92,wrong_destination,118,0.8898,0.1102,1.0000
1.00,0.90,0.92,wrong_field,110,0.9455,0.0545,1.0000
1.00,0.90,0.92,wrong_object,100,0.8100,0.1000,1.0000
0.60,0.50,1.00,extra_side_effect,111,0.2162,0.4505,0.5495
0.60,0.50,1.00,format_noise,103,1.0000,0.0000,0.2330
0.60,0.50,1.00,not_persisted,106,0.3208,0.1604,0.6415
0.60,0.50,1.00,partial_completion,104,0.2308,0.4038,0.5865
0.60,0.50,1.00,wrong_content,120,0.3000,0.7000,0.6250
0.60,0.50,1.00,wrong_destination,118,0.3051,0.6949,0.6864
0.60,0.50,1.00,wrong_field,110,0.4091,0.5909,0.6636
0.60,0.50,1.00,wrong_object,100,0.2900,0.3800,0.5700
0.60,0.65,1.00,extra_side_effect,111,0.2973,0.4505,0.5495
0.60,0.65,1.00,format_noise,103,1.0000,0.0000,0.2330
0.60,0.65,1.00,not_persisted,106,0.4057,0.1604,0.6415
0.60,0.65,1.00,partial_completion,104,0.3269,0.3558,0.5865
0.60,0.65,1.00,wrong_content,120,0.4083,0.5917,0.6250
0.60,0.65,1.00,wrong_destination,118,0.4153,0.5847,0.6864
0.60,0.65,1.00,wrong_field,110,0.5000,0.5000,0.6636
0.60,0.65,1.00,wrong_object,100,0.4000,0.3800,0.5700
0.60,0.78,1.00,extra_side_effect,111,0.4234,0.4505,0.5495
0.60,0.78,1.00,format_noise,103,1.0000,0.0000,0.2330
0.60,0.78,1.00,not_persisted,106,0.4623,0.1604,0.6415
0.60,0.78,1.00,partial_completion,104,0.4519,0.2885,0.5865
0.60,0.78,1.00,wrong_content,120,0.4750,0.5250,0.6250
0.60,0.78,1.00,wrong_destination,118,0.5085,0.4915,0.6864
0.60,0.78,1.00,wrong_field,110,0.5455,0.4545,0.6636
0.60,0.78,1.00,wrong_object,100,0.4600,0.3800,0.5700
0.60,0.90,1.00,extra_side_effect,111,0.4955,0.4505,0.5495
0.60,0.90,1.00,format_noise,103,1.0000,0.0000,0.2330
0.60,0.90,1.00,not_persisted,106,0.5660,0.1604,0.6415
0.60,0.90,1.00,partial_completion,104,0.5192,0.2596,0.5865
0.60,0.90,1.00,wrong_content,120,0.5583,0.4417,0.6250
0.60,0.90,1.00,wrong_destination,118,0.6017,0.3983,0.6864
0.60,0.90,1.00,wrong_field,110,0.6364,0.3636,0.6636
0.60,0.90,1.00,wrong_object,100,0.5300,0.3800,0.5700
0.75,0.50,1.00,extra_side_effect,111,0.2973,0.2523,0.7477
0.75,0.50,1.00,format_noise,103,1.0000,0.0000,0.3010
0.75,0.50,1.00,not_persisted,106,0.3962,0.0849,0.7736
0.75,0.50,1.00,partial_completion,104,0.3173,0.3654,0.7596
0.75,0.50,1.00,wrong_content,120,0.3833,0.6167,0.8000
0.75,0.50,1.00,wrong_destination,118,0.3983,0.6017,0.8644
0.75,0.50,1.00,wrong_field,110,0.4545,0.5455,0.8091
0.75,0.50,1.00,wrong_object,100,0.3500,0.2400,0.7200
0.75,0.65,1.00,extra_side_effect,111,0.4054,0.2523,0.7477
0.75,0.65,1.00,format_noise,103,1.0000,0.0000,0.3010
0.75,0.65,1.00,not_persisted,106,0.4811,0.0849,0.7736
0.75,0.65,1.00,partial_completion,104,0.4327,0.3077,0.7596
0.75,0.65,1.00,wrong_content,120,0.5417,0.4583,0.8000
0.75,0.65,1.00,wrong_destination,118,0.5508,0.4492,0.8644
0.75,0.65,1.00,wrong_field,110,0.5818,0.4182,0.8091
0.75,0.65,1.00,wrong_object,100,0.4800,0.2400,0.7200
0.75,0.78,1.00,extra_side_effect,111,0.5856,0.2523,0.7477
0.75,0.78,1.00,format_noise,103,1.0000,0.0000,0.3010
0.75,0.78,1.00,not_persisted,106,0.5566,0.0849,0.7736
0.75,0.78,1.00,partial_completion,104,0.5769,0.2212,0.7596
0.75,0.78,1.00,wrong_content,120,0.6250,0.3750,0.8000
0.75,0.78,1.00,wrong_destination,118,0.6525,0.3475,0.8644
0.75,0.78,1.00,wrong_field,110,0.6364,0.3636,0.8091
0.75,0.78,1.00,wrong_object,100,0.5700,0.2400,0.7200
0.75,0.90,1.00,extra_side_effect,111,0.6847,0.2523,0.7477
0.75,0.90,1.00,format_noise,103,1.0000,0.0000,0.3010
0.75,0.90,1.00,not_persisted,106,0.6698,0.0849,0.7736
0.75,0.90,1.00,partial_completion,104,0.6538,0.1827,0.7596
0.75,0.90,1.00,wrong_content,120,0.7167,0.2833,0.8000
0.75,0.90,1.00,wrong_destination,118,0.7542,0.2458,0.8644
0.75,0.90,1.00,wrong_field,110,0.7727,0.2273,0.8091
0.75,0.90,1.00,wrong_object,100,0.6600,0.2400,0.7200
0.90,0.50,1.00,extra_side_effect,111,0.3874,0.1261,0.8739
0.90,0.50,1.00,format_noise,103,1.0000,0.0000,0.3495
0.90,0.50,1.00,not_persisted,106,0.5000,0.0283,0.9528
0.90,0.50,1.00,partial_completion,104,0.3846,0.3365,0.9327
0.90,0.50,1.00,wrong_content,120,0.4250,0.5750,0.9083
0.90,0.50,1.00,wrong_destination,118,0.4746,0.5254,0.9661
0.90,0.50,1.00,wrong_field,110,0.5000,0.5000,0.9182
0.90,0.50,1.00,wrong_object,100,0.4400,0.0900,0.8800
0.90,0.65,1.00,extra_side_effect,111,0.5045,0.1261,0.8739
0.90,0.65,1.00,format_noise,103,1.0000,0.0000,0.3495
0.90,0.65,1.00,not_persisted,106,0.6132,0.0283,0.9528
0.90,0.65,1.00,partial_completion,104,0.5192,0.2596,0.9327
0.90,0.65,1.00,wrong_content,120,0.6000,0.4000,0.9083
0.90,0.65,1.00,wrong_destination,118,0.6271,0.3729,0.9661
0.90,0.65,1.00,wrong_field,110,0.6455,0.3545,0.9182
0.90,0.65,1.00,wrong_object,100,0.5800,0.0900,0.8800
0.90,0.78,1.00,extra_side_effect,111,0.6847,0.1261,0.8739
0.90,0.78,1.00,format_noise,103,1.0000,0.0000,0.3495
0.90,0.78,1.00,not_persisted,106,0.7264,0.0283,0.9528
0.90,0.78,1.00,partial_completion,104,0.6923,0.1635,0.9327
0.90,0.78,1.00,wrong_content,120,0.7083,0.2917,0.9083
0.90,0.78,1.00,wrong_destination,118,0.7373,0.2627,0.9661
0.90,0.78,1.00,wrong_field,110,0.7273,0.2727,0.9182
0.90,0.78,1.00,wrong_object,100,0.6900,0.0900,0.8800
0.90,0.90,1.00,extra_side_effect,111,0.8018,0.1261,0.8739
0.90,0.90,1.00,format_noise,103,1.0000,0.0000,0.3495
0.90,0.90,1.00,not_persisted,106,0.8396,0.0283,0.9528
0.90,0.90,1.00,partial_completion,104,0.8173,0.1058,0.9327
0.90,0.90,1.00,wrong_content,120,0.8167,0.1833,0.9083
0.90,0.90,1.00,wrong_destination,118,0.8559,0.1441,0.9661
0.90,0.90,1.00,wrong_field,110,0.8727,0.1273,0.9182
0.90,0.90,1.00,wrong_object,100,0.8100,0.0900,0.8800
1.00,0.50,1.00,extra_side_effect,111,0.4775,0.0000,1.0000
1.00,0.50,1.00,format_noise,103,1.0000,0.0000,0.3981
1.00,0.50,1.00,not_persisted,106,0.5377,0.0000,1.0000
1.00,0.50,1.00,partial_completion,104,0.4135,0.3173,1.0000
1.00,0.50,1.00,wrong_content,120,0.4667,0.5333,1.0000
1.00,0.50,1.00,wrong_destination,118,0.5085,0.4915,1.0000
1.00,0.50,1.00,wrong_field,110,0.5636,0.4364,1.0000
1.00,0.50,1.00,wrong_object,100,0.4900,0.0000,1.0000
1.00,0.65,1.00,extra_side_effect,111,0.5946,0.0000,1.0000
1.00,0.65,1.00,format_noise,103,1.0000,0.0000,0.3981
1.00,0.65,1.00,not_persisted,106,0.6604,0.0000,1.0000
1.00,0.65,1.00,partial_completion,104,0.5769,0.2308,1.0000
1.00,0.65,1.00,wrong_content,120,0.6583,0.3417,1.0000
1.00,0.65,1.00,wrong_destination,118,0.6610,0.3390,1.0000
1.00,0.65,1.00,wrong_field,110,0.7091,0.2909,1.0000
1.00,0.65,1.00,wrong_object,100,0.6500,0.0000,1.0000
1.00,0.78,1.00,extra_side_effect,111,0.7838,0.0000,1.0000
1.00,0.78,1.00,format_noise,103,1.0000,0.0000,0.3981
1.00,0.78,1.00,not_persisted,106,0.7736,0.0000,1.0000
1.00,0.78,1.00,partial_completion,104,0.7500,0.1346,1.0000
1.00,0.78,1.00,wrong_content,120,0.7750,0.2250,1.0000
1.00,0.78,1.00,wrong_destination,118,0.7712,0.2288,1.0000
1.00,0.78,1.00,wrong_field,110,0.8000,0.2000,1.0000
1.00,0.78,1.00,wrong_object,100,0.7700,0.0000,1.0000
1.00,0.90,1.00,extra_side_effect,111,0.9189,0.0000,1.0000
1.00,0.90,1.00,format_noise,103,1.0000,0.0000,0.3981
1.00,0.90,1.00,not_persisted,106,0.8868,0.0000,1.0000
1.00,0.90,1.00,partial_completion,104,0.8846,0.0673,1.0000
1.00,0.90,1.00,wrong_content,120,0.9000,0.1000,1.0000
1.00,0.90,1.00,wrong_destination,118,0.8898,0.1102,1.0000
1.00,0.90,1.00,wrong_field,110,0.9455,0.0545,1.0000
1.00,0.90,1.00,wrong_object,100,0.9000,0.0000,1.0000
