Audit ID,Prior v17 decision,v18 technical rerun,Human re-audit,Final decision,Issue severity,Issue count,Impact on success/residue/restoration classification,Final status,Provenance
B01,Pass,Not applicable,Not established in supplied v18 record,Pass,None,0,No material issue identified.,Technically closed; prior independent-human status not established here.,Prior v17 row is SIM-AI pre-audit; not converted to human evidence.
B02,Pass,Not applicable,Not established in supplied v18 record,Pass,None,0,No material issue identified.,Technically closed; prior independent-human status not established here.,Prior v17 row is SIM-AI pre-audit; not converted to human evidence.
B03,Pass,Not applicable,Not established in supplied v18 record,Pass,None,0,No material issue identified.,Technically closed; prior independent-human status not established here.,Prior v17 row is SIM-AI pre-audit; not converted to human evidence.
B04,Pass,Not applicable,Not established in supplied v18 record,Pass,None,0,No material issue identified.,Technically closed; prior independent-human status not established here.,Prior v17 row is SIM-AI pre-audit; not converted to human evidence.
B05,Pass,Not applicable,Not established in supplied v18 record,Pass,None,0,No material issue identified.,Technically closed; prior independent-human status not established here.,Prior v17 row is SIM-AI pre-audit; not converted to human evidence.
B06,Pass,Not applicable,Not established in supplied v18 record,Pass,None,0,No material issue identified.,Technically closed; prior independent-human status not established here.,Prior v17 row is SIM-AI pre-audit; not converted to human evidence.
B07,Pass,Not applicable,Not established in supplied v18 record,Pass,None,0,No material issue identified.,Technically closed; prior independent-human status not established here.,Prior v17 row is SIM-AI pre-audit; not converted to human evidence.
B08,Revise,PASS,Pass,Pass,None,0,"No changed classification identified by the v18 deterministic recheck; full 84,000-run rerun not required.",Closed after revision and human re-audit.,Human result recorded from author/user attestation dated 2026-08-23.
B09,Pass,Not applicable,Not established in supplied v18 record,Pass,None,0,No material issue identified.,Technically closed; prior independent-human status not established here.,Prior v17 row is SIM-AI pre-audit; not converted to human evidence.
B10,Revise,PASS,Pass,Pass,None,0,"No changed classification identified by the v18 deterministic recheck; full 84,000-run rerun not required.",Closed after revision and human re-audit.,Human result recorded from author/user attestation dated 2026-08-23.
B11,Revise,PASS,Pass,Pass,None,0,"No changed classification identified by the v18 deterministic recheck; full 84,000-run rerun not required.",Closed after revision and human re-audit.,Human result recorded from author/user attestation dated 2026-08-23.
B12,Revise,PASS,Pass,Pass,None,0,"No changed classification identified by the v18 deterministic recheck; full 84,000-run rerun not required.",Closed after revision and human re-audit.,Human result recorded from author/user attestation dated 2026-08-23.
