profile,method,weighted_cns,weighted_cns_rank,safe_utility,success,residue,unnecessary_repair,token_cost
original,NoCheck,0.1082,6,0.0672,0.1250,0.7416,0.0000,948.00
original,FinalVerifier,0.1295,5,0.1713,0.3029,0.6571,0.0463,2348.75
original,StepVerifier,0.0826,7,0.0460,0.1250,0.7416,0.0000,1459.34
original,ReflectionRetry,0.1997,3,0.5567,0.7438,0.2162,0.0463,3510.27
original,C-SDVR-NoRollback,0.1478,4,0.1896,0.3046,0.6554,0.0120,2117.69
original,C-SDVR-NoSeverity,0.2898,2,0.6010,0.7267,0.1795,0.0463,2372.48
original,C-SDVR,0.3088,1,0.6080,0.7267,0.1795,0.0120,2197.69
token_heavy,NoCheck,0.0893,6,0.0550,0.1250,0.7416,0.0000,948.00
token_heavy,FinalVerifier,0.1031,5,0.1389,0.3029,0.6571,0.0463,2348.75
token_heavy,StepVerifier,0.0658,7,0.0253,0.1250,0.7416,0.0000,1459.34
token_heavy,ReflectionRetry,0.1571,3,0.5064,0.7438,0.2162,0.0463,3510.27
token_heavy,C-SDVR-NoRollback,0.1166,4,0.1597,0.3046,0.6554,0.0120,2117.69
token_heavy,C-SDVR-NoSeverity,0.2275,2,0.5669,0.7267,0.1795,0.0463,2372.48
token_heavy,C-SDVR,0.2441,1,0.5768,0.7267,0.1795,0.0120,2197.69
action_heavy,NoCheck,0.0967,6,0.0601,0.1250,0.7416,0.0000,948.00
action_heavy,FinalVerifier,0.1244,5,0.1633,0.3029,0.6571,0.0463,2348.75
action_heavy,StepVerifier,0.0791,7,0.0431,0.1250,0.7416,0.0000,1459.34
action_heavy,ReflectionRetry,0.1998,3,0.5556,0.7438,0.2162,0.0463,3510.27
action_heavy,C-SDVR-NoRollback,0.1433,4,0.1842,0.3046,0.6554,0.0120,2117.69
action_heavy,C-SDVR-NoSeverity,0.2826,2,0.5974,0.7267,0.1795,0.0463,2372.48
action_heavy,C-SDVR,0.2985,1,0.6033,0.7267,0.1795,0.0120,2197.69
safety_heavy,NoCheck,0.1082,6,-1.6015,0.1250,0.7416,0.0000,948.00
safety_heavy,FinalVerifier,0.1268,5,-1.3211,0.3029,0.6571,0.0463,2348.75
safety_heavy,StepVerifier,0.0826,7,-1.6227,0.1250,0.7416,0.0000,1459.34
safety_heavy,ReflectionRetry,0.1982,3,0.0564,0.7438,0.2162,0.0463,3510.27
safety_heavy,C-SDVR-NoRollback,0.1469,4,-1.2886,0.3046,0.6554,0.0120,2117.69
safety_heavy,C-SDVR-NoSeverity,0.2863,2,0.1833,0.7267,0.1795,0.0463,2372.48
safety_heavy,C-SDVR,0.3078,1,0.2005,0.7267,0.1795,0.0120,2197.69
success_heavy,NoCheck,0.1804,6,-0.4659,0.1250,0.7416,0.0000,948.00
success_heavy,FinalVerifier,0.2132,5,-0.2735,0.3029,0.6571,0.0463,2348.75
success_heavy,StepVerifier,0.1377,7,-0.4786,0.1250,0.7416,0.0000,1459.34
success_heavy,ReflectionRetry,0.3313,3,0.4648,0.7438,0.2162,0.0463,3510.27
success_heavy,C-SDVR-NoRollback,0.2454,4,-0.2571,0.3046,0.6554,0.0120,2117.69
success_heavy,C-SDVR-NoSeverity,0.4795,2,0.5120,0.7267,0.1795,0.0463,2372.48
success_heavy,C-SDVR,0.5136,1,0.5196,0.7267,0.1795,0.0120,2197.69
