environment,domain,method,deviation_class,n_fault,success,residue,detection_recall,repair_attempt_rate,rollback_use_rate,mean_token_cost
browser,browser_form,C-SDVR,extra_side_effect,14,1.0000,0.0000,1.0000,1.0000,1.0000,2400.00
browser,browser_form,C-SDVR,not_persisted,15,1.0000,0.0000,1.0000,1.0000,1.0000,2400.00
browser,browser_form,C-SDVR,partial_completion,16,1.0000,0.0000,1.0000,1.0000,0.0000,2400.00
browser,browser_form,C-SDVR,wrong_content,10,1.0000,0.0000,1.0000,1.0000,0.0000,2400.00
browser,browser_form,C-SDVR,wrong_object,14,1.0000,0.0000,1.0000,1.0000,1.0000,2400.00
browser,browser_form,FinalVerifier,extra_side_effect,14,0.0000,1.0000,1.0000,1.0000,0.0000,2490.00
browser,browser_form,FinalVerifier,not_persisted,15,1.0000,0.0000,1.0000,1.0000,0.0000,2490.00
browser,browser_form,FinalVerifier,partial_completion,16,0.0000,1.0000,1.0000,1.0000,0.0000,2490.00
browser,browser_form,FinalVerifier,wrong_content,10,1.0000,0.0000,1.0000,1.0000,0.0000,2490.00
browser,browser_form,FinalVerifier,wrong_object,14,0.0000,1.0000,1.0000,1.0000,0.0000,2490.00
browser,browser_form,NoCheck,extra_side_effect,14,0.0000,1.0000,0.0000,0.0000,0.0000,720.00
browser,browser_form,NoCheck,not_persisted,15,0.0000,0.0000,0.0000,0.0000,0.0000,720.00
browser,browser_form,NoCheck,partial_completion,16,0.0000,1.0000,0.0000,0.0000,0.0000,720.00
browser,browser_form,NoCheck,wrong_content,10,0.0000,1.0000,0.0000,0.0000,0.0000,720.00
browser,browser_form,NoCheck,wrong_object,14,0.0000,1.0000,0.0000,0.0000,0.0000,720.00
controlled,file,C-SDVR,extra_side_effect,563,0.6696,0.1616,0.9183,0.9183,0.8384,2328.81
controlled,file,C-SDVR,format_noise,538,1.0000,0.0000,0.3587,0.0836,0.0000,1676.67
controlled,file,C-SDVR,not_persisted,551,0.7042,0.0000,0.9111,0.9111,0.8185,2317.13
controlled,file,C-SDVR,partial_completion,542,0.6845,0.0000,0.9170,0.9170,0.0000,2149.39
controlled,file,C-SDVR,wrong_content,514,0.7082,0.2918,0.9086,0.9086,0.0000,2122.70
controlled,file,C-SDVR,wrong_destination,521,0.7179,0.2821,0.9098,0.9098,0.0000,2126.30
controlled,file,C-SDVR,wrong_field,551,0.7005,0.2995,0.9292,0.9292,0.0000,2138.19
controlled,file,C-SDVR,wrong_object,524,0.6794,0.1298,0.9179,0.9179,0.8378,2323.40
controlled,file,C-SDVR-NoRollback,extra_side_effect,563,0.0000,1.0000,0.9183,0.9183,0.0000,2248.81
controlled,file,C-SDVR-NoRollback,format_noise,538,0.9851,0.0149,0.3587,0.0836,0.0000,1596.67
controlled,file,C-SDVR-NoRollback,not_persisted,551,0.7042,0.0000,0.9111,0.9111,0.0000,2237.13
controlled,file,C-SDVR-NoRollback,partial_completion,542,0.6845,0.0000,0.9170,0.9170,0.0000,2069.39
controlled,file,C-SDVR-NoRollback,wrong_content,514,0.4300,0.5700,0.9086,0.9086,0.0000,2042.70
controlled,file,C-SDVR-NoRollback,wrong_destination,521,0.0000,1.0000,0.9098,0.9098,0.0000,2046.30
controlled,file,C-SDVR-NoRollback,wrong_field,551,0.3721,0.6279,0.9292,0.9292,0.0000,2058.19
controlled,file,C-SDVR-NoRollback,wrong_object,524,0.2042,0.7691,0.9179,0.9179,0.0000,2243.40
controlled,file,C-SDVR-NoSeverity,extra_side_effect,563,0.6696,0.1616,0.9183,0.9183,0.8384,2488.81
controlled,file,C-SDVR-NoSeverity,format_noise,538,1.0000,0.0000,0.3587,0.3587,0.0000,1954.96
controlled,file,C-SDVR-NoSeverity,not_persisted,551,0.7042,0.0000,0.9111,0.9111,0.8185,2477.13
controlled,file,C-SDVR-NoSeverity,partial_completion,542,0.6845,0.0000,0.9170,0.9170,0.0000,2309.39
controlled,file,C-SDVR-NoSeverity,wrong_content,514,0.7082,0.2918,0.9086,0.9086,0.0000,2282.70
controlled,file,C-SDVR-NoSeverity,wrong_destination,521,0.7179,0.2821,0.9098,0.9098,0.0000,2286.30
controlled,file,C-SDVR-NoSeverity,wrong_field,551,0.7005,0.2995,0.9292,0.9292,0.0000,2298.19
controlled,file,C-SDVR-NoSeverity,wrong_object,524,0.6794,0.1298,0.9179,0.9179,0.8378,2483.40
controlled,file,FinalVerifier,extra_side_effect,563,0.0000,1.0000,0.9183,0.9183,0.0000,2374.10
controlled,file,FinalVerifier,format_noise,538,0.9572,0.0428,0.3587,0.3587,0.0000,1814.87
controlled,file,FinalVerifier,not_persisted,551,0.7042,0.0000,0.9111,0.9111,0.0000,2361.13
controlled,file,FinalVerifier,partial_completion,542,0.6845,0.0000,0.9170,0.9170,0.0000,2387.01
controlled,file,FinalVerifier,wrong_content,514,0.4300,0.5700,0.9086,0.9086,0.0000,2357.04
controlled,file,FinalVerifier,wrong_destination,521,0.0000,1.0000,0.9098,0.9098,0.0000,2361.11
controlled,file,FinalVerifier,wrong_field,551,0.3721,0.6279,0.9292,0.9292,0.0000,2380.58
controlled,file,FinalVerifier,wrong_object,524,0.2042,0.7691,0.9179,0.9179,0.0000,2368.63
controlled,file,NoCheck,extra_side_effect,563,0.0000,1.0000,0.0000,0.0000,0.0000,895.81
controlled,file,NoCheck,format_noise,538,1.0000,0.0000,0.0000,0.0000,0.0000,896.13
controlled,file,NoCheck,not_persisted,551,0.0000,0.0000,0.0000,0.0000,0.0000,890.05
controlled,file,NoCheck,partial_completion,542,0.0000,0.0000,0.0000,0.0000,0.0000,910.04
controlled,file,NoCheck,wrong_content,514,0.0000,1.0000,0.0000,0.0000,0.0000,888.48
controlled,file,NoCheck,wrong_destination,521,0.0000,1.0000,0.0000,0.0000,0.0000,891.32
controlled,file,NoCheck,wrong_field,551,0.0000,1.0000,0.0000,0.0000,0.0000,891.36
controlled,file,NoCheck,wrong_object,524,0.0000,0.8721,0.0000,0.0000,0.0000,890.69
controlled,file,ReflectionRetry,extra_side_effect,563,0.7353,0.2647,0.9183,0.9183,0.0000,3568.97
controlled,file,ReflectionRetry,format_noise,538,1.0000,0.0000,0.3587,0.3587,0.0000,2769.13
controlled,file,ReflectionRetry,not_persisted,551,0.7042,0.0000,0.9111,0.9111,0.0000,3552.89
controlled,file,ReflectionRetry,partial_completion,542,0.6845,0.0000,0.9170,0.9170,0.0000,3581.31
controlled,file,ReflectionRetry,wrong_content,514,0.7082,0.2918,0.9086,0.9086,0.0000,3547.72
controlled,file,ReflectionRetry,wrong_destination,521,0.7179,0.2821,0.9098,0.9098,0.0000,3552.32
controlled,file,ReflectionRetry,wrong_field,551,0.7005,0.2995,0.9292,0.9292,0.0000,3580.15
controlled,file,ReflectionRetry,wrong_object,524,0.7156,0.2576,0.9179,0.9179,0.0000,3563.34
controlled,file,StepVerifier,extra_side_effect,563,0.0000,1.0000,0.9183,0.0000,0.0000,1421.10
controlled,file,StepVerifier,format_noise,538,1.0000,0.0000,0.3587,0.0000,0.0000,1320.71
controlled,file,StepVerifier,not_persisted,551,0.0000,0.0000,0.9111,0.0000,0.0000,1414.05
controlled,file,StepVerifier,partial_completion,542,0.0000,0.0000,0.9170,0.0000,0.0000,1435.09
controlled,file,StepVerifier,wrong_content,514,0.0000,1.0000,0.9086,0.0000,0.0000,1412.02
controlled,file,StepVerifier,wrong_destination,521,0.0000,1.0000,0.9098,0.0000,0.0000,1415.09
controlled,file,StepVerifier,wrong_field,551,0.0000,1.0000,0.9292,0.0000,0.0000,1418.62
controlled,file,StepVerifier,wrong_object,524,0.0000,0.8721,0.9179,0.0000,0.0000,1415.92
controlled,web_form,C-SDVR,extra_side_effect,543,0.6280,0.1768,0.9006,0.9006,0.8232,2437.79
controlled,web_form,C-SDVR,format_noise,549,1.0000,0.0000,0.3825,0.1075,0.0000,1817.03
controlled,web_form,C-SDVR,not_persisted,538,0.6431,0.1691,0.8848,0.8848,0.8309,2385.50
controlled,web_form,C-SDVR,partial_completion,536,0.6604,0.3396,0.8918,0.8918,0.0000,2203.99
controlled,web_form,C-SDVR,wrong_content,565,0.7009,0.2991,0.9027,0.9027,0.0000,2251.82
controlled,web_form,C-SDVR,wrong_destination,558,0.7151,0.2849,0.9086,0.9086,0.0000,2255.32
controlled,web_form,C-SDVR,wrong_field,552,0.7319,0.2681,0.9022,0.9022,0.0000,2210.33
controlled,web_form,C-SDVR,wrong_object,552,0.6830,0.1721,0.9076,0.9076,0.8279,2404.24
controlled,web_form,C-SDVR-NoRollback,extra_side_effect,543,0.0000,1.0000,0.9006,0.9006,0.0000,2357.79
controlled,web_form,C-SDVR-NoRollback,format_noise,549,1.0000,0.0000,0.3825,0.1075,0.0000,1737.03
controlled,web_form,C-SDVR-NoRollback,not_persisted,538,0.0000,1.0000,0.8848,0.8848,0.0000,2305.50
controlled,web_form,C-SDVR-NoRollback,partial_completion,536,0.0000,1.0000,0.8918,0.8918,0.0000,2123.99
controlled,web_form,C-SDVR-NoRollback,wrong_content,565,0.4920,0.5080,0.9027,0.9027,0.0000,2171.82
controlled,web_form,C-SDVR-NoRollback,wrong_destination,558,0.0000,1.0000,0.9086,0.9086,0.0000,2175.32
controlled,web_form,C-SDVR-NoRollback,wrong_field,552,0.0000,1.0000,0.9022,0.9022,0.0000,2130.33
controlled,web_form,C-SDVR-NoRollback,wrong_object,552,0.0000,1.0000,0.9076,0.9076,0.0000,2324.24
controlled,web_form,C-SDVR-NoSeverity,extra_side_effect,543,0.6280,0.1768,0.9006,0.9006,0.8232,2597.79
controlled,web_form,C-SDVR-NoSeverity,format_noise,549,1.0000,0.0000,0.3825,0.3825,0.0000,2095.30
controlled,web_form,C-SDVR-NoSeverity,not_persisted,538,0.6431,0.1691,0.8848,0.8848,0.8309,2545.50
controlled,web_form,C-SDVR-NoSeverity,partial_completion,536,0.6604,0.3396,0.8918,0.8918,0.0000,2363.99
controlled,web_form,C-SDVR-NoSeverity,wrong_content,565,0.7009,0.2991,0.9027,0.9027,0.0000,2411.82
controlled,web_form,C-SDVR-NoSeverity,wrong_destination,558,0.7151,0.2849,0.9086,0.9086,0.0000,2415.32
controlled,web_form,C-SDVR-NoSeverity,wrong_field,552,0.7319,0.2681,0.9022,0.9022,0.0000,2370.33
controlled,web_form,C-SDVR-NoSeverity,wrong_object,552,0.6830,0.1721,0.9076,0.9076,0.8279,2564.24
controlled,web_form,FinalVerifier,extra_side_effect,543,0.0000,1.0000,0.9006,0.9006,0.0000,2479.89
controlled,web_form,FinalVerifier,format_noise,549,1.0000,0.0000,0.3825,0.3825,0.0000,1964.48
controlled,web_form,FinalVerifier,not_persisted,538,0.0000,1.0000,0.8848,0.8848,0.0000,2424.76
controlled,web_form,FinalVerifier,partial_completion,536,0.0000,1.0000,0.8918,0.8918,0.0000,2431.79
controlled,web_form,FinalVerifier,wrong_content,565,0.4920,0.5080,0.9027,0.9027,0.0000,2483.86
controlled,web_form,FinalVerifier,wrong_destination,558,0.0000,1.0000,0.9086,0.9086,0.0000,2489.68
controlled,web_form,FinalVerifier,wrong_field,552,0.0000,1.0000,0.9022,0.9022,0.0000,2442.17
controlled,web_form,FinalVerifier,wrong_object,552,0.0000,1.0000,0.9076,0.9076,0.0000,2447.61
controlled,web_form,NoCheck,extra_side_effect,543,0.0000,1.0000,0.0000,0.0000,0.0000,1019.34
controlled,web_form,NoCheck,format_noise,549,1.0000,0.0000,0.0000,0.0000,0.0000,1021.97
controlled,web_form,NoCheck,not_persisted,538,0.0000,1.0000,0.0000,0.0000,0.0000,980.00
controlled,web_form,NoCheck,partial_completion,536,0.0000,1.0000,0.0000,0.0000,0.0000,980.00
controlled,web_form,NoCheck,wrong_content,565,0.0000,1.0000,0.0000,0.0000,0.0000,1021.20
controlled,web_form,NoCheck,wrong_destination,558,0.0000,1.0000,0.0000,0.0000,0.0000,1021.08
controlled,web_form,NoCheck,wrong_field,552,0.0000,1.0000,0.0000,0.0000,0.0000,980.00
controlled,web_form,NoCheck,wrong_object,552,0.0000,1.0000,0.0000,0.0000,0.0000,980.00
controlled,web_form,ReflectionRetry,extra_side_effect,543,0.6851,0.3149,0.9006,0.9006,0.0000,3667.13
controlled,web_form,ReflectionRetry,format_noise,549,1.0000,0.0000,0.3825,0.3825,0.0000,2928.96
controlled,web_form,ReflectionRetry,not_persisted,538,0.6914,0.3086,0.8848,0.8848,0.0000,3605.20
controlled,web_form,ReflectionRetry,partial_completion,536,0.6604,0.3396,0.8918,0.8918,0.0000,3615.26
controlled,web_form,ReflectionRetry,wrong_content,565,0.7009,0.2991,0.9027,0.9027,0.0000,3672.00
controlled,web_form,ReflectionRetry,wrong_destination,558,0.7151,0.2849,0.9086,0.9086,0.0000,3680.38
controlled,web_form,ReflectionRetry,wrong_field,552,0.7319,0.2681,0.9022,0.9022,0.0000,3630.11
controlled,web_form,ReflectionRetry,wrong_object,552,0.7482,0.2518,0.9076,0.9076,0.0000,3637.88
controlled,web_form,StepVerifier,extra_side_effect,543,0.0000,1.0000,0.9006,0.0000,0.0000,1541.44
controlled,web_form,StepVerifier,format_noise,549,1.0000,0.0000,0.3825,0.0000,0.0000,1450.82
controlled,web_form,StepVerifier,not_persisted,538,0.0000,1.0000,0.8848,0.0000,0.0000,1499.26
controlled,web_form,StepVerifier,partial_completion,536,0.0000,1.0000,0.8918,0.0000,0.0000,1500.52
controlled,web_form,StepVerifier,wrong_content,565,0.0000,1.0000,0.9027,0.0000,0.0000,1543.68
controlled,web_form,StepVerifier,wrong_destination,558,0.0000,1.0000,0.9086,0.0000,0.0000,1544.62
controlled,web_form,StepVerifier,wrong_field,552,0.0000,1.0000,0.9022,0.0000,0.0000,1502.39
controlled,web_form,StepVerifier,wrong_object,552,0.0000,1.0000,0.9076,0.0000,0.0000,1503.37
live,file,C-SDVR,extra_side_effect,15,1.0000,0.0000,1.0000,1.0000,1.0000,2280.00
live,file,C-SDVR,partial_completion,11,1.0000,0.0000,1.0000,1.0000,0.0000,2280.00
live,file,C-SDVR,wrong_content,15,1.0000,0.0000,1.0000,1.0000,0.0000,2280.00
live,file,C-SDVR,wrong_destination,15,1.0000,0.0000,1.0000,1.0000,0.0000,2280.00
live,file,C-SDVR,wrong_object,14,1.0000,0.0000,1.0000,1.0000,1.0000,2280.00
live,file,FinalVerifier,extra_side_effect,15,0.0000,1.0000,1.0000,1.0000,0.0000,2380.00
live,file,FinalVerifier,partial_completion,11,0.0000,1.0000,1.0000,1.0000,0.0000,2380.00
live,file,FinalVerifier,wrong_content,15,0.0000,1.0000,1.0000,1.0000,0.0000,2380.00
live,file,FinalVerifier,wrong_destination,15,0.0000,1.0000,1.0000,1.0000,0.0000,2380.00
live,file,FinalVerifier,wrong_object,14,0.0000,1.0000,1.0000,1.0000,0.0000,2380.00
live,file,NoCheck,extra_side_effect,15,0.0000,1.0000,0.0000,0.0000,0.0000,700.00
live,file,NoCheck,partial_completion,11,0.0000,1.0000,0.0000,0.0000,0.0000,700.00
live,file,NoCheck,wrong_content,15,0.0000,1.0000,0.0000,0.0000,0.0000,700.00
live,file,NoCheck,wrong_destination,15,0.0000,1.0000,0.0000,0.0000,0.0000,700.00
live,file,NoCheck,wrong_object,14,0.0000,1.0000,0.0000,0.0000,0.0000,700.00
live,form,C-SDVR,extra_side_effect,13,1.0000,0.0000,1.0000,1.0000,1.0000,2280.00
live,form,C-SDVR,not_persisted,15,1.0000,0.0000,1.0000,1.0000,1.0000,2280.00
live,form,C-SDVR,partial_completion,18,1.0000,0.0000,1.0000,1.0000,0.0000,2280.00
live,form,C-SDVR,wrong_content,15,1.0000,0.0000,1.0000,1.0000,0.0000,2280.00
live,form,C-SDVR,wrong_object,17,1.0000,0.0000,1.0000,1.0000,1.0000,2280.00
live,form,FinalVerifier,extra_side_effect,13,0.0000,1.0000,1.0000,1.0000,0.0000,2380.00
live,form,FinalVerifier,not_persisted,15,1.0000,0.0000,1.0000,1.0000,0.0000,2380.00
live,form,FinalVerifier,partial_completion,18,1.0000,0.0000,1.0000,1.0000,0.0000,2380.00
live,form,FinalVerifier,wrong_content,15,1.0000,0.0000,1.0000,1.0000,0.0000,2380.00
live,form,FinalVerifier,wrong_object,17,0.0000,1.0000,1.0000,1.0000,0.0000,2380.00
live,form,NoCheck,extra_side_effect,13,0.0000,1.0000,0.0000,0.0000,0.0000,700.00
live,form,NoCheck,not_persisted,15,0.0000,0.0000,0.0000,0.0000,0.0000,700.00
live,form,NoCheck,partial_completion,18,0.0000,0.0000,0.0000,0.0000,0.0000,700.00
live,form,NoCheck,wrong_content,15,0.0000,1.0000,0.0000,0.0000,0.0000,700.00
live,form,NoCheck,wrong_object,17,0.0000,1.0000,0.0000,0.0000,0.0000,700.00
