method,n_runs,task_success_rate,detection_precision,detection_recall,detection_f1,critical_recall,mean_detection_latency,repair_success_proxy,repair_operation_success_rate,rollback_success_rate,rollback_use_rate,unnecessary_repair_rate,side_effect_residue_rate,mean_token_cost,mean_time_cost,mean_action_cost,cost_norm_success,fault_rate
NoCheck,4800,0.1328,0.0000,0.0000,0.0000,0.0000,0.0000,0.0000,0.0000,0.0000,0.0000,0.0000,0.7457,947.00,6.18,3.73,0.1142,0.20
FinalVerifier,4800,0.3105,1.0000,0.8284,0.9061,0.8940,2.2722,0.2762,0.7928,0.0000,0.0000,0.0104,0.6650,1675.96,11.23,4.36,0.1328,0.20
StepVerifier,4800,0.1328,1.0000,0.8284,0.9061,0.8940,0.4447,0.0000,0.0000,0.0000,0.0000,0.0000,0.7457,1337.41,8.85,3.73,0.0873,0.20
ReflectionRetry,4800,0.7528,1.0000,0.8284,0.9061,0.8940,2.2787,0.8101,0.7928,0.0000,0.0000,0.0104,0.2227,2548.61,18.62,4.53,0.2023,0.20
C-SDVR-NoRollback,4800,0.3115,1.0000,0.8284,0.9061,0.8940,0.4593,0.2380,0.7958,0.0000,0.0000,0.0017,0.6639,1659.95,10.82,4.11,0.1520,0.20
C-SDVR-NoSeverity,4800,0.7406,1.0000,0.8284,0.9061,0.8940,0.4462,0.7953,0.7928,0.9263,0.2952,0.0104,0.1890,1903.71,12.35,4.13,0.2958,0.20
C-SDVR,4800,0.7406,1.0000,0.8284,0.9061,0.8940,0.4429,0.7841,0.7958,0.9263,0.2952,0.0017,0.1890,1739.95,11.52,4.11,0.3159,0.20
NoCheck,4800,0.1249,0.0000,0.0000,0.0000,0.0000,0.0000,0.0000,0.0000,0.0000,0.0000,0.0000,0.7434,947.00,6.18,3.73,0.1077,0.40
FinalVerifier,4800,0.2934,1.0000,0.8294,0.9068,0.9137,2.2380,0.2625,0.7750,0.0000,0.0000,0.0198,0.6656,1840.33,12.25,4.96,0.1252,0.40
StepVerifier,4800,0.1249,1.0000,0.8294,0.9068,0.9137,0.4513,0.0000,0.0000,0.0000,0.0000,0.0000,0.7434,1367.00,9.01,3.73,0.0821,0.40
ReflectionRetry,4800,0.7315,1.0000,0.8294,0.9068,0.9137,2.2367,0.7906,0.7750,0.0000,0.0000,0.0198,0.2276,2783.67,20.01,5.29,0.1960,0.40
C-SDVR-NoRollback,4800,0.2955,1.0000,0.8294,0.9068,0.9137,0.4461,0.2283,0.7782,0.0000,0.0000,0.0040,0.6636,1772.71,11.47,4.50,0.1442,0.40
C-SDVR-NoSeverity,4800,0.7123,1.0000,0.8294,0.9068,0.9137,0.4473,0.7675,0.7750,0.9130,0.3157,0.0198,0.1903,2019.51,13.01,4.53,0.2838,0.40
C-SDVR,4800,0.7123,1.0000,0.8294,0.9068,0.9137,0.4477,0.7559,0.7782,0.9130,0.3157,0.0040,0.1903,1852.71,12.17,4.50,0.3031,0.40
NoCheck,4800,0.1253,0.0000,0.0000,0.0000,0.0000,0.0000,0.0000,0.0000,0.0000,0.0000,0.0000,0.7349,947.00,6.18,3.73,0.1092,0.60
FinalVerifier,4800,0.3012,1.0000,0.8325,0.9086,0.8905,2.2408,0.2702,0.7777,0.0000,0.0000,0.0302,0.6545,2020.54,13.36,5.64,0.1289,0.60
StepVerifier,4800,0.1253,1.0000,0.8325,0.9086,0.8905,0.4480,0.0000,0.0000,0.0000,0.0000,0.0000,0.7349,1399.44,9.19,3.73,0.0831,0.60
ReflectionRetry,4800,0.7362,1.0000,0.8325,0.9086,0.8905,2.2432,0.7927,0.7777,0.0000,0.0000,0.0302,0.2195,3041.36,21.55,6.15,0.1977,0.60
C-SDVR-NoRollback,4800,0.3029,1.0000,0.8325,0.9086,0.8905,0.4563,0.2408,0.7799,0.0000,0.0000,0.0090,0.6528,1893.82,12.16,4.91,0.1473,0.60
C-SDVR-NoSeverity,4800,0.7204,1.0000,0.8325,0.9086,0.8905,0.4485,0.7736,0.7777,0.9221,0.3040,0.0302,0.1878,2142.96,13.71,4.96,0.2877,0.60
C-SDVR,4800,0.7204,1.0000,0.8325,0.9086,0.8905,0.4490,0.7639,0.7799,0.9221,0.3040,0.0090,0.1878,1973.82,12.86,4.91,0.3066,0.60
NoCheck,4800,0.1235,0.0000,0.0000,0.0000,0.0000,0.0000,0.0000,0.0000,0.0000,0.0000,0.0000,0.7447,947.00,6.18,3.73,0.1065,0.72
FinalVerifier,4800,0.3006,1.0000,0.8404,0.9133,0.9070,2.2457,0.2605,0.7767,0.0000,0.0000,0.0304,0.6590,2118.04,13.97,6.00,0.1290,0.72
StepVerifier,4800,0.1235,1.0000,0.8404,0.9133,0.9070,0.4480,0.0000,0.0000,0.0000,0.0000,0.0000,0.7447,1416.99,9.29,3.73,0.0815,0.72
ReflectionRetry,4800,0.7433,1.0000,0.8404,0.9133,0.9070,2.2423,0.7872,0.7767,0.0000,0.0000,0.0304,0.2163,3180.79,22.37,6.61,0.1998,0.72
C-SDVR-NoRollback,4800,0.3034,1.0000,0.8404,0.9133,0.9070,0.4466,0.2336,0.7753,0.0000,0.0000,0.0063,0.6562,1961.41,12.55,5.15,0.1474,0.72
C-SDVR-NoSeverity,4800,0.7278,1.0000,0.8404,0.9133,0.9070,0.4455,0.7688,0.7767,0.9252,0.3155,0.0304,0.1771,2211.80,14.10,5.20,0.2903,0.72
C-SDVR,4800,0.7278,1.0000,0.8404,0.9133,0.9070,0.4523,0.7593,0.7753,0.9252,0.3155,0.0063,0.1771,2041.41,13.25,5.15,0.3092,0.72
NoCheck,4800,0.1236,0.0000,0.0000,0.0000,0.0000,0.0000,0.0000,0.0000,0.0000,0.0000,0.0000,0.7452,947.00,6.18,3.73,0.1077,0.80
FinalVerifier,4800,0.2945,1.0000,0.8244,0.9038,0.8984,2.2431,0.2602,0.7914,0.0000,0.0000,0.0348,0.6655,2164.29,14.26,6.17,0.1274,0.80
StepVerifier,4800,0.1236,1.0000,0.8244,0.9038,0.8984,0.4503,0.0000,0.0000,0.0000,0.0000,0.0000,0.7452,1425.31,9.34,3.73,0.0823,0.80
ReflectionRetry,4800,0.7384,1.0000,0.8244,0.9038,0.8984,2.2454,0.7987,0.7914,0.0000,0.0000,0.0348,0.2216,3246.93,22.77,6.83,0.1988,0.80
C-SDVR-NoRollback,4800,0.2968,1.0000,0.8244,0.9038,0.8984,0.4455,0.2344,0.7873,0.0000,0.0000,0.0102,0.6632,1994.25,12.73,5.26,0.1447,0.80
C-SDVR-NoSeverity,4800,0.7207,1.0000,0.8244,0.9038,0.8984,0.4508,0.7772,0.7914,0.9154,0.3109,0.0348,0.1892,2244.82,14.29,5.31,0.2881,0.80
C-SDVR,4800,0.7207,1.0000,0.8244,0.9038,0.8984,0.4526,0.7685,0.7873,0.9154,0.3109,0.0102,0.1892,2074.25,13.43,5.26,0.3066,0.80
