task_id,domain,model,policy,repeat,stage,oracle_target_satisfied,oracle_residue,judge_decision,judge_target_satisfied,judge_residue,judge_false_success,judge_side_effect_recall,invalid_judge_json,judge_json_repair_count,judge_raw_hash,audit_scope
v4_form_00,web_form,deepseek-v4-flash,LLMJudgeFinal,0,final,True,False,success,True,False,False,1.0,False,0,36f3ccab6ec2,single_object_exact_field
v4_form_00,web_form,deepseek-v4-flash,LLMJudgeFinal,1,final,True,False,success,True,False,False,1.0,False,0,36f3ccab6ec2,single_object_exact_field
v4_form_00,web_form,deepseek-v4-flash,LLMJudgeRetry,0,final,True,False,invalid,,,False,1.0,True,3,,single_object_exact_field
v4_form_00,web_form,deepseek-v4-flash,LLMJudgeRetry,1,final,True,False,success,True,False,False,1.0,False,0,36f3ccab6ec2,single_object_exact_field
v4_form_00,web_form,deepseek-v4-flash,LLMJudgeStep,0,step,True,False,success,True,False,False,1.0,False,0,36f3ccab6ec2,single_object_exact_field
v4_form_00,web_form,deepseek-v4-flash,LLMJudgeStep,1,step,True,False,success,True,False,False,1.0,False,0,36f3ccab6ec2,single_object_exact_field
v4_form_01,web_form,deepseek-v4-flash,LLMJudgeFinal,0,final,True,False,success,True,False,False,1.0,False,1,36f3ccab6ec2,single_object_exact_field
v4_form_01,web_form,deepseek-v4-flash,LLMJudgeFinal,1,final,True,False,success,True,False,False,1.0,False,1,36f3ccab6ec2,single_object_exact_field
v4_form_01,web_form,deepseek-v4-flash,LLMJudgeRetry,0,final,True,False,success,True,False,False,1.0,False,0,49f3213e66ae,single_object_exact_field
v4_form_01,web_form,deepseek-v4-flash,LLMJudgeRetry,1,final,True,False,success,True,False,False,1.0,False,1,36f3ccab6ec2,single_object_exact_field
v4_form_01,web_form,deepseek-v4-flash,LLMJudgeStep,0,step,True,False,success,True,False,False,1.0,False,0,36f3ccab6ec2,single_object_exact_field
v4_form_01,web_form,deepseek-v4-flash,LLMJudgeStep,1,step,True,False,success,True,False,False,1.0,False,0,36f3ccab6ec2,single_object_exact_field
v4_form_03,web_form,deepseek-v4-flash,LLMJudgeFinal,0,final,True,False,success,True,False,False,1.0,False,2,1e13cf3ab695,single_object_exact_field
v4_form_03,web_form,deepseek-v4-flash,LLMJudgeFinal,1,final,True,False,invalid,,,False,1.0,True,3,c18dffceae27,single_object_exact_field
v4_form_03,web_form,deepseek-v4-flash,LLMJudgeRetry,0,final,True,False,success,True,False,False,1.0,False,0,36f3ccab6ec2,single_object_exact_field
v4_form_03,web_form,deepseek-v4-flash,LLMJudgeRetry,1,final,True,False,success,True,False,False,1.0,False,0,36f3ccab6ec2,single_object_exact_field
v4_form_03,web_form,deepseek-v4-flash,LLMJudgeStep,0,step,True,False,invalid,,,False,1.0,True,3,,single_object_exact_field
v4_form_03,web_form,deepseek-v4-flash,LLMJudgeStep,1,step,True,False,invalid,,,False,1.0,True,3,,single_object_exact_field
v4_form_04,web_form,deepseek-v4-flash,LLMJudgeFinal,0,final,True,False,success,True,False,False,1.0,False,1,36f3ccab6ec2,single_object_exact_field
v4_form_04,web_form,deepseek-v4-flash,LLMJudgeFinal,1,final,True,False,success,True,False,False,1.0,False,2,36f3ccab6ec2,single_object_exact_field
v4_form_04,web_form,deepseek-v4-flash,LLMJudgeRetry,0,final,True,False,success,True,False,False,1.0,False,0,36f3ccab6ec2,single_object_exact_field
v4_form_04,web_form,deepseek-v4-flash,LLMJudgeRetry,1,final,True,False,success,True,False,False,1.0,False,0,36f3ccab6ec2,single_object_exact_field
v4_form_04,web_form,deepseek-v4-flash,LLMJudgeStep,0,step,True,False,success,True,False,False,1.0,False,0,36f3ccab6ec2,single_object_exact_field
v4_form_04,web_form,deepseek-v4-flash,LLMJudgeStep,1,step,True,False,success,True,False,False,1.0,False,1,36f3ccab6ec2,single_object_exact_field
v4_form_05,web_form,deepseek-v4-flash,LLMJudgeFinal,0,final,True,False,success,True,False,False,1.0,False,0,36f3ccab6ec2,single_object_exact_field
v4_form_05,web_form,deepseek-v4-flash,LLMJudgeFinal,1,final,True,False,success,True,False,False,1.0,False,1,36f3ccab6ec2,single_object_exact_field
v4_form_05,web_form,deepseek-v4-flash,LLMJudgeRetry,0,final,True,False,success,True,False,False,1.0,False,1,36f3ccab6ec2,single_object_exact_field
v4_form_05,web_form,deepseek-v4-flash,LLMJudgeRetry,1,final,True,False,success,True,False,False,1.0,False,0,36f3ccab6ec2,single_object_exact_field
v4_form_05,web_form,deepseek-v4-flash,LLMJudgeStep,0,step,True,False,success,True,False,False,1.0,False,0,36f3ccab6ec2,single_object_exact_field
v4_form_05,web_form,deepseek-v4-flash,LLMJudgeStep,1,step,True,False,success,True,False,False,1.0,False,0,36f3ccab6ec2,single_object_exact_field
v4_form_07,web_form,deepseek-v4-flash,LLMJudgeFinal,0,final,True,False,success,True,False,False,1.0,False,1,2e2254f59a39,single_object_exact_field
v4_form_07,web_form,deepseek-v4-flash,LLMJudgeFinal,1,final,True,False,invalid,,,False,1.0,True,3,e85dc40177fd,single_object_exact_field
v4_form_07,web_form,deepseek-v4-flash,LLMJudgeRetry,0,final,True,False,success,True,False,False,1.0,False,2,36f3ccab6ec2,single_object_exact_field
v4_form_07,web_form,deepseek-v4-flash,LLMJudgeRetry,1,final,True,False,success,True,False,False,1.0,False,0,36f3ccab6ec2,single_object_exact_field
v4_form_07,web_form,deepseek-v4-flash,LLMJudgeStep,0,step,True,False,invalid,,,False,1.0,True,3,,single_object_exact_field
v4_form_07,web_form,deepseek-v4-flash,LLMJudgeStep,1,step,True,False,success,True,False,False,1.0,False,0,36f3ccab6ec2,single_object_exact_field
v4_form_08,web_form,deepseek-v4-flash,LLMJudgeFinal,0,final,True,False,success,True,False,False,1.0,False,0,36f3ccab6ec2,single_object_exact_field
v4_form_08,web_form,deepseek-v4-flash,LLMJudgeFinal,1,final,True,False,success,True,False,False,1.0,False,0,36f3ccab6ec2,single_object_exact_field
v4_form_08,web_form,deepseek-v4-flash,LLMJudgeRetry,0,final,True,False,success,True,False,False,1.0,False,1,36f3ccab6ec2,single_object_exact_field
v4_form_08,web_form,deepseek-v4-flash,LLMJudgeRetry,1,final,True,False,success,True,False,False,1.0,False,0,36f3ccab6ec2,single_object_exact_field
v4_form_08,web_form,deepseek-v4-flash,LLMJudgeStep,0,step,True,False,success,True,False,False,1.0,False,1,36f3ccab6ec2,single_object_exact_field
v4_form_08,web_form,deepseek-v4-flash,LLMJudgeStep,1,step,True,False,success,True,False,False,1.0,False,0,36f3ccab6ec2,single_object_exact_field
v4_form_09,web_form,deepseek-v4-flash,LLMJudgeFinal,0,final,True,False,success,True,False,False,1.0,False,0,36f3ccab6ec2,single_object_exact_field
v4_form_09,web_form,deepseek-v4-flash,LLMJudgeFinal,1,final,True,False,success,True,False,False,1.0,False,1,334f3d64a93e,single_object_exact_field
v4_form_09,web_form,deepseek-v4-flash,LLMJudgeRetry,0,final,True,False,success,True,False,False,1.0,False,1,36f3ccab6ec2,single_object_exact_field
v4_form_09,web_form,deepseek-v4-flash,LLMJudgeRetry,1,final,True,False,success,True,False,False,1.0,False,0,36f3ccab6ec2,single_object_exact_field
v4_form_09,web_form,deepseek-v4-flash,LLMJudgeStep,0,step,True,False,success,True,False,False,1.0,False,0,36f3ccab6ec2,single_object_exact_field
v4_form_09,web_form,deepseek-v4-flash,LLMJudgeStep,1,step,True,False,success,True,False,False,1.0,False,0,36f3ccab6ec2,single_object_exact_field
v4_form_11,web_form,deepseek-v4-flash,LLMJudgeFinal,0,final,True,False,success,True,False,False,1.0,False,0,b110fbd6a6f6,single_object_exact_field
v4_form_11,web_form,deepseek-v4-flash,LLMJudgeFinal,1,final,True,False,success,True,False,False,1.0,False,0,36f3ccab6ec2,single_object_exact_field
v4_form_11,web_form,deepseek-v4-flash,LLMJudgeRetry,0,final,True,False,success,True,False,False,1.0,False,0,36f3ccab6ec2,single_object_exact_field
v4_form_11,web_form,deepseek-v4-flash,LLMJudgeRetry,1,final,True,False,success,True,False,False,1.0,False,1,36f3ccab6ec2,single_object_exact_field
v4_form_11,web_form,deepseek-v4-flash,LLMJudgeStep,0,step,True,False,success,True,False,False,1.0,False,0,36f3ccab6ec2,single_object_exact_field
v4_form_11,web_form,deepseek-v4-flash,LLMJudgeStep,1,step,True,False,success,True,False,False,1.0,False,1,36f3ccab6ec2,single_object_exact_field
v4_form_12,web_form,deepseek-v4-flash,LLMJudgeFinal,0,final,True,False,success,True,False,False,1.0,False,0,36f3ccab6ec2,single_object_exact_field
v4_form_12,web_form,deepseek-v4-flash,LLMJudgeFinal,1,final,True,False,success,True,False,False,1.0,False,0,36f3ccab6ec2,single_object_exact_field
v4_form_12,web_form,deepseek-v4-flash,LLMJudgeRetry,0,final,True,False,success,True,False,False,1.0,False,0,36f3ccab6ec2,single_object_exact_field
v4_form_12,web_form,deepseek-v4-flash,LLMJudgeRetry,1,final,True,False,success,True,False,False,1.0,False,2,36f3ccab6ec2,single_object_exact_field
v4_form_12,web_form,deepseek-v4-flash,LLMJudgeStep,0,step,True,False,success,True,False,False,1.0,False,0,36f3ccab6ec2,single_object_exact_field
v4_form_12,web_form,deepseek-v4-flash,LLMJudgeStep,1,step,True,False,success,True,False,False,1.0,False,1,36f3ccab6ec2,single_object_exact_field
v4_form_13,web_form,deepseek-v4-flash,LLMJudgeFinal,0,final,True,False,success,True,False,False,1.0,False,0,36f3ccab6ec2,single_object_exact_field
v4_form_13,web_form,deepseek-v4-flash,LLMJudgeFinal,1,final,True,False,success,True,False,False,1.0,False,0,36f3ccab6ec2,single_object_exact_field
v4_form_13,web_form,deepseek-v4-flash,LLMJudgeRetry,0,final,True,False,success,True,False,False,1.0,False,0,36f3ccab6ec2,single_object_exact_field
v4_form_13,web_form,deepseek-v4-flash,LLMJudgeRetry,1,final,True,False,success,True,False,False,1.0,False,0,36f3ccab6ec2,single_object_exact_field
v4_form_13,web_form,deepseek-v4-flash,LLMJudgeStep,0,step,True,False,success,True,False,False,1.0,False,1,36f3ccab6ec2,single_object_exact_field
v4_form_13,web_form,deepseek-v4-flash,LLMJudgeStep,1,step,True,False,success,True,False,False,1.0,False,0,36f3ccab6ec2,single_object_exact_field
v4_table_00,table,deepseek-v4-flash,LLMJudgeFinal,0,final,True,False,success,True,False,False,1.0,False,0,36f3ccab6ec2,single_object_exact_field
v4_table_00,table,deepseek-v4-flash,LLMJudgeFinal,1,final,True,False,success,True,False,False,1.0,False,0,36f3ccab6ec2,single_object_exact_field
v4_table_00,table,deepseek-v4-flash,LLMJudgeRetry,0,final,True,False,success,True,False,False,1.0,False,0,36f3ccab6ec2,single_object_exact_field
v4_table_00,table,deepseek-v4-flash,LLMJudgeRetry,1,final,True,False,invalid,,,False,1.0,True,3,1c1f7dda4ff6,single_object_exact_field
v4_table_00,table,deepseek-v4-flash,LLMJudgeStep,0,step,True,False,success,True,False,False,1.0,False,0,36f3ccab6ec2,single_object_exact_field
v4_table_00,table,deepseek-v4-flash,LLMJudgeStep,1,step,True,False,success,True,False,False,1.0,False,0,36f3ccab6ec2,single_object_exact_field
v4_table_01,table,deepseek-v4-flash,LLMJudgeFinal,0,final,True,False,success,True,False,False,1.0,False,0,36f3ccab6ec2,single_object_exact_field
v4_table_01,table,deepseek-v4-flash,LLMJudgeFinal,1,final,True,False,success,True,False,False,1.0,False,0,36f3ccab6ec2,single_object_exact_field
v4_table_01,table,deepseek-v4-flash,LLMJudgeRetry,0,final,True,False,success,True,False,False,1.0,False,0,36f3ccab6ec2,single_object_exact_field
v4_table_01,table,deepseek-v4-flash,LLMJudgeRetry,1,final,True,False,success,True,False,False,1.0,False,0,36f3ccab6ec2,single_object_exact_field
v4_table_01,table,deepseek-v4-flash,LLMJudgeStep,0,step,True,False,success,True,False,False,1.0,False,0,36f3ccab6ec2,single_object_exact_field
v4_table_01,table,deepseek-v4-flash,LLMJudgeStep,1,step,True,False,success,True,False,False,1.0,False,0,36f3ccab6ec2,single_object_exact_field
v4_table_02,table,deepseek-v4-flash,LLMJudgeFinal,0,final,True,False,success,True,False,False,1.0,False,0,36f3ccab6ec2,single_object_exact_field
v4_table_02,table,deepseek-v4-flash,LLMJudgeFinal,1,final,True,False,success,True,False,False,1.0,False,0,36f3ccab6ec2,single_object_exact_field
v4_table_02,table,deepseek-v4-flash,LLMJudgeRetry,0,final,True,False,success,True,False,False,1.0,False,0,36f3ccab6ec2,single_object_exact_field
v4_table_02,table,deepseek-v4-flash,LLMJudgeRetry,1,final,True,False,success,True,False,False,1.0,False,0,36f3ccab6ec2,single_object_exact_field
v4_table_02,table,deepseek-v4-flash,LLMJudgeStep,0,step,True,False,success,True,False,False,1.0,False,0,36f3ccab6ec2,single_object_exact_field
v4_table_02,table,deepseek-v4-flash,LLMJudgeStep,1,step,True,False,success,True,False,False,1.0,False,0,36f3ccab6ec2,single_object_exact_field
v4_table_03,table,deepseek-v4-flash,LLMJudgeFinal,0,final,True,False,success,True,False,False,1.0,False,0,36f3ccab6ec2,single_object_exact_field
v4_table_03,table,deepseek-v4-flash,LLMJudgeFinal,1,final,True,False,success,True,False,False,1.0,False,0,36f3ccab6ec2,single_object_exact_field
v4_table_03,table,deepseek-v4-flash,LLMJudgeRetry,0,final,True,False,success,True,False,False,1.0,False,0,36f3ccab6ec2,single_object_exact_field
v4_table_03,table,deepseek-v4-flash,LLMJudgeRetry,1,final,True,False,success,True,False,False,1.0,False,0,36f3ccab6ec2,single_object_exact_field
v4_table_03,table,deepseek-v4-flash,LLMJudgeStep,0,step,True,False,success,True,False,False,1.0,False,0,36f3ccab6ec2,single_object_exact_field
v4_table_03,table,deepseek-v4-flash,LLMJudgeStep,1,step,True,False,success,True,False,False,1.0,False,0,36f3ccab6ec2,single_object_exact_field
v4_table_04,table,deepseek-v4-flash,LLMJudgeFinal,0,final,True,False,success,True,False,False,1.0,False,0,36f3ccab6ec2,single_object_exact_field
v4_table_04,table,deepseek-v4-flash,LLMJudgeFinal,1,final,True,False,success,True,False,False,1.0,False,0,36f3ccab6ec2,single_object_exact_field
v4_table_04,table,deepseek-v4-flash,LLMJudgeRetry,0,final,True,False,success,True,False,False,1.0,False,0,92efc962b391,single_object_exact_field
v4_table_04,table,deepseek-v4-flash,LLMJudgeRetry,1,final,True,False,success,True,False,False,1.0,False,0,36f3ccab6ec2,single_object_exact_field
v4_table_04,table,deepseek-v4-flash,LLMJudgeStep,0,step,True,False,success,True,False,False,1.0,False,0,36f3ccab6ec2,single_object_exact_field
v4_table_04,table,deepseek-v4-flash,LLMJudgeStep,1,step,True,False,success,True,False,False,1.0,False,0,36f3ccab6ec2,single_object_exact_field
v4_table_05,table,deepseek-v4-flash,LLMJudgeFinal,0,final,True,False,success,True,False,False,1.0,False,0,36f3ccab6ec2,single_object_exact_field
v4_table_05,table,deepseek-v4-flash,LLMJudgeFinal,1,final,True,False,success,True,False,False,1.0,False,0,36f3ccab6ec2,single_object_exact_field
v4_table_05,table,deepseek-v4-flash,LLMJudgeRetry,0,final,True,False,success,True,False,False,1.0,False,0,257e8598186b,single_object_exact_field
v4_table_05,table,deepseek-v4-flash,LLMJudgeRetry,1,final,True,False,success,True,False,False,1.0,False,0,36f3ccab6ec2,single_object_exact_field
v4_table_05,table,deepseek-v4-flash,LLMJudgeStep,0,step,True,False,success,True,False,False,1.0,False,0,36f3ccab6ec2,single_object_exact_field
v4_table_05,table,deepseek-v4-flash,LLMJudgeStep,1,step,True,False,success,True,False,False,1.0,False,0,36f3ccab6ec2,single_object_exact_field
v4_workflow_00,workflow_micro,deepseek-v4-flash,LLMJudgeFinal,0,final,False,False,failure,False,False,False,1.0,False,0,ca393d186ccc,single_object_exact_field
v4_workflow_00,workflow_micro,deepseek-v4-flash,LLMJudgeFinal,1,final,True,False,success,True,False,False,1.0,False,0,36f3ccab6ec2,single_object_exact_field
v4_workflow_00,workflow_micro,deepseek-v4-flash,LLMJudgeRetry,0,final,False,False,failure,False,False,False,1.0,False,0,88897b2f7bbe,single_object_exact_field
v4_workflow_00,workflow_micro,deepseek-v4-flash,LLMJudgeRetry,1,final,False,False,failure,False,False,False,1.0,False,0,33d0e644f3be,single_object_exact_field
v4_workflow_00,workflow_micro,deepseek-v4-flash,LLMJudgeStep,0,step,False,False,failure,False,False,False,1.0,False,1,57badcc9c941,single_object_exact_field
v4_workflow_00,workflow_micro,deepseek-v4-flash,LLMJudgeStep,1,step,False,False,failure,False,False,False,1.0,False,0,aad84842e603,single_object_exact_field
v4_workflow_01,workflow_micro,deepseek-v4-flash,LLMJudgeFinal,0,final,False,False,failure,False,False,False,1.0,False,0,9dbaeb536ece,single_object_exact_field
v4_workflow_01,workflow_micro,deepseek-v4-flash,LLMJudgeFinal,1,final,False,False,failure,False,False,False,1.0,False,0,0b6268cefd59,single_object_exact_field
v4_workflow_01,workflow_micro,deepseek-v4-flash,LLMJudgeRetry,0,final,False,False,failure,False,False,False,1.0,False,0,a623ded73cfb,single_object_exact_field
v4_workflow_01,workflow_micro,deepseek-v4-flash,LLMJudgeRetry,1,final,False,False,failure,False,False,False,1.0,False,0,a623ded73cfb,single_object_exact_field
v4_workflow_01,workflow_micro,deepseek-v4-flash,LLMJudgeStep,0,step,False,False,failure,False,False,False,1.0,False,1,78a26fc509e0,single_object_exact_field
v4_workflow_01,workflow_micro,deepseek-v4-flash,LLMJudgeStep,1,step,False,False,failure,False,False,False,1.0,False,0,65926d138c37,single_object_exact_field
v4_workflow_02,workflow_micro,deepseek-v4-flash,LLMJudgeFinal,0,final,False,False,failure,False,False,False,1.0,False,0,d9629f9899e5,single_object_exact_field
v4_workflow_02,workflow_micro,deepseek-v4-flash,LLMJudgeFinal,1,final,False,False,failure,False,False,False,1.0,False,0,aad84842e603,single_object_exact_field
v4_workflow_02,workflow_micro,deepseek-v4-flash,LLMJudgeRetry,0,final,False,False,failure,False,False,False,1.0,False,0,a656e5606adc,single_object_exact_field
v4_workflow_02,workflow_micro,deepseek-v4-flash,LLMJudgeRetry,1,final,False,False,failure,False,False,False,1.0,False,0,57badcc9c941,single_object_exact_field
v4_workflow_02,workflow_micro,deepseek-v4-flash,LLMJudgeStep,0,step,False,False,failure,False,False,False,1.0,False,1,5974c29b1d1b,single_object_exact_field
v4_workflow_02,workflow_micro,deepseek-v4-flash,LLMJudgeStep,1,step,True,False,success,True,False,False,1.0,False,0,36f3ccab6ec2,single_object_exact_field
v4_workflow_03,workflow_micro,deepseek-v4-flash,LLMJudgeFinal,0,final,True,False,success,True,False,False,1.0,False,0,36f3ccab6ec2,single_object_exact_field
v4_workflow_03,workflow_micro,deepseek-v4-flash,LLMJudgeFinal,1,final,False,False,failure,False,False,False,1.0,False,0,1b4ba747fd24,single_object_exact_field
v4_workflow_03,workflow_micro,deepseek-v4-flash,LLMJudgeRetry,0,final,False,False,failure,False,False,False,1.0,False,1,321e82ec7151,single_object_exact_field
v4_workflow_03,workflow_micro,deepseek-v4-flash,LLMJudgeRetry,1,final,True,False,success,True,False,False,1.0,False,0,dda98d2e6d43,single_object_exact_field
v4_workflow_03,workflow_micro,deepseek-v4-flash,LLMJudgeStep,0,step,False,False,failure,False,False,False,1.0,False,0,fb58868abad9,single_object_exact_field
v4_workflow_03,workflow_micro,deepseek-v4-flash,LLMJudgeStep,1,step,True,False,success,True,False,False,1.0,False,0,36f3ccab6ec2,single_object_exact_field
v4_workflow_04,workflow_micro,deepseek-v4-flash,LLMJudgeFinal,0,final,False,False,failure,False,False,False,1.0,False,1,a9f2f72d73cc,single_object_exact_field
v4_workflow_04,workflow_micro,deepseek-v4-flash,LLMJudgeFinal,1,final,False,False,failure,False,False,False,1.0,False,0,407e411fd299,single_object_exact_field
v4_workflow_04,workflow_micro,deepseek-v4-flash,LLMJudgeRetry,0,final,False,False,failure,False,False,False,1.0,False,1,ba9444b55c13,single_object_exact_field
v4_workflow_04,workflow_micro,deepseek-v4-flash,LLMJudgeRetry,1,final,False,False,failure,False,False,False,1.0,False,0,d5d916386dbf,single_object_exact_field
v4_workflow_04,workflow_micro,deepseek-v4-flash,LLMJudgeStep,0,step,False,False,failure,False,False,False,1.0,False,1,c4ec11329b86,single_object_exact_field
v4_workflow_04,workflow_micro,deepseek-v4-flash,LLMJudgeStep,1,step,False,False,failure,False,False,False,1.0,False,0,c857990ddb7a,single_object_exact_field
v4_workflow_05,workflow_micro,deepseek-v4-flash,LLMJudgeFinal,0,final,False,False,failure,False,False,False,1.0,False,1,a9f2f72d73cc,single_object_exact_field
v4_workflow_05,workflow_micro,deepseek-v4-flash,LLMJudgeFinal,1,final,True,False,success,True,False,False,1.0,False,0,36f3ccab6ec2,single_object_exact_field
v4_workflow_05,workflow_micro,deepseek-v4-flash,LLMJudgeRetry,0,final,False,False,failure,False,False,False,1.0,False,0,fcd5307ce75b,single_object_exact_field
v4_workflow_05,workflow_micro,deepseek-v4-flash,LLMJudgeRetry,1,final,False,False,failure,False,False,False,1.0,False,0,4c1b87cafd53,single_object_exact_field
v4_workflow_05,workflow_micro,deepseek-v4-flash,LLMJudgeStep,0,step,False,False,failure,False,False,False,1.0,False,1,653f7c6ff351,single_object_exact_field
v4_workflow_05,workflow_micro,deepseek-v4-flash,LLMJudgeStep,1,step,False,False,failure,False,False,False,1.0,False,1,54baca30c8e9,single_object_exact_field
v4_form_00,web_form,deepseek-v4-pro,LLMJudgeFinal,0,final,True,False,success,True,False,False,1.0,False,0,36f3ccab6ec2,single_object_exact_field
v4_form_00,web_form,deepseek-v4-pro,LLMJudgeFinal,1,final,True,False,success,True,False,False,1.0,False,0,36f3ccab6ec2,single_object_exact_field
v4_form_00,web_form,deepseek-v4-pro,LLMJudgeRetry,0,final,True,False,success,True,False,False,1.0,False,0,36f3ccab6ec2,single_object_exact_field
v4_form_00,web_form,deepseek-v4-pro,LLMJudgeRetry,1,final,True,False,success,True,False,False,1.0,False,1,78cf8a724205,single_object_exact_field
v4_form_00,web_form,deepseek-v4-pro,LLMJudgeStep,0,step,True,False,success,True,False,False,1.0,False,1,36f3ccab6ec2,single_object_exact_field
v4_form_00,web_form,deepseek-v4-pro,LLMJudgeStep,1,step,True,False,invalid,,,False,1.0,True,3,,single_object_exact_field
v4_form_01,web_form,deepseek-v4-pro,LLMJudgeFinal,0,final,True,False,success,True,False,False,1.0,False,0,36f3ccab6ec2,single_object_exact_field
v4_form_01,web_form,deepseek-v4-pro,LLMJudgeFinal,1,final,True,False,invalid,,,False,1.0,True,3,6c9a1151101d,single_object_exact_field
v4_form_01,web_form,deepseek-v4-pro,LLMJudgeRetry,0,final,True,False,invalid,,,False,1.0,True,3,,single_object_exact_field
v4_form_01,web_form,deepseek-v4-pro,LLMJudgeRetry,1,final,True,False,success,True,False,False,1.0,False,0,36f3ccab6ec2,single_object_exact_field
v4_form_01,web_form,deepseek-v4-pro,LLMJudgeStep,0,step,True,False,success,True,False,False,1.0,False,1,36f3ccab6ec2,single_object_exact_field
v4_form_01,web_form,deepseek-v4-pro,LLMJudgeStep,1,step,False,False,invalid,,,False,1.0,True,3,,single_object_exact_field
v4_form_03,web_form,deepseek-v4-pro,LLMJudgeFinal,0,final,True,False,invalid,,,False,1.0,True,3,,single_object_exact_field
v4_form_03,web_form,deepseek-v4-pro,LLMJudgeFinal,1,final,True,False,invalid,,,False,1.0,True,3,,single_object_exact_field
v4_form_03,web_form,deepseek-v4-pro,LLMJudgeRetry,0,final,True,False,invalid,,,False,1.0,True,3,c3872df92449,single_object_exact_field
v4_form_03,web_form,deepseek-v4-pro,LLMJudgeRetry,1,final,True,False,success,True,False,False,1.0,False,2,36f3ccab6ec2,single_object_exact_field
v4_form_03,web_form,deepseek-v4-pro,LLMJudgeStep,0,step,True,False,invalid,,,False,1.0,True,3,,single_object_exact_field
v4_form_03,web_form,deepseek-v4-pro,LLMJudgeStep,1,step,True,False,invalid,,,False,1.0,True,3,,single_object_exact_field
v4_form_04,web_form,deepseek-v4-pro,LLMJudgeFinal,0,final,True,False,success,True,False,False,1.0,False,0,36f3ccab6ec2,single_object_exact_field
v4_form_04,web_form,deepseek-v4-pro,LLMJudgeFinal,1,final,True,False,success,True,False,False,1.0,False,1,36f3ccab6ec2,single_object_exact_field
v4_form_04,web_form,deepseek-v4-pro,LLMJudgeRetry,0,final,True,False,success,True,False,False,1.0,False,0,36f3ccab6ec2,single_object_exact_field
v4_form_04,web_form,deepseek-v4-pro,LLMJudgeRetry,1,final,True,False,success,True,False,False,1.0,False,0,36f3ccab6ec2,single_object_exact_field
v4_form_04,web_form,deepseek-v4-pro,LLMJudgeStep,0,step,True,False,success,True,False,False,1.0,False,0,36f3ccab6ec2,single_object_exact_field
v4_form_04,web_form,deepseek-v4-pro,LLMJudgeStep,1,step,True,False,success,True,False,False,1.0,False,1,36f3ccab6ec2,single_object_exact_field
v4_form_05,web_form,deepseek-v4-pro,LLMJudgeFinal,0,final,True,False,success,True,False,False,1.0,False,0,36f3ccab6ec2,single_object_exact_field
v4_form_05,web_form,deepseek-v4-pro,LLMJudgeFinal,1,final,True,False,success,True,False,False,1.0,False,1,36f3ccab6ec2,single_object_exact_field
v4_form_05,web_form,deepseek-v4-pro,LLMJudgeRetry,0,final,True,False,success,True,False,False,1.0,False,1,a3b14e6900fb,single_object_exact_field
v4_form_05,web_form,deepseek-v4-pro,LLMJudgeRetry,1,final,True,False,success,True,False,False,1.0,False,0,36f3ccab6ec2,single_object_exact_field
v4_form_05,web_form,deepseek-v4-pro,LLMJudgeStep,0,step,True,False,success,True,False,False,1.0,False,2,36f3ccab6ec2,single_object_exact_field
v4_form_05,web_form,deepseek-v4-pro,LLMJudgeStep,1,step,True,False,invalid,,,False,1.0,True,3,,single_object_exact_field
v4_form_07,web_form,deepseek-v4-pro,LLMJudgeFinal,0,final,True,False,invalid,,,False,1.0,True,3,,single_object_exact_field
v4_form_07,web_form,deepseek-v4-pro,LLMJudgeFinal,1,final,True,False,invalid,,,False,1.0,True,3,,single_object_exact_field
v4_form_07,web_form,deepseek-v4-pro,LLMJudgeRetry,0,final,True,False,invalid,,,False,1.0,True,3,,single_object_exact_field
v4_form_07,web_form,deepseek-v4-pro,LLMJudgeRetry,1,final,True,False,invalid,,,False,1.0,True,3,,single_object_exact_field
v4_form_07,web_form,deepseek-v4-pro,LLMJudgeStep,0,step,True,False,success,True,False,False,1.0,False,0,36f3ccab6ec2,single_object_exact_field
v4_form_07,web_form,deepseek-v4-pro,LLMJudgeStep,1,step,True,False,invalid,,,False,1.0,True,3,,single_object_exact_field
v4_form_08,web_form,deepseek-v4-pro,LLMJudgeFinal,0,final,True,False,success,True,False,False,1.0,False,1,36f3ccab6ec2,single_object_exact_field
v4_form_08,web_form,deepseek-v4-pro,LLMJudgeFinal,1,final,True,False,success,True,False,False,1.0,False,0,36f3ccab6ec2,single_object_exact_field
v4_form_08,web_form,deepseek-v4-pro,LLMJudgeRetry,0,final,True,False,success,True,False,False,1.0,False,0,36f3ccab6ec2,single_object_exact_field
v4_form_08,web_form,deepseek-v4-pro,LLMJudgeRetry,1,final,True,False,success,True,False,False,1.0,False,2,36f3ccab6ec2,single_object_exact_field
v4_form_08,web_form,deepseek-v4-pro,LLMJudgeStep,0,step,True,False,success,True,False,False,1.0,False,2,36f3ccab6ec2,single_object_exact_field
v4_form_08,web_form,deepseek-v4-pro,LLMJudgeStep,1,step,True,False,success,True,False,False,1.0,False,0,36f3ccab6ec2,single_object_exact_field
v4_form_09,web_form,deepseek-v4-pro,LLMJudgeFinal,0,final,True,False,success,True,False,False,1.0,False,1,36f3ccab6ec2,single_object_exact_field
v4_form_09,web_form,deepseek-v4-pro,LLMJudgeFinal,1,final,True,False,success,True,False,False,1.0,False,2,36f3ccab6ec2,single_object_exact_field
v4_form_09,web_form,deepseek-v4-pro,LLMJudgeRetry,0,final,True,False,invalid,,,False,1.0,True,3,20b6b8c19281,single_object_exact_field
v4_form_09,web_form,deepseek-v4-pro,LLMJudgeRetry,1,final,True,False,success,True,False,False,1.0,False,1,36f3ccab6ec2,single_object_exact_field
v4_form_09,web_form,deepseek-v4-pro,LLMJudgeStep,0,step,True,False,success,True,False,False,1.0,False,0,36f3ccab6ec2,single_object_exact_field
v4_form_09,web_form,deepseek-v4-pro,LLMJudgeStep,1,step,True,False,success,True,False,False,1.0,False,0,36f3ccab6ec2,single_object_exact_field
v4_form_11,web_form,deepseek-v4-pro,LLMJudgeFinal,0,final,True,False,success,True,False,False,1.0,False,1,257e8598186b,single_object_exact_field
v4_form_11,web_form,deepseek-v4-pro,LLMJudgeFinal,1,final,True,False,success,True,False,False,1.0,False,2,36f3ccab6ec2,single_object_exact_field
v4_form_11,web_form,deepseek-v4-pro,LLMJudgeRetry,0,final,True,False,invalid,,,False,1.0,True,3,,single_object_exact_field
v4_form_11,web_form,deepseek-v4-pro,LLMJudgeRetry,1,final,False,False,invalid,,,False,1.0,True,3,,single_object_exact_field
v4_form_11,web_form,deepseek-v4-pro,LLMJudgeStep,0,step,True,False,invalid,,,False,1.0,True,3,,single_object_exact_field
v4_form_11,web_form,deepseek-v4-pro,LLMJudgeStep,1,step,True,False,success,True,False,False,1.0,False,1,36f3ccab6ec2,single_object_exact_field
v4_form_12,web_form,deepseek-v4-pro,LLMJudgeFinal,0,final,True,False,success,True,False,False,1.0,False,1,36f3ccab6ec2,single_object_exact_field
v4_form_12,web_form,deepseek-v4-pro,LLMJudgeFinal,1,final,True,False,success,True,False,False,1.0,False,1,36f3ccab6ec2,single_object_exact_field
v4_form_12,web_form,deepseek-v4-pro,LLMJudgeRetry,0,final,True,False,success,True,False,False,1.0,False,0,36f3ccab6ec2,single_object_exact_field
v4_form_12,web_form,deepseek-v4-pro,LLMJudgeRetry,1,final,True,False,invalid,,,False,1.0,True,3,103ba975fa5b,single_object_exact_field
v4_form_12,web_form,deepseek-v4-pro,LLMJudgeStep,0,step,True,False,success,True,False,False,1.0,False,0,36f3ccab6ec2,single_object_exact_field
v4_form_12,web_form,deepseek-v4-pro,LLMJudgeStep,1,step,True,False,success,True,False,False,1.0,False,0,36f3ccab6ec2,single_object_exact_field
v4_form_13,web_form,deepseek-v4-pro,LLMJudgeFinal,0,final,True,False,invalid,,,False,1.0,True,3,d24ebf44921a,single_object_exact_field
v4_form_13,web_form,deepseek-v4-pro,LLMJudgeFinal,1,final,True,False,success,True,False,False,1.0,False,0,36f3ccab6ec2,single_object_exact_field
v4_form_13,web_form,deepseek-v4-pro,LLMJudgeRetry,0,final,True,False,success,True,False,False,1.0,False,2,36f3ccab6ec2,single_object_exact_field
v4_form_13,web_form,deepseek-v4-pro,LLMJudgeRetry,1,final,True,False,invalid,,,False,1.0,True,3,20b6b8c19281,single_object_exact_field
v4_form_13,web_form,deepseek-v4-pro,LLMJudgeStep,0,step,True,False,success,True,False,False,1.0,False,2,36f3ccab6ec2,single_object_exact_field
v4_form_13,web_form,deepseek-v4-pro,LLMJudgeStep,1,step,True,False,success,True,False,False,1.0,False,0,36f3ccab6ec2,single_object_exact_field
v4_table_00,table,deepseek-v4-pro,LLMJudgeFinal,0,final,True,False,success,True,False,False,1.0,False,1,36f3ccab6ec2,single_object_exact_field
v4_table_00,table,deepseek-v4-pro,LLMJudgeFinal,1,final,True,False,success,,,False,1.0,False,2,5ee842126876,single_object_exact_field
v4_table_00,table,deepseek-v4-pro,LLMJudgeRetry,0,final,True,False,success,True,False,False,1.0,False,0,36f3ccab6ec2,single_object_exact_field
v4_table_00,table,deepseek-v4-pro,LLMJudgeRetry,1,final,True,False,success,True,False,False,1.0,False,0,36f3ccab6ec2,single_object_exact_field
v4_table_00,table,deepseek-v4-pro,LLMJudgeStep,0,step,True,False,success,True,False,False,1.0,False,0,36f3ccab6ec2,single_object_exact_field
v4_table_00,table,deepseek-v4-pro,LLMJudgeStep,1,step,True,False,success,True,False,False,1.0,False,0,36f3ccab6ec2,single_object_exact_field
v4_table_01,table,deepseek-v4-pro,LLMJudgeFinal,0,final,True,False,success,True,False,False,1.0,False,2,93cfe5ec1b2b,single_object_exact_field
v4_table_01,table,deepseek-v4-pro,LLMJudgeFinal,1,final,True,False,success,True,False,False,1.0,False,2,36f3ccab6ec2,single_object_exact_field
v4_table_01,table,deepseek-v4-pro,LLMJudgeRetry,0,final,True,False,success,True,False,False,1.0,False,2,2c5cab38a8a2,single_object_exact_field
v4_table_01,table,deepseek-v4-pro,LLMJudgeRetry,1,final,True,False,success,True,False,False,1.0,False,0,36f3ccab6ec2,single_object_exact_field
v4_table_01,table,deepseek-v4-pro,LLMJudgeStep,0,step,True,False,success,True,False,False,1.0,False,0,36f3ccab6ec2,single_object_exact_field
v4_table_01,table,deepseek-v4-pro,LLMJudgeStep,1,step,True,False,success,True,False,False,1.0,False,1,36f3ccab6ec2,single_object_exact_field
v4_table_02,table,deepseek-v4-pro,LLMJudgeFinal,0,final,True,False,success,True,False,False,1.0,False,0,36f3ccab6ec2,single_object_exact_field
v4_table_02,table,deepseek-v4-pro,LLMJudgeFinal,1,final,True,False,success,True,False,False,1.0,False,0,36f3ccab6ec2,single_object_exact_field
v4_table_02,table,deepseek-v4-pro,LLMJudgeRetry,0,final,True,False,success,True,False,False,1.0,False,1,36f3ccab6ec2,single_object_exact_field
v4_table_02,table,deepseek-v4-pro,LLMJudgeRetry,1,final,True,False,success,True,False,False,1.0,False,0,36f3ccab6ec2,single_object_exact_field
v4_table_02,table,deepseek-v4-pro,LLMJudgeStep,0,step,True,False,success,,,False,1.0,False,0,fc0219338193,single_object_exact_field
v4_table_02,table,deepseek-v4-pro,LLMJudgeStep,1,step,True,False,success,True,False,False,1.0,False,0,c252494ab9a9,single_object_exact_field
v4_table_03,table,deepseek-v4-pro,LLMJudgeFinal,0,final,True,False,success,True,False,False,1.0,False,0,36f3ccab6ec2,single_object_exact_field
v4_table_03,table,deepseek-v4-pro,LLMJudgeFinal,1,final,True,False,success,True,False,False,1.0,False,2,36f3ccab6ec2,single_object_exact_field
v4_table_03,table,deepseek-v4-pro,LLMJudgeRetry,0,final,True,False,success,True,False,False,1.0,False,0,36f3ccab6ec2,single_object_exact_field
v4_table_03,table,deepseek-v4-pro,LLMJudgeRetry,1,final,True,False,success,True,False,False,1.0,False,0,36f3ccab6ec2,single_object_exact_field
v4_table_03,table,deepseek-v4-pro,LLMJudgeStep,0,step,True,False,success,True,False,False,1.0,False,0,36f3ccab6ec2,single_object_exact_field
v4_table_03,table,deepseek-v4-pro,LLMJudgeStep,1,step,True,False,success,True,False,False,1.0,False,0,36f3ccab6ec2,single_object_exact_field
v4_table_04,table,deepseek-v4-pro,LLMJudgeFinal,0,final,True,False,invalid,,,False,1.0,True,3,,single_object_exact_field
v4_table_04,table,deepseek-v4-pro,LLMJudgeFinal,1,final,True,False,success,True,False,False,1.0,False,0,36f3ccab6ec2,single_object_exact_field
v4_table_04,table,deepseek-v4-pro,LLMJudgeRetry,0,final,True,False,success,True,False,False,1.0,False,0,36f3ccab6ec2,single_object_exact_field
v4_table_04,table,deepseek-v4-pro,LLMJudgeRetry,1,final,True,False,success,True,False,False,1.0,False,0,36f3ccab6ec2,single_object_exact_field
v4_table_04,table,deepseek-v4-pro,LLMJudgeStep,0,step,True,False,success,True,False,False,1.0,False,0,36f3ccab6ec2,single_object_exact_field
v4_table_04,table,deepseek-v4-pro,LLMJudgeStep,1,step,True,False,success,True,False,False,1.0,False,0,36f3ccab6ec2,single_object_exact_field
v4_table_05,table,deepseek-v4-pro,LLMJudgeFinal,0,final,True,False,success,True,False,False,1.0,False,1,36f3ccab6ec2,single_object_exact_field
v4_table_05,table,deepseek-v4-pro,LLMJudgeFinal,1,final,True,False,success,True,False,False,1.0,False,0,36f3ccab6ec2,single_object_exact_field
v4_table_05,table,deepseek-v4-pro,LLMJudgeRetry,0,final,True,False,success,True,False,False,1.0,False,0,36f3ccab6ec2,single_object_exact_field
v4_table_05,table,deepseek-v4-pro,LLMJudgeRetry,1,final,True,False,success,,,False,1.0,False,2,71cbdc7843d8,single_object_exact_field
v4_table_05,table,deepseek-v4-pro,LLMJudgeStep,0,step,True,False,success,True,False,False,1.0,False,0,36f3ccab6ec2,single_object_exact_field
v4_table_05,table,deepseek-v4-pro,LLMJudgeStep,1,step,True,False,success,True,False,False,1.0,False,0,36f3ccab6ec2,single_object_exact_field
v4_workflow_00,workflow_micro,deepseek-v4-pro,LLMJudgeFinal,0,final,False,False,invalid,,,False,1.0,True,3,,single_object_exact_field
v4_workflow_00,workflow_micro,deepseek-v4-pro,LLMJudgeFinal,1,final,False,False,invalid,,,False,1.0,True,3,,single_object_exact_field
v4_workflow_00,workflow_micro,deepseek-v4-pro,LLMJudgeRetry,0,final,False,False,invalid,,,False,1.0,True,3,,single_object_exact_field
v4_workflow_00,workflow_micro,deepseek-v4-pro,LLMJudgeRetry,1,final,False,False,invalid,,,False,1.0,True,3,,single_object_exact_field
v4_workflow_00,workflow_micro,deepseek-v4-pro,LLMJudgeStep,0,step,False,False,invalid,,,False,1.0,True,3,,single_object_exact_field
v4_workflow_00,workflow_micro,deepseek-v4-pro,LLMJudgeStep,1,step,False,False,invalid,,,False,1.0,True,3,,single_object_exact_field
v4_workflow_01,workflow_micro,deepseek-v4-pro,LLMJudgeFinal,0,final,False,False,failure,False,False,False,1.0,False,0,2454792de9cb,single_object_exact_field
v4_workflow_01,workflow_micro,deepseek-v4-pro,LLMJudgeFinal,1,final,False,False,invalid,,,False,1.0,True,3,7deff12d9845,single_object_exact_field
v4_workflow_01,workflow_micro,deepseek-v4-pro,LLMJudgeRetry,0,final,False,False,invalid,,,False,1.0,True,3,,single_object_exact_field
v4_workflow_01,workflow_micro,deepseek-v4-pro,LLMJudgeRetry,1,final,False,False,failure,False,False,False,1.0,False,1,464a3cb716ed,single_object_exact_field
v4_workflow_01,workflow_micro,deepseek-v4-pro,LLMJudgeStep,0,step,False,False,failure,False,False,False,1.0,False,1,8f78c2912c2a,single_object_exact_field
v4_workflow_01,workflow_micro,deepseek-v4-pro,LLMJudgeStep,1,step,False,False,invalid,,,False,1.0,True,3,,single_object_exact_field
v4_workflow_02,workflow_micro,deepseek-v4-pro,LLMJudgeFinal,0,final,False,False,invalid,,,False,1.0,True,3,,single_object_exact_field
v4_workflow_02,workflow_micro,deepseek-v4-pro,LLMJudgeFinal,1,final,True,False,success,,,False,1.0,False,2,fc0219338193,single_object_exact_field
v4_workflow_02,workflow_micro,deepseek-v4-pro,LLMJudgeRetry,0,final,False,False,failure,False,False,False,1.0,False,2,331caf69cb82,single_object_exact_field
v4_workflow_02,workflow_micro,deepseek-v4-pro,LLMJudgeRetry,1,final,False,False,invalid,,,False,1.0,True,3,,single_object_exact_field
v4_workflow_02,workflow_micro,deepseek-v4-pro,LLMJudgeStep,0,step,False,False,invalid,,,False,1.0,True,3,,single_object_exact_field
v4_workflow_02,workflow_micro,deepseek-v4-pro,LLMJudgeStep,1,step,False,False,invalid,,,False,1.0,True,3,,single_object_exact_field
v4_workflow_03,workflow_micro,deepseek-v4-pro,LLMJudgeFinal,0,final,False,False,invalid,,,False,1.0,True,3,,single_object_exact_field
v4_workflow_03,workflow_micro,deepseek-v4-pro,LLMJudgeFinal,1,final,False,False,invalid,,,False,1.0,True,3,,single_object_exact_field
v4_workflow_03,workflow_micro,deepseek-v4-pro,LLMJudgeRetry,0,final,False,False,failure,False,False,False,1.0,False,0,8cfc6c56f5a4,single_object_exact_field
v4_workflow_03,workflow_micro,deepseek-v4-pro,LLMJudgeRetry,1,final,False,False,invalid,,,False,1.0,True,3,,single_object_exact_field
v4_workflow_03,workflow_micro,deepseek-v4-pro,LLMJudgeStep,0,step,False,False,invalid,,,False,1.0,True,3,,single_object_exact_field
v4_workflow_03,workflow_micro,deepseek-v4-pro,LLMJudgeStep,1,step,False,False,failure,False,False,False,1.0,False,1,9fc68bd7ff23,single_object_exact_field
v4_workflow_04,workflow_micro,deepseek-v4-pro,LLMJudgeFinal,0,final,False,False,invalid,,,False,1.0,True,3,,single_object_exact_field
v4_workflow_04,workflow_micro,deepseek-v4-pro,LLMJudgeFinal,1,final,False,False,invalid,,,False,1.0,True,3,,single_object_exact_field
v4_workflow_04,workflow_micro,deepseek-v4-pro,LLMJudgeRetry,0,final,False,False,failure,False,False,False,1.0,False,1,bceb0ab4493a,single_object_exact_field
v4_workflow_04,workflow_micro,deepseek-v4-pro,LLMJudgeRetry,1,final,True,False,success,True,False,False,1.0,False,0,36f3ccab6ec2,single_object_exact_field
v4_workflow_04,workflow_micro,deepseek-v4-pro,LLMJudgeStep,0,step,False,False,invalid,,,False,1.0,True,3,,single_object_exact_field
v4_workflow_04,workflow_micro,deepseek-v4-pro,LLMJudgeStep,1,step,True,False,success,True,False,False,1.0,False,0,36f3ccab6ec2,single_object_exact_field
v4_workflow_05,workflow_micro,deepseek-v4-pro,LLMJudgeFinal,0,final,False,False,invalid,,,False,1.0,True,3,,single_object_exact_field
v4_workflow_05,workflow_micro,deepseek-v4-pro,LLMJudgeFinal,1,final,False,False,failure,False,False,False,1.0,False,1,163bb9920870,single_object_exact_field
v4_workflow_05,workflow_micro,deepseek-v4-pro,LLMJudgeRetry,0,final,False,False,invalid,,,False,1.0,True,3,,single_object_exact_field
v4_workflow_05,workflow_micro,deepseek-v4-pro,LLMJudgeRetry,1,final,False,False,invalid,,,False,1.0,True,3,,single_object_exact_field
v4_workflow_05,workflow_micro,deepseek-v4-pro,LLMJudgeStep,0,step,False,False,failure,False,False,False,1.0,False,2,d3c28f2a4515,single_object_exact_field
v4_workflow_05,workflow_micro,deepseek-v4-pro,LLMJudgeStep,1,step,False,False,failure,False,False,False,1.0,False,2,c70b7c718cc2,single_object_exact_field
