environment,domain,method,n_all,n_fault,mean_wall_clock_ms_all,p50_wall_clock_ms_all,p95_wall_clock_ms_all,mean_wall_clock_ms_fault,mean_snapshot_bytes,mean_rollback_bytes_when_used,mean_token_proxy_all,mean_time_proxy_all
browser,browser_form,C-SDVR,100,69,783.919,769.761,869.042,792.219,183.00,41.07,2124.10,13.836
browser,browser_form,FinalVerifier,100,69,802.357,800.165,896.045,821.555,183.00,0.00,2127.30,14.085
browser,browser_form,NoCheck,100,69,755.668,751.201,819.439,754.852,183.00,0.00,720.00,4.600
live,file,C-SDVR,100,70,3.782,3.523,5.352,4.002,94.00,63.03,2031.00,12.160
live,file,FinalVerifier,100,70,3.502,3.356,4.567,3.534,94.00,0.00,2041.00,12.560
live,file,NoCheck,100,70,3.658,3.539,5.074,3.673,94.00,0.00,700.00,4.000
live,form,C-SDVR,100,78,37.498,37.440,41.133,37.894,183.00,38.62,2097.40,12.464
live,form,FinalVerifier,100,78,36.396,35.959,41.201,36.726,183.00,0.00,2131.40,13.024
live,form,NoCheck,100,78,35.398,34.750,39.747,35.610,183.00,0.00,700.00,4.000
