group_type,group_value,n,agree_n,change_n,ambiguous_n,agree_rate,change_rate,proposed_meaning_positive_rate
auditor,AI-Auditor-A,120,40,80,0,0.3333333333333333,0.6666666666666666,0.3333333333333333
auditor,AI-Auditor-B,120,40,80,0,0.3333333333333333,0.6666666666666666,0.3333333333333333
domain,file,60,20,40,0,0.3333333333333333,0.6666666666666666,0.3333333333333333
domain,table,60,20,40,0,0.3333333333333333,0.6666666666666666,0.3333333333333333
domain,web_form,60,20,40,0,0.3333333333333333,0.6666666666666666,0.3333333333333333
domain,workflow_micro,60,20,40,0,0.3333333333333333,0.6666666666666666,0.3333333333333333
overall,all,240,80,160,0,0.3333333333333333,0.6666666666666666,0.3333333333333333
phenomenon,conditional_negative_constraint,80,0,80,0,0.0,1.0,0
phenomenon,ellipsis_multi_object_preservation,80,0,80,0,0.0,1.0,0
phenomenon,pronoun_coreference,80,80,0,0,1.0,0.0,1
