paraphrase_id,domain,linguistic_phenomenon,reviewer_a_decision,reviewer_b_decision,original_preserves_meaning,proposed_preserves_meaning,simulated_a_effective_meaning,simulated_b_effective_meaning,reviewer_a_note,reviewer_b_note,formal_status
pc_v4_02_p2,table,conditional_negative_constraint,接受审校结论,保留原标签,1,0,0,1,原指令要求直接修改，改写增加 if-present 分支，执行条件发生变化。按句面语义应标为不保持。（核对对象：row02；字段：score）,在封闭工作流中目标对象不存在的分支不可达，因此条件化不改变可观察结果；此项保留原语义保持=1。（对象：row02）,requires_actual_independent_human_review
pc_v4_03_p2,workflow_micro,conditional_negative_constraint,接受审校结论,保留原标签,1,0,0,1,条件句引入额外前提，不能只依据常见执行环境忽略该差异。AI 的语义判断和结构化标签均合理。（核对对象：step03；字段：note）,按开放文本解释确有条件差异，但在当前 bounded task 中目标实体预设存在。我采用操作语义，保留原判定。（对象：step03）,requires_actual_independent_human_review
pc_v4_06_p2,table,conditional_negative_constraint,接受审校结论,保留原标签,1,0,0,1,原指令要求直接修改，改写增加 if-present 分支，执行条件发生变化。按句面语义应标为不保持。（核对对象：row06；字段：score）,这里的目标是已给定的表格行/流程步骤，存在性属于任务前置条件；条件句未改变本实例的预期状态，保留原标签。（对象：row06）,requires_actual_independent_human_review
pc_v4_07_p2,workflow_micro,conditional_negative_constraint,接受审校结论,保留原标签,1,0,0,1,条件句引入额外前提，不能只依据常见执行环境忽略该差异。AI 的语义判断和结构化标签均合理。（核对对象：step07；字段：note）,我按数据集场景而非纯句面逻辑判断：目标步骤/行是既定对象，条件不会实际改变执行，保留原标签。（对象：step07）,requires_actual_independent_human_review
pc_v4_09_p3,web_form,ellipsis_multi_object_preservation,接受审校结论,不确定,1,0,0,,列举两个对象不能等同于“every unrelated object and field”；目标对象的其他字段也未被明确保护，语义不完全保持。（核对对象：r09；字段：name）,文本表面上保护范围较窄；但若该实例除目标外确实只有这两个 peer，执行结果可能等价。缺少完整状态清单，暂记不确定。（对象：r09；字段：name）,requires_actual_independent_human_review
pc_v4_10_p2,table,conditional_negative_constraint,接受审校结论,保留原标签,1,0,0,1,原指令要求直接修改，改写增加 if-present 分支，执行条件发生变化。按句面语义应标为不保持。（核对对象：row10；字段：score）,row/step 的存在由任务实例本身提供，“if present”只是冗余说明。就本数据集执行语义而言，我认为仍可视为等价。（对象：row10）,requires_actual_independent_human_review
pc_v4_11_p2,workflow_micro,conditional_negative_constraint,接受审校结论,保留原标签,1,0,0,1,条件句引入额外前提，不能只依据常见执行环境忽略该差异。AI 的语义判断和结构化标签均合理。（核对对象：step11；字段：note）,在该封闭任务语境中，row/step 已由任务标识并默认存在。我把“if present”视为显式化执行前提，倾向保留原语义标签。（对象：step11）,requires_actual_independent_human_review
pc_v4_14_p2,table,conditional_negative_constraint,接受审校结论,保留原标签,1,0,0,1,原指令要求直接修改，改写增加 if-present 分支，执行条件发生变化。按句面语义应标为不保持。（核对对象：row14；字段：score）,在封闭工作流中目标对象不存在的分支不可达，因此条件化不改变可观察结果；此项保留原语义保持=1。（对象：row14）,requires_actual_independent_human_review
pc_v4_15_p2,workflow_micro,conditional_negative_constraint,接受审校结论,保留原标签,1,0,0,1,条件句引入额外前提，不能只依据常见执行环境忽略该差异。AI 的语义判断和结构化标签均合理。（核对对象：step15；字段：note）,按开放文本解释确有条件差异，但在当前 bounded task 中目标实体预设存在。我采用操作语义，保留原判定。（对象：step15）,requires_actual_independent_human_review
pc_v4_18_p2,table,conditional_negative_constraint,接受审校结论,保留原标签,1,0,0,1,原指令要求直接修改，改写增加 if-present 分支，执行条件发生变化。按句面语义应标为不保持。（核对对象：row18；字段：score）,这里的目标是已给定的表格行/流程步骤，存在性属于任务前置条件；条件句未改变本实例的预期状态，保留原标签。（对象：row18）,requires_actual_independent_human_review
pc_v4_19_p2,workflow_micro,conditional_negative_constraint,接受审校结论,保留原标签,1,0,0,1,条件句引入额外前提，不能只依据常见执行环境忽略该差异。AI 的语义判断和结构化标签均合理。（核对对象：step19；字段：note）,我按数据集场景而非纯句面逻辑判断：目标步骤/行是既定对象，条件不会实际改变执行，保留原标签。（对象：step19）,requires_actual_independent_human_review
pc_v4_19_p3,workflow_micro,ellipsis_multi_object_preservation,接受审校结论,不确定,1,0,0,,具名 peer 的不变约束不足以覆盖所有其他对象及字段，不能视为原句的完整改写。（核对对象：step19；字段：note）,按句面应当不等价，不过是否存在其他无关对象/字段需要查看实例状态。当前信息不足，暂不确定。（对象：step19；字段：note）,requires_actual_independent_human_review
pc_v4_22_p2,table,conditional_negative_constraint,接受审校结论,保留原标签,1,0,0,1,原指令要求直接修改，改写增加 if-present 分支，执行条件发生变化。按句面语义应标为不保持。（核对对象：row22；字段：score）,row/step 的存在由任务实例本身提供，“if present”只是冗余说明。就本数据集执行语义而言，我认为仍可视为等价。（对象：row22）,requires_actual_independent_human_review
pc_v4_23_p2,workflow_micro,conditional_negative_constraint,接受审校结论,保留原标签,1,0,0,1,条件句引入额外前提，不能只依据常见执行环境忽略该差异。AI 的语义判断和结构化标签均合理。（核对对象：step23；字段：note）,在该封闭任务语境中，row/step 已由任务标识并默认存在。我把“if present”视为显式化执行前提，倾向保留原语义标签。（对象：step23）,requires_actual_independent_human_review
pc_v4_26_p2,table,conditional_negative_constraint,接受审校结论,保留原标签,1,0,0,1,原指令要求直接修改，改写增加 if-present 分支，执行条件发生变化。按句面语义应标为不保持。（核对对象：row26；字段：score）,在封闭工作流中目标对象不存在的分支不可达，因此条件化不改变可观察结果；此项保留原语义保持=1。（对象：row26）,requires_actual_independent_human_review
pc_v4_27_p2,workflow_micro,conditional_negative_constraint,接受审校结论,保留原标签,1,0,0,1,条件句引入额外前提，不能只依据常见执行环境忽略该差异。AI 的语义判断和结构化标签均合理。（核对对象：step27；字段：note）,按开放文本解释确有条件差异，但在当前 bounded task 中目标实体预设存在。我采用操作语义，保留原判定。（对象：step27）,requires_actual_independent_human_review
pc_v4_29_p3,web_form,ellipsis_multi_object_preservation,接受审校结论,不确定,1,0,0,,原指令的保护范围是开放集合，改写仅覆盖两个列举项。二者约束强度不同，应标为不等价。（核对对象：r29；字段：status）,两个具名 peer 是否穷尽全部无关对象无法从本行确认。若已穷尽则可能等价，否则不等价，因此保留不确定。（对象：r29；字段：status）,requires_actual_independent_human_review
pc_v4_30_p2,table,conditional_negative_constraint,接受审校结论,保留原标签,1,0,0,1,原指令要求直接修改，改写增加 if-present 分支，执行条件发生变化。按句面语义应标为不保持。（核对对象：row30；字段：score）,这里的目标是已给定的表格行/流程步骤，存在性属于任务前置条件；条件句未改变本实例的预期状态，保留原标签。（对象：row30）,requires_actual_independent_human_review
pc_v4_31_p2,workflow_micro,conditional_negative_constraint,接受审校结论,保留原标签,1,0,0,1,条件句引入额外前提，不能只依据常见执行环境忽略该差异。AI 的语义判断和结构化标签均合理。（核对对象：step31；字段：note）,我按数据集场景而非纯句面逻辑判断：目标步骤/行是既定对象，条件不会实际改变执行，保留原标签。（对象：step31）,requires_actual_independent_human_review
pc_v4_34_p2,table,conditional_negative_constraint,接受审校结论,保留原标签,1,0,0,1,原指令要求直接修改，改写增加 if-present 分支，执行条件发生变化。按句面语义应标为不保持。（核对对象：row34；字段：score）,row/step 的存在由任务实例本身提供，“if present”只是冗余说明。就本数据集执行语义而言，我认为仍可视为等价。（对象：row34）,requires_actual_independent_human_review
pc_v4_35_p2,workflow_micro,conditional_negative_constraint,接受审校结论,保留原标签,1,0,0,1,条件句引入额外前提，不能只依据常见执行环境忽略该差异。AI 的语义判断和结构化标签均合理。（核对对象：step35；字段：note）,在该封闭任务语境中，row/step 已由任务标识并默认存在。我把“if present”视为显式化执行前提，倾向保留原语义标签。（对象：step35）,requires_actual_independent_human_review
pc_v4_38_p2,table,conditional_negative_constraint,接受审校结论,保留原标签,1,0,0,1,原指令要求直接修改，改写增加 if-present 分支，执行条件发生变化。按句面语义应标为不保持。（核对对象：row38；字段：score）,在封闭工作流中目标对象不存在的分支不可达，因此条件化不改变可观察结果；此项保留原语义保持=1。（对象：row38）,requires_actual_independent_human_review
pc_v4_39_p2,workflow_micro,conditional_negative_constraint,接受审校结论,保留原标签,1,0,0,1,条件句引入额外前提，不能只依据常见执行环境忽略该差异。AI 的语义判断和结构化标签均合理。（核对对象：step39；字段：note）,按开放文本解释确有条件差异，但在当前 bounded task 中目标实体预设存在。我采用操作语义，保留原判定。（对象：step39）,requires_actual_independent_human_review
pc_v4_39_p3,workflow_micro,ellipsis_multi_object_preservation,接受审校结论,不确定,1,0,0,,具名 peer 的不变约束不足以覆盖所有其他对象及字段，不能视为原句的完整改写。（核对对象：step39；字段：note）,保护范围看似收窄，但需要核对该任务的完整对象集合后才能定论；本表未提供该信息，暂不确定。（对象：step39；字段：note）,requires_actual_independent_human_review
pc_v4_42_p2,table,conditional_negative_constraint,接受审校结论,保留原标签,1,0,0,1,原指令要求直接修改，改写增加 if-present 分支，执行条件发生变化。按句面语义应标为不保持。（核对对象：row42；字段：score）,这里的目标是已给定的表格行/流程步骤，存在性属于任务前置条件；条件句未改变本实例的预期状态，保留原标签。（对象：row42）,requires_actual_independent_human_review
pc_v4_43_p2,workflow_micro,conditional_negative_constraint,接受审校结论,保留原标签,1,0,0,1,条件句引入额外前提，不能只依据常见执行环境忽略该差异。AI 的语义判断和结构化标签均合理。（核对对象：step43；字段：note）,我按数据集场景而非纯句面逻辑判断：目标步骤/行是既定对象，条件不会实际改变执行，保留原标签。（对象：step43）,requires_actual_independent_human_review
pc_v4_46_p2,table,conditional_negative_constraint,接受审校结论,保留原标签,1,0,0,1,原指令要求直接修改，改写增加 if-present 分支，执行条件发生变化。按句面语义应标为不保持。（核对对象：row46；字段：score）,row/step 的存在由任务实例本身提供，“if present”只是冗余说明。就本数据集执行语义而言，我认为仍可视为等价。（对象：row46）,requires_actual_independent_human_review
pc_v4_47_p2,workflow_micro,conditional_negative_constraint,接受审校结论,保留原标签,1,0,0,1,条件句引入额外前提，不能只依据常见执行环境忽略该差异。AI 的语义判断和结构化标签均合理。（核对对象：step47；字段：note）,在该封闭任务语境中，row/step 已由任务标识并默认存在。我把“if present”视为显式化执行前提，倾向保留原语义标签。（对象：step47）,requires_actual_independent_human_review
pc_v4_49_p3,web_form,ellipsis_multi_object_preservation,接受审校结论,不确定,1,0,0,,原指令的保护范围是开放集合，改写仅覆盖两个列举项。二者约束强度不同，应标为不等价。（核对对象：r49；字段：status）,文本表面上保护范围较窄；但若该实例除目标外确实只有这两个 peer，执行结果可能等价。缺少完整状态清单，暂记不确定。（对象：r49；字段：status）,requires_actual_independent_human_review
pc_v4_50_p2,table,conditional_negative_constraint,接受审校结论,保留原标签,1,0,0,1,原指令要求直接修改，改写增加 if-present 分支，执行条件发生变化。按句面语义应标为不保持。（核对对象：row50；字段：score）,在封闭工作流中目标对象不存在的分支不可达，因此条件化不改变可观察结果；此项保留原语义保持=1。（对象：row50）,requires_actual_independent_human_review
pc_v4_51_p2,workflow_micro,conditional_negative_constraint,接受审校结论,保留原标签,1,0,0,1,条件句引入额外前提，不能只依据常见执行环境忽略该差异。AI 的语义判断和结构化标签均合理。（核对对象：step51；字段：note）,按开放文本解释确有条件差异，但在当前 bounded task 中目标实体预设存在。我采用操作语义，保留原判定。（对象：step51）,requires_actual_independent_human_review
pc_v4_54_p2,table,conditional_negative_constraint,接受审校结论,保留原标签,1,0,0,1,原指令要求直接修改，改写增加 if-present 分支，执行条件发生变化。按句面语义应标为不保持。（核对对象：row54；字段：score）,这里的目标是已给定的表格行/流程步骤，存在性属于任务前置条件；条件句未改变本实例的预期状态，保留原标签。（对象：row54）,requires_actual_independent_human_review
pc_v4_55_p2,workflow_micro,conditional_negative_constraint,接受审校结论,保留原标签,1,0,0,1,条件句引入额外前提，不能只依据常见执行环境忽略该差异。AI 的语义判断和结构化标签均合理。（核对对象：step55；字段：note）,我按数据集场景而非纯句面逻辑判断：目标步骤/行是既定对象，条件不会实际改变执行，保留原标签。（对象：step55）,requires_actual_independent_human_review
pc_v4_58_p2,table,conditional_negative_constraint,接受审校结论,保留原标签,1,0,0,1,原指令要求直接修改，改写增加 if-present 分支，执行条件发生变化。按句面语义应标为不保持。（核对对象：row58；字段：score）,row/step 的存在由任务实例本身提供，“if present”只是冗余说明。就本数据集执行语义而言，我认为仍可视为等价。（对象：row58）,requires_actual_independent_human_review
pc_v4_59_p2,workflow_micro,conditional_negative_constraint,接受审校结论,保留原标签,1,0,0,1,条件句引入额外前提，不能只依据常见执行环境忽略该差异。AI 的语义判断和结构化标签均合理。（核对对象：step59；字段：note）,在该封闭任务语境中，row/step 已由任务标识并默认存在。我把“if present”视为显式化执行前提，倾向保留原语义标签。（对象：step59）,requires_actual_independent_human_review
pc_v4_59_p3,workflow_micro,ellipsis_multi_object_preservation,接受审校结论,不确定,1,0,0,,具名 peer 的不变约束不足以覆盖所有其他对象及字段，不能视为原句的完整改写。（核对对象：step59；字段：note）,按句面应当不等价，不过是否存在其他无关对象/字段需要查看实例状态。当前信息不足，暂不确定。（对象：step59；字段：note）,requires_actual_independent_human_review
pc_v4_62_p2,table,conditional_negative_constraint,接受审校结论,保留原标签,1,0,0,1,原指令要求直接修改，改写增加 if-present 分支，执行条件发生变化。按句面语义应标为不保持。（核对对象：row62；字段：score）,在封闭工作流中目标对象不存在的分支不可达，因此条件化不改变可观察结果；此项保留原语义保持=1。（对象：row62）,requires_actual_independent_human_review
pc_v4_63_p2,workflow_micro,conditional_negative_constraint,接受审校结论,保留原标签,1,0,0,1,条件句引入额外前提，不能只依据常见执行环境忽略该差异。AI 的语义判断和结构化标签均合理。（核对对象：step63；字段：note）,按开放文本解释确有条件差异，但在当前 bounded task 中目标实体预设存在。我采用操作语义，保留原判定。（对象：step63）,requires_actual_independent_human_review
pc_v4_66_p2,table,conditional_negative_constraint,接受审校结论,保留原标签,1,0,0,1,原指令要求直接修改，改写增加 if-present 分支，执行条件发生变化。按句面语义应标为不保持。（核对对象：row66；字段：score）,这里的目标是已给定的表格行/流程步骤，存在性属于任务前置条件；条件句未改变本实例的预期状态，保留原标签。（对象：row66）,requires_actual_independent_human_review
pc_v4_67_p2,workflow_micro,conditional_negative_constraint,接受审校结论,保留原标签,1,0,0,1,条件句引入额外前提，不能只依据常见执行环境忽略该差异。AI 的语义判断和结构化标签均合理。（核对对象：step67；字段：note）,我按数据集场景而非纯句面逻辑判断：目标步骤/行是既定对象，条件不会实际改变执行，保留原标签。（对象：step67）,requires_actual_independent_human_review
pc_v4_69_p3,web_form,ellipsis_multi_object_preservation,接受审校结论,不确定,1,0,0,,列举两个对象不能等同于“every unrelated object and field”；目标对象的其他字段也未被明确保护，语义不完全保持。（核对对象：r69；字段：name）,两个具名 peer 是否穷尽全部无关对象无法从本行确认。若已穷尽则可能等价，否则不等价，因此保留不确定。（对象：r69；字段：name）,requires_actual_independent_human_review
pc_v4_70_p2,table,conditional_negative_constraint,接受审校结论,保留原标签,1,0,0,1,原指令要求直接修改，改写增加 if-present 分支，执行条件发生变化。按句面语义应标为不保持。（核对对象：row70；字段：score）,row/step 的存在由任务实例本身提供，“if present”只是冗余说明。就本数据集执行语义而言，我认为仍可视为等价。（对象：row70）,requires_actual_independent_human_review
pc_v4_71_p2,workflow_micro,conditional_negative_constraint,接受审校结论,保留原标签,1,0,0,1,条件句引入额外前提，不能只依据常见执行环境忽略该差异。AI 的语义判断和结构化标签均合理。（核对对象：step71；字段：note）,在该封闭任务语境中，row/step 已由任务标识并默认存在。我把“if present”视为显式化执行前提，倾向保留原语义标签。（对象：step71）,requires_actual_independent_human_review
pc_v4_74_p2,table,conditional_negative_constraint,接受审校结论,保留原标签,1,0,0,1,原指令要求直接修改，改写增加 if-present 分支，执行条件发生变化。按句面语义应标为不保持。（核对对象：row74；字段：score）,在封闭工作流中目标对象不存在的分支不可达，因此条件化不改变可观察结果；此项保留原语义保持=1。（对象：row74）,requires_actual_independent_human_review
pc_v4_75_p2,workflow_micro,conditional_negative_constraint,接受审校结论,保留原标签,1,0,0,1,条件句引入额外前提，不能只依据常见执行环境忽略该差异。AI 的语义判断和结构化标签均合理。（核对对象：step75；字段：note）,按开放文本解释确有条件差异，但在当前 bounded task 中目标实体预设存在。我采用操作语义，保留原判定。（对象：step75）,requires_actual_independent_human_review
pc_v4_78_p2,table,conditional_negative_constraint,接受审校结论,保留原标签,1,0,0,1,原指令要求直接修改，改写增加 if-present 分支，执行条件发生变化。按句面语义应标为不保持。（核对对象：row78；字段：score）,这里的目标是已给定的表格行/流程步骤，存在性属于任务前置条件；条件句未改变本实例的预期状态，保留原标签。（对象：row78）,requires_actual_independent_human_review
pc_v4_79_p2,workflow_micro,conditional_negative_constraint,接受审校结论,保留原标签,1,0,0,1,条件句引入额外前提，不能只依据常见执行环境忽略该差异。AI 的语义判断和结构化标签均合理。（核对对象：step79；字段：note）,我按数据集场景而非纯句面逻辑判断：目标步骤/行是既定对象，条件不会实际改变执行，保留原标签。（对象：step79）,requires_actual_independent_human_review
pc_v4_79_p3,workflow_micro,ellipsis_multi_object_preservation,接受审校结论,不确定,1,0,0,,具名 peer 的不变约束不足以覆盖所有其他对象及字段，不能视为原句的完整改写。（核对对象：step79；字段：note）,保护范围看似收窄，但需要核对该任务的完整对象集合后才能定论；本表未提供该信息，暂不确定。（对象：step79；字段：note）,requires_actual_independent_human_review
