paraphrase_id,task_id,linguistic_phenomenon,object_match,field_match,expected_state_match,forbidden_effects_match,exact_postcondition_match
pc_v4_00_p1,pc_v4_00,pronoun_coreference,1,1,1,0,0
pc_v4_00_p2,pc_v4_00,conditional_negative_constraint,1,1,1,0,0
pc_v4_00_p3,pc_v4_00,ellipsis_multi_object_preservation,1,1,1,1,1
pc_v4_01_p1,pc_v4_01,pronoun_coreference,1,1,1,1,1
pc_v4_01_p2,pc_v4_01,conditional_negative_constraint,1,1,1,0,0
pc_v4_01_p3,pc_v4_01,ellipsis_multi_object_preservation,1,1,1,1,1
pc_v4_02_p1,pc_v4_02,pronoun_coreference,1,1,0,0,0
pc_v4_02_p2,pc_v4_02,conditional_negative_constraint,1,1,1,0,0
pc_v4_02_p3,pc_v4_02,ellipsis_multi_object_preservation,1,1,0,1,0
pc_v4_03_p1,pc_v4_03,pronoun_coreference,1,1,1,0,0
pc_v4_03_p2,pc_v4_03,conditional_negative_constraint,1,1,1,0,0
pc_v4_03_p3,pc_v4_03,ellipsis_multi_object_preservation,1,1,0,1,0
pc_v4_04_p1,pc_v4_04,pronoun_coreference,1,1,1,0,0
pc_v4_04_p2,pc_v4_04,conditional_negative_constraint,1,1,1,0,0
pc_v4_04_p3,pc_v4_04,ellipsis_multi_object_preservation,1,1,1,0,0
pc_v4_05_p1,pc_v4_05,pronoun_coreference,1,1,1,0,0
pc_v4_05_p2,pc_v4_05,conditional_negative_constraint,1,1,1,0,0
pc_v4_05_p3,pc_v4_05,ellipsis_multi_object_preservation,1,1,1,1,1
pc_v4_06_p1,pc_v4_06,pronoun_coreference,1,1,0,0,0
pc_v4_06_p2,pc_v4_06,conditional_negative_constraint,1,1,1,0,0
pc_v4_06_p3,pc_v4_06,ellipsis_multi_object_preservation,1,1,0,1,0
pc_v4_07_p1,pc_v4_07,pronoun_coreference,1,1,1,0,0
pc_v4_07_p2,pc_v4_07,conditional_negative_constraint,1,1,1,0,0
pc_v4_07_p3,pc_v4_07,ellipsis_multi_object_preservation,1,1,0,1,0
pc_v4_08_p1,pc_v4_08,pronoun_coreference,1,1,1,0,0
pc_v4_08_p2,pc_v4_08,conditional_negative_constraint,1,1,1,0,0
pc_v4_08_p3,pc_v4_08,ellipsis_multi_object_preservation,1,1,1,0,0
pc_v4_09_p1,pc_v4_09,pronoun_coreference,1,1,1,0,0
pc_v4_09_p2,pc_v4_09,conditional_negative_constraint,1,1,1,0,0
pc_v4_09_p3,pc_v4_09,ellipsis_multi_object_preservation,1,1,1,1,1
pc_v4_10_p1,pc_v4_10,pronoun_coreference,1,1,0,0,0
pc_v4_10_p2,pc_v4_10,conditional_negative_constraint,1,1,0,0,0
pc_v4_10_p3,pc_v4_10,ellipsis_multi_object_preservation,1,1,0,1,0
pc_v4_11_p1,pc_v4_11,pronoun_coreference,1,1,1,0,0
pc_v4_11_p2,pc_v4_11,conditional_negative_constraint,0,0,1,0,0
pc_v4_11_p3,pc_v4_11,ellipsis_multi_object_preservation,1,1,0,1,0
pc_v4_12_p1,pc_v4_12,pronoun_coreference,1,1,1,0,0
pc_v4_12_p2,pc_v4_12,conditional_negative_constraint,1,1,1,0,0
pc_v4_12_p3,pc_v4_12,ellipsis_multi_object_preservation,1,1,1,0,0
pc_v4_13_p1,pc_v4_13,pronoun_coreference,1,1,1,0,0
pc_v4_13_p2,pc_v4_13,conditional_negative_constraint,1,1,1,0,0
pc_v4_13_p3,pc_v4_13,ellipsis_multi_object_preservation,1,1,1,1,1
pc_v4_14_p1,pc_v4_14,pronoun_coreference,1,1,0,0,0
pc_v4_14_p2,pc_v4_14,conditional_negative_constraint,1,1,1,0,0
pc_v4_14_p3,pc_v4_14,ellipsis_multi_object_preservation,1,1,0,1,0
pc_v4_15_p1,pc_v4_15,pronoun_coreference,1,1,1,0,0
pc_v4_15_p2,pc_v4_15,conditional_negative_constraint,1,1,1,0,0
pc_v4_15_p3,pc_v4_15,ellipsis_multi_object_preservation,1,1,0,1,0
pc_v4_16_p1,pc_v4_16,pronoun_coreference,1,1,1,0,0
pc_v4_16_p2,pc_v4_16,conditional_negative_constraint,1,1,1,0,0
pc_v4_16_p3,pc_v4_16,ellipsis_multi_object_preservation,1,1,1,1,1
pc_v4_17_p1,pc_v4_17,pronoun_coreference,1,1,1,0,0
pc_v4_17_p2,pc_v4_17,conditional_negative_constraint,1,1,1,0,0
pc_v4_17_p3,pc_v4_17,ellipsis_multi_object_preservation,1,1,1,1,1
pc_v4_18_p1,pc_v4_18,pronoun_coreference,1,1,0,0,0
pc_v4_18_p2,pc_v4_18,conditional_negative_constraint,1,1,0,0,0
pc_v4_18_p3,pc_v4_18,ellipsis_multi_object_preservation,1,1,0,1,0
pc_v4_19_p1,pc_v4_19,pronoun_coreference,1,1,1,0,0
pc_v4_19_p2,pc_v4_19,conditional_negative_constraint,0,0,1,0,0
pc_v4_19_p3,pc_v4_19,ellipsis_multi_object_preservation,1,1,0,1,0
pc_v4_20_p1,pc_v4_20,pronoun_coreference,1,1,1,0,0
pc_v4_20_p2,pc_v4_20,conditional_negative_constraint,1,1,1,0,0
pc_v4_20_p3,pc_v4_20,ellipsis_multi_object_preservation,1,1,1,1,1
pc_v4_21_p1,pc_v4_21,pronoun_coreference,1,1,1,0,0
pc_v4_21_p2,pc_v4_21,conditional_negative_constraint,1,1,1,0,0
pc_v4_21_p3,pc_v4_21,ellipsis_multi_object_preservation,1,1,1,1,1
pc_v4_22_p1,pc_v4_22,pronoun_coreference,1,1,0,0,0
pc_v4_22_p2,pc_v4_22,conditional_negative_constraint,1,1,1,0,0
pc_v4_22_p3,pc_v4_22,ellipsis_multi_object_preservation,1,1,0,1,0
pc_v4_23_p1,pc_v4_23,pronoun_coreference,1,1,1,0,0
pc_v4_23_p2,pc_v4_23,conditional_negative_constraint,1,1,1,0,0
pc_v4_23_p3,pc_v4_23,ellipsis_multi_object_preservation,0,0,0,1,0
pc_v4_24_p1,pc_v4_24,pronoun_coreference,1,1,1,0,0
pc_v4_24_p2,pc_v4_24,conditional_negative_constraint,1,1,1,0,0
pc_v4_24_p3,pc_v4_24,ellipsis_multi_object_preservation,1,1,1,1,1
pc_v4_25_p1,pc_v4_25,pronoun_coreference,1,1,1,0,0
pc_v4_25_p2,pc_v4_25,conditional_negative_constraint,0,1,1,0,0
pc_v4_25_p3,pc_v4_25,ellipsis_multi_object_preservation,1,1,1,1,1
pc_v4_26_p1,pc_v4_26,pronoun_coreference,1,1,0,0,0
pc_v4_26_p2,pc_v4_26,conditional_negative_constraint,1,1,0,0,0
pc_v4_26_p3,pc_v4_26,ellipsis_multi_object_preservation,1,1,0,1,0
pc_v4_27_p1,pc_v4_27,pronoun_coreference,1,1,1,0,0
pc_v4_27_p2,pc_v4_27,conditional_negative_constraint,1,1,1,0,0
pc_v4_27_p3,pc_v4_27,ellipsis_multi_object_preservation,0,0,0,1,0
pc_v4_28_p1,pc_v4_28,pronoun_coreference,1,1,1,0,0
pc_v4_28_p2,pc_v4_28,conditional_negative_constraint,1,1,1,0,0
pc_v4_28_p3,pc_v4_28,ellipsis_multi_object_preservation,1,1,1,0,0
pc_v4_29_p1,pc_v4_29,pronoun_coreference,1,1,1,0,0
pc_v4_29_p2,pc_v4_29,conditional_negative_constraint,1,1,1,0,0
pc_v4_29_p3,pc_v4_29,ellipsis_multi_object_preservation,1,1,1,1,1
pc_v4_30_p1,pc_v4_30,pronoun_coreference,1,1,0,0,0
pc_v4_30_p2,pc_v4_30,conditional_negative_constraint,1,1,0,0,0
pc_v4_30_p3,pc_v4_30,ellipsis_multi_object_preservation,1,1,1,1,1
pc_v4_31_p1,pc_v4_31,pronoun_coreference,1,1,1,0,0
pc_v4_31_p2,pc_v4_31,conditional_negative_constraint,0,0,1,0,0
pc_v4_31_p3,pc_v4_31,ellipsis_multi_object_preservation,1,1,0,1,0
pc_v4_32_p1,pc_v4_32,pronoun_coreference,1,1,1,0,0
pc_v4_32_p2,pc_v4_32,conditional_negative_constraint,1,1,1,0,0
pc_v4_32_p3,pc_v4_32,ellipsis_multi_object_preservation,1,1,1,1,1
pc_v4_33_p1,pc_v4_33,pronoun_coreference,1,1,1,0,0
pc_v4_33_p2,pc_v4_33,conditional_negative_constraint,1,1,1,0,0
pc_v4_33_p3,pc_v4_33,ellipsis_multi_object_preservation,1,1,1,1,1
pc_v4_34_p1,pc_v4_34,pronoun_coreference,1,1,0,0,0
pc_v4_34_p2,pc_v4_34,conditional_negative_constraint,1,1,0,0,0
pc_v4_34_p3,pc_v4_34,ellipsis_multi_object_preservation,1,1,0,1,0
pc_v4_35_p1,pc_v4_35,pronoun_coreference,1,1,1,0,0
pc_v4_35_p2,pc_v4_35,conditional_negative_constraint,1,1,1,0,0
pc_v4_35_p3,pc_v4_35,ellipsis_multi_object_preservation,1,1,0,1,0
pc_v4_36_p1,pc_v4_36,pronoun_coreference,1,1,1,0,0
pc_v4_36_p2,pc_v4_36,conditional_negative_constraint,1,1,1,0,0
pc_v4_36_p3,pc_v4_36,ellipsis_multi_object_preservation,1,1,1,0,0
pc_v4_37_p1,pc_v4_37,pronoun_coreference,1,1,1,0,0
pc_v4_37_p2,pc_v4_37,conditional_negative_constraint,1,1,1,0,0
pc_v4_37_p3,pc_v4_37,ellipsis_multi_object_preservation,1,1,1,1,1
pc_v4_38_p1,pc_v4_38,pronoun_coreference,1,1,1,0,0
pc_v4_38_p2,pc_v4_38,conditional_negative_constraint,1,1,0,0,0
pc_v4_38_p3,pc_v4_38,ellipsis_multi_object_preservation,1,1,0,1,0
pc_v4_39_p1,pc_v4_39,pronoun_coreference,1,1,1,0,0
pc_v4_39_p2,pc_v4_39,conditional_negative_constraint,0,0,1,0,0
pc_v4_39_p3,pc_v4_39,ellipsis_multi_object_preservation,1,1,0,1,0
pc_v4_40_p1,pc_v4_40,pronoun_coreference,1,1,1,0,0
pc_v4_40_p2,pc_v4_40,conditional_negative_constraint,1,1,1,0,0
pc_v4_40_p3,pc_v4_40,ellipsis_multi_object_preservation,1,1,1,1,1
pc_v4_41_p1,pc_v4_41,pronoun_coreference,1,1,1,0,0
pc_v4_41_p2,pc_v4_41,conditional_negative_constraint,1,1,1,0,0
pc_v4_41_p3,pc_v4_41,ellipsis_multi_object_preservation,1,1,1,1,1
pc_v4_42_p1,pc_v4_42,pronoun_coreference,1,1,0,0,0
pc_v4_42_p2,pc_v4_42,conditional_negative_constraint,1,1,0,0,0
pc_v4_42_p3,pc_v4_42,ellipsis_multi_object_preservation,1,1,0,1,0
pc_v4_43_p1,pc_v4_43,pronoun_coreference,1,1,1,0,0
pc_v4_43_p2,pc_v4_43,conditional_negative_constraint,1,1,1,0,0
pc_v4_43_p3,pc_v4_43,ellipsis_multi_object_preservation,0,0,0,1,0
pc_v4_44_p1,pc_v4_44,pronoun_coreference,1,1,1,0,0
pc_v4_44_p2,pc_v4_44,conditional_negative_constraint,1,1,1,0,0
pc_v4_44_p3,pc_v4_44,ellipsis_multi_object_preservation,1,1,1,1,1
pc_v4_45_p1,pc_v4_45,pronoun_coreference,1,1,1,0,0
pc_v4_45_p2,pc_v4_45,conditional_negative_constraint,1,1,1,0,0
pc_v4_45_p3,pc_v4_45,ellipsis_multi_object_preservation,1,1,1,1,1
pc_v4_46_p1,pc_v4_46,pronoun_coreference,1,1,0,0,0
pc_v4_46_p2,pc_v4_46,conditional_negative_constraint,1,1,1,0,0
pc_v4_46_p3,pc_v4_46,ellipsis_multi_object_preservation,1,1,0,1,0
pc_v4_47_p1,pc_v4_47,pronoun_coreference,1,1,1,0,0
pc_v4_47_p2,pc_v4_47,conditional_negative_constraint,1,1,1,0,0
pc_v4_47_p3,pc_v4_47,ellipsis_multi_object_preservation,1,1,0,1,0
pc_v4_48_p1,pc_v4_48,pronoun_coreference,1,1,1,0,0
pc_v4_48_p2,pc_v4_48,conditional_negative_constraint,1,1,1,0,0
pc_v4_48_p3,pc_v4_48,ellipsis_multi_object_preservation,1,1,1,1,1
pc_v4_49_p1,pc_v4_49,pronoun_coreference,1,1,1,0,0
pc_v4_49_p2,pc_v4_49,conditional_negative_constraint,1,1,1,0,0
pc_v4_49_p3,pc_v4_49,ellipsis_multi_object_preservation,1,1,1,1,1
pc_v4_50_p1,pc_v4_50,pronoun_coreference,1,1,0,0,0
pc_v4_50_p2,pc_v4_50,conditional_negative_constraint,1,1,0,0,0
pc_v4_50_p3,pc_v4_50,ellipsis_multi_object_preservation,1,1,0,1,0
pc_v4_51_p1,pc_v4_51,pronoun_coreference,1,1,1,0,0
pc_v4_51_p2,pc_v4_51,conditional_negative_constraint,1,1,1,0,0
pc_v4_51_p3,pc_v4_51,ellipsis_multi_object_preservation,1,1,0,1,0
pc_v4_52_p1,pc_v4_52,pronoun_coreference,1,1,1,0,0
pc_v4_52_p2,pc_v4_52,conditional_negative_constraint,1,1,1,0,0
pc_v4_52_p3,pc_v4_52,ellipsis_multi_object_preservation,1,1,1,0,0
pc_v4_53_p1,pc_v4_53,pronoun_coreference,1,1,1,0,0
pc_v4_53_p2,pc_v4_53,conditional_negative_constraint,1,1,1,0,0
pc_v4_53_p3,pc_v4_53,ellipsis_multi_object_preservation,1,1,1,1,1
pc_v4_54_p1,pc_v4_54,pronoun_coreference,1,1,0,0,0
pc_v4_54_p2,pc_v4_54,conditional_negative_constraint,1,1,1,0,0
pc_v4_54_p3,pc_v4_54,ellipsis_multi_object_preservation,1,1,0,1,0
pc_v4_55_p1,pc_v4_55,pronoun_coreference,1,1,1,0,0
pc_v4_55_p2,pc_v4_55,conditional_negative_constraint,0,0,1,1,0
pc_v4_55_p3,pc_v4_55,ellipsis_multi_object_preservation,1,1,0,1,0
pc_v4_56_p1,pc_v4_56,pronoun_coreference,1,1,1,0,0
pc_v4_56_p2,pc_v4_56,conditional_negative_constraint,1,1,1,0,0
pc_v4_56_p3,pc_v4_56,ellipsis_multi_object_preservation,1,1,1,1,1
pc_v4_57_p1,pc_v4_57,pronoun_coreference,1,1,1,0,0
pc_v4_57_p2,pc_v4_57,conditional_negative_constraint,1,1,1,0,0
pc_v4_57_p3,pc_v4_57,ellipsis_multi_object_preservation,1,1,1,1,1
pc_v4_58_p1,pc_v4_58,pronoun_coreference,1,1,0,0,0
pc_v4_58_p2,pc_v4_58,conditional_negative_constraint,1,1,0,0,0
pc_v4_58_p3,pc_v4_58,ellipsis_multi_object_preservation,1,1,0,1,0
pc_v4_59_p1,pc_v4_59,pronoun_coreference,1,1,1,0,0
pc_v4_59_p2,pc_v4_59,conditional_negative_constraint,0,0,1,0,0
pc_v4_59_p3,pc_v4_59,ellipsis_multi_object_preservation,1,1,0,1,0
pc_v4_60_p1,pc_v4_60,pronoun_coreference,1,1,1,0,0
pc_v4_60_p2,pc_v4_60,conditional_negative_constraint,1,1,1,0,0
pc_v4_60_p3,pc_v4_60,ellipsis_multi_object_preservation,1,1,1,0,0
pc_v4_61_p1,pc_v4_61,pronoun_coreference,1,1,1,0,0
pc_v4_61_p2,pc_v4_61,conditional_negative_constraint,1,1,1,0,0
pc_v4_61_p3,pc_v4_61,ellipsis_multi_object_preservation,1,1,1,1,1
pc_v4_62_p1,pc_v4_62,pronoun_coreference,1,1,0,0,0
pc_v4_62_p2,pc_v4_62,conditional_negative_constraint,1,1,0,0,0
pc_v4_62_p3,pc_v4_62,ellipsis_multi_object_preservation,1,1,0,1,0
pc_v4_63_p1,pc_v4_63,pronoun_coreference,1,1,1,0,0
pc_v4_63_p2,pc_v4_63,conditional_negative_constraint,1,1,1,0,0
pc_v4_63_p3,pc_v4_63,ellipsis_multi_object_preservation,1,1,0,1,0
pc_v4_64_p1,pc_v4_64,pronoun_coreference,1,1,1,0,0
pc_v4_64_p2,pc_v4_64,conditional_negative_constraint,1,1,1,0,0
pc_v4_64_p3,pc_v4_64,ellipsis_multi_object_preservation,1,1,1,0,0
pc_v4_65_p1,pc_v4_65,pronoun_coreference,1,1,1,0,0
pc_v4_65_p2,pc_v4_65,conditional_negative_constraint,1,1,1,0,0
pc_v4_65_p3,pc_v4_65,ellipsis_multi_object_preservation,1,1,1,1,1
pc_v4_66_p1,pc_v4_66,pronoun_coreference,1,1,0,0,0
pc_v4_66_p2,pc_v4_66,conditional_negative_constraint,1,1,0,0,0
pc_v4_66_p3,pc_v4_66,ellipsis_multi_object_preservation,1,1,0,1,0
pc_v4_67_p1,pc_v4_67,pronoun_coreference,1,1,1,0,0
pc_v4_67_p2,pc_v4_67,conditional_negative_constraint,0,0,1,0,0
pc_v4_67_p3,pc_v4_67,ellipsis_multi_object_preservation,1,1,0,1,0
pc_v4_68_p1,pc_v4_68,pronoun_coreference,1,1,1,0,0
pc_v4_68_p2,pc_v4_68,conditional_negative_constraint,1,1,1,1,1
pc_v4_68_p3,pc_v4_68,ellipsis_multi_object_preservation,1,1,1,0,0
pc_v4_69_p1,pc_v4_69,pronoun_coreference,1,1,1,0,0
pc_v4_69_p2,pc_v4_69,conditional_negative_constraint,1,1,1,0,0
pc_v4_69_p3,pc_v4_69,ellipsis_multi_object_preservation,1,1,1,1,1
pc_v4_70_p1,pc_v4_70,pronoun_coreference,1,1,0,0,0
pc_v4_70_p2,pc_v4_70,conditional_negative_constraint,1,1,0,0,0
pc_v4_70_p3,pc_v4_70,ellipsis_multi_object_preservation,1,1,0,1,0
pc_v4_71_p1,pc_v4_71,pronoun_coreference,1,1,1,0,0
pc_v4_71_p2,pc_v4_71,conditional_negative_constraint,0,0,1,0,0
pc_v4_71_p3,pc_v4_71,ellipsis_multi_object_preservation,1,1,0,1,0
pc_v4_72_p1,pc_v4_72,pronoun_coreference,1,1,1,0,0
pc_v4_72_p2,pc_v4_72,conditional_negative_constraint,1,1,1,0,0
pc_v4_72_p3,pc_v4_72,ellipsis_multi_object_preservation,1,1,1,1,1
pc_v4_73_p1,pc_v4_73,pronoun_coreference,1,1,1,1,1
pc_v4_73_p2,pc_v4_73,conditional_negative_constraint,1,1,1,0,0
pc_v4_73_p3,pc_v4_73,ellipsis_multi_object_preservation,1,1,1,1,1
pc_v4_74_p1,pc_v4_74,pronoun_coreference,1,1,0,0,0
pc_v4_74_p2,pc_v4_74,conditional_negative_constraint,1,1,0,0,0
pc_v4_74_p3,pc_v4_74,ellipsis_multi_object_preservation,1,1,1,1,1
pc_v4_75_p1,pc_v4_75,pronoun_coreference,1,1,1,0,0
pc_v4_75_p2,pc_v4_75,conditional_negative_constraint,1,1,1,0,0
pc_v4_75_p3,pc_v4_75,ellipsis_multi_object_preservation,1,1,0,1,0
pc_v4_76_p1,pc_v4_76,pronoun_coreference,1,1,1,0,0
pc_v4_76_p2,pc_v4_76,conditional_negative_constraint,1,1,1,0,0
pc_v4_76_p3,pc_v4_76,ellipsis_multi_object_preservation,1,1,1,1,1
pc_v4_77_p1,pc_v4_77,pronoun_coreference,1,1,1,0,0
pc_v4_77_p2,pc_v4_77,conditional_negative_constraint,1,1,1,0,0
pc_v4_77_p3,pc_v4_77,ellipsis_multi_object_preservation,1,1,1,1,1
pc_v4_78_p1,pc_v4_78,pronoun_coreference,1,1,0,0,0
pc_v4_78_p2,pc_v4_78,conditional_negative_constraint,1,1,0,0,0
pc_v4_78_p3,pc_v4_78,ellipsis_multi_object_preservation,1,1,0,1,0
pc_v4_79_p1,pc_v4_79,pronoun_coreference,1,1,1,0,0
pc_v4_79_p2,pc_v4_79,conditional_negative_constraint,0,0,1,0,0
pc_v4_79_p3,pc_v4_79,ellipsis_multi_object_preservation,1,1,0,1,0
