scope,metric,value,evidence_status
SIM-A,row_count,240,simulation_only
SIM-A,unique_id_count,240,simulation_only
SIM-A,accept_count,240,simulation_only
SIM-A,keep_original_count,0,simulation_only
SIM-A,uncertain_count,0,simulation_only
SIM-A,accept_or_keep_with_nonblank_corrections,0,schema_pass
SIM-A,simulation_notice,1,provenance_gate
SIM-A,aigc_property,1,provenance_gate
SIM-B,row_count,240,simulation_only
SIM-B,unique_id_count,240,simulation_only
SIM-B,accept_count,192,simulation_only
SIM-B,keep_original_count,40,simulation_only
SIM-B,uncertain_count,8,simulation_only
SIM-B,accept_or_keep_with_nonblank_corrections,0,schema_pass
SIM-B,simulation_notice,1,provenance_gate
SIM-B,aigc_property,1,provenance_gate
cross_simulation,shared_id_count,240,simulation_only
cross_simulation,decision_exact_agreement,0.800000,not_human_agreement
cross_simulation,decision_cohen_kappa,0.000000,not_human_agreement
cross_simulation,effective_meaning_determinate_n,232,simulation_only
cross_simulation,effective_meaning_exact_agreement,0.827586,not_human_agreement
cross_simulation,effective_meaning_cohen_kappa,0.658824,not_human_agreement
