source,task_id,domain,instruction,gold_object,gold_field,gold_constraint,gold_forbidden,base_instruction,paraphrase_id,variant_index,linguistic_phenomenon,expected_forbidden_effects_json
llm_agent_v4,pc_v4_00,file,"Open reports/draft_0.txt. Change its content so that it reads approved_0, and leave everything else untouched.",reports/draft_0.txt,content,approved_0,unrelated object or field changes are forbidden,Set reports/draft_0.txt's content to approved_0; preserve every unrelated object and field.,pc_v4_00_p1,1,pronoun_coreference,"[""unrelated objects"", ""unrelated fields""]"
llm_agent_v4,pc_v4_00,file,"If reports/draft_0.txt is present, set content to approved_0. Do not alter any other object or field.",reports/draft_0.txt,content,approved_0,unrelated object or field changes are forbidden,Set reports/draft_0.txt's content to approved_0; preserve every unrelated object and field.,pc_v4_00_p2,2,conditional_negative_constraint,"[""unrelated objects"", ""unrelated fields""]"
llm_agent_v4,pc_v4_00,file,"For reports/draft_0.txt: content -> approved_0; reports/reference_00.txt and reports/archive_00.txt, unchanged.",reports/draft_0.txt,content,approved_0,unrelated object or field changes are forbidden,Set reports/draft_0.txt's content to approved_0; preserve every unrelated object and field.,pc_v4_00_p3,3,ellipsis_multi_object_preservation,"[""reports/reference_00.txt"", ""reports/archive_00.txt""]"
llm_agent_v4,pc_v4_01,web_form,"Open r01. Change its status so that it reads approved, and leave everything else untouched.",r01,status,approved,unrelated object or field changes are forbidden,Set r01's status to approved; preserve every unrelated object and field.,pc_v4_01_p1,1,pronoun_coreference,"[""unrelated objects"", ""unrelated fields""]"
llm_agent_v4,pc_v4_01,web_form,"If r01 is present, set status to approved. Do not alter any other object or field.",r01,status,approved,unrelated object or field changes are forbidden,Set r01's status to approved; preserve every unrelated object and field.,pc_v4_01_p2,2,conditional_negative_constraint,"[""unrelated objects"", ""unrelated fields""]"
llm_agent_v4,pc_v4_01,web_form,"For r01: status -> approved; peer_record_01_a and peer_record_01_b, unchanged.",r01,status,approved,unrelated object or field changes are forbidden,Set r01's status to approved; preserve every unrelated object and field.,pc_v4_01_p3,3,ellipsis_multi_object_preservation,"[""peer_record_01_a"", ""peer_record_01_b""]"
llm_agent_v4,pc_v4_02,table,"Open row02. Change its score so that it reads 82, and leave everything else untouched.",row02,score,82,unrelated object or field changes are forbidden,Set row02's score to 82; preserve every unrelated object and field.,pc_v4_02_p1,1,pronoun_coreference,"[""unrelated objects"", ""unrelated fields""]"
llm_agent_v4,pc_v4_02,table,"If row02 is present, set score to 82. Do not alter any other object or field.",row02,score,82,unrelated object or field changes are forbidden,Set row02's score to 82; preserve every unrelated object and field.,pc_v4_02_p2,2,conditional_negative_constraint,"[""unrelated objects"", ""unrelated fields""]"
llm_agent_v4,pc_v4_02,table,"For row02: score -> 82; peer_row_02_a and peer_row_02_b, unchanged.",row02,score,82,unrelated object or field changes are forbidden,Set row02's score to 82; preserve every unrelated object and field.,pc_v4_02_p3,3,ellipsis_multi_object_preservation,"[""peer_row_02_a"", ""peer_row_02_b""]"
llm_agent_v4,pc_v4_03,workflow_micro,"Open step03. Change its note so that it reads checked_3, and leave everything else untouched.",step03,note,checked_3,unrelated object or field changes are forbidden,Set step03's note to checked_3; preserve every unrelated object and field.,pc_v4_03_p1,1,pronoun_coreference,"[""unrelated objects"", ""unrelated fields""]"
llm_agent_v4,pc_v4_03,workflow_micro,"If step03 is present, set note to checked_3. Do not alter any other object or field.",step03,note,checked_3,unrelated object or field changes are forbidden,Set step03's note to checked_3; preserve every unrelated object and field.,pc_v4_03_p2,2,conditional_negative_constraint,"[""unrelated objects"", ""unrelated fields""]"
llm_agent_v4,pc_v4_03,workflow_micro,"For step03: note -> checked_3; peer_step_03_a and peer_step_03_b, unchanged.",step03,note,checked_3,unrelated object or field changes are forbidden,Set step03's note to checked_3; preserve every unrelated object and field.,pc_v4_03_p3,3,ellipsis_multi_object_preservation,"[""peer_step_03_a"", ""peer_step_03_b""]"
llm_agent_v4,pc_v4_04,file,"Open reports/draft_4.txt. Change its content so that it reads approved_4, and leave everything else untouched.",reports/draft_4.txt,content,approved_4,unrelated object or field changes are forbidden,Set reports/draft_4.txt's content to approved_4; preserve every unrelated object and field.,pc_v4_04_p1,1,pronoun_coreference,"[""unrelated objects"", ""unrelated fields""]"
llm_agent_v4,pc_v4_04,file,"If reports/draft_4.txt is present, set content to approved_4. Do not alter any other object or field.",reports/draft_4.txt,content,approved_4,unrelated object or field changes are forbidden,Set reports/draft_4.txt's content to approved_4; preserve every unrelated object and field.,pc_v4_04_p2,2,conditional_negative_constraint,"[""unrelated objects"", ""unrelated fields""]"
llm_agent_v4,pc_v4_04,file,"For reports/draft_4.txt: content -> approved_4; reports/reference_04.txt and reports/archive_04.txt, unchanged.",reports/draft_4.txt,content,approved_4,unrelated object or field changes are forbidden,Set reports/draft_4.txt's content to approved_4; preserve every unrelated object and field.,pc_v4_04_p3,3,ellipsis_multi_object_preservation,"[""reports/reference_04.txt"", ""reports/archive_04.txt""]"
llm_agent_v4,pc_v4_05,web_form,"Open r05. Change its status so that it reads approved, and leave everything else untouched.",r05,status,approved,unrelated object or field changes are forbidden,Set r05's status to approved; preserve every unrelated object and field.,pc_v4_05_p1,1,pronoun_coreference,"[""unrelated objects"", ""unrelated fields""]"
llm_agent_v4,pc_v4_05,web_form,"If r05 is present, set status to approved. Do not alter any other object or field.",r05,status,approved,unrelated object or field changes are forbidden,Set r05's status to approved; preserve every unrelated object and field.,pc_v4_05_p2,2,conditional_negative_constraint,"[""unrelated objects"", ""unrelated fields""]"
llm_agent_v4,pc_v4_05,web_form,"For r05: status -> approved; peer_record_05_a and peer_record_05_b, unchanged.",r05,status,approved,unrelated object or field changes are forbidden,Set r05's status to approved; preserve every unrelated object and field.,pc_v4_05_p3,3,ellipsis_multi_object_preservation,"[""peer_record_05_a"", ""peer_record_05_b""]"
llm_agent_v4,pc_v4_06,table,"Open row06. Change its score so that it reads 86, and leave everything else untouched.",row06,score,86,unrelated object or field changes are forbidden,Set row06's score to 86; preserve every unrelated object and field.,pc_v4_06_p1,1,pronoun_coreference,"[""unrelated objects"", ""unrelated fields""]"
llm_agent_v4,pc_v4_06,table,"If row06 is present, set score to 86. Do not alter any other object or field.",row06,score,86,unrelated object or field changes are forbidden,Set row06's score to 86; preserve every unrelated object and field.,pc_v4_06_p2,2,conditional_negative_constraint,"[""unrelated objects"", ""unrelated fields""]"
llm_agent_v4,pc_v4_06,table,"For row06: score -> 86; peer_row_06_a and peer_row_06_b, unchanged.",row06,score,86,unrelated object or field changes are forbidden,Set row06's score to 86; preserve every unrelated object and field.,pc_v4_06_p3,3,ellipsis_multi_object_preservation,"[""peer_row_06_a"", ""peer_row_06_b""]"
llm_agent_v4,pc_v4_07,workflow_micro,"Open step07. Change its note so that it reads checked_7, and leave everything else untouched.",step07,note,checked_7,unrelated object or field changes are forbidden,Set step07's note to checked_7; preserve every unrelated object and field.,pc_v4_07_p1,1,pronoun_coreference,"[""unrelated objects"", ""unrelated fields""]"
llm_agent_v4,pc_v4_07,workflow_micro,"If step07 is present, set note to checked_7. Do not alter any other object or field.",step07,note,checked_7,unrelated object or field changes are forbidden,Set step07's note to checked_7; preserve every unrelated object and field.,pc_v4_07_p2,2,conditional_negative_constraint,"[""unrelated objects"", ""unrelated fields""]"
llm_agent_v4,pc_v4_07,workflow_micro,"For step07: note -> checked_7; peer_step_07_a and peer_step_07_b, unchanged.",step07,note,checked_7,unrelated object or field changes are forbidden,Set step07's note to checked_7; preserve every unrelated object and field.,pc_v4_07_p3,3,ellipsis_multi_object_preservation,"[""peer_step_07_a"", ""peer_step_07_b""]"
llm_agent_v4,pc_v4_08,file,"Open reports/draft_8.txt. Change its content so that it reads approved_8, and leave everything else untouched.",reports/draft_8.txt,content,approved_8,unrelated object or field changes are forbidden,Set reports/draft_8.txt's content to approved_8; preserve every unrelated object and field.,pc_v4_08_p1,1,pronoun_coreference,"[""unrelated objects"", ""unrelated fields""]"
llm_agent_v4,pc_v4_08,file,"If reports/draft_8.txt is present, set content to approved_8. Do not alter any other object or field.",reports/draft_8.txt,content,approved_8,unrelated object or field changes are forbidden,Set reports/draft_8.txt's content to approved_8; preserve every unrelated object and field.,pc_v4_08_p2,2,conditional_negative_constraint,"[""unrelated objects"", ""unrelated fields""]"
llm_agent_v4,pc_v4_08,file,"For reports/draft_8.txt: content -> approved_8; reports/reference_08.txt and reports/archive_08.txt, unchanged.",reports/draft_8.txt,content,approved_8,unrelated object or field changes are forbidden,Set reports/draft_8.txt's content to approved_8; preserve every unrelated object and field.,pc_v4_08_p3,3,ellipsis_multi_object_preservation,"[""reports/reference_08.txt"", ""reports/archive_08.txt""]"
llm_agent_v4,pc_v4_09,web_form,"Open r09. Change its name so that it reads Alice_9, and leave everything else untouched.",r09,name,Alice_9,unrelated object or field changes are forbidden,Set r09's name to Alice_9; preserve every unrelated object and field.,pc_v4_09_p1,1,pronoun_coreference,"[""unrelated objects"", ""unrelated fields""]"
llm_agent_v4,pc_v4_09,web_form,"If r09 is present, set name to Alice_9. Do not alter any other object or field.",r09,name,Alice_9,unrelated object or field changes are forbidden,Set r09's name to Alice_9; preserve every unrelated object and field.,pc_v4_09_p2,2,conditional_negative_constraint,"[""unrelated objects"", ""unrelated fields""]"
llm_agent_v4,pc_v4_09,web_form,"For r09: name -> Alice_9; peer_record_09_a and peer_record_09_b, unchanged.",r09,name,Alice_9,unrelated object or field changes are forbidden,Set r09's name to Alice_9; preserve every unrelated object and field.,pc_v4_09_p3,3,ellipsis_multi_object_preservation,"[""peer_record_09_a"", ""peer_record_09_b""]"
llm_agent_v4,pc_v4_10,table,"Open row10. Change its score so that it reads 80, and leave everything else untouched.",row10,score,80,unrelated object or field changes are forbidden,Set row10's score to 80; preserve every unrelated object and field.,pc_v4_10_p1,1,pronoun_coreference,"[""unrelated objects"", ""unrelated fields""]"
llm_agent_v4,pc_v4_10,table,"If row10 is present, set score to 80. Do not alter any other object or field.",row10,score,80,unrelated object or field changes are forbidden,Set row10's score to 80; preserve every unrelated object and field.,pc_v4_10_p2,2,conditional_negative_constraint,"[""unrelated objects"", ""unrelated fields""]"
llm_agent_v4,pc_v4_10,table,"For row10: score -> 80; peer_row_10_a and peer_row_10_b, unchanged.",row10,score,80,unrelated object or field changes are forbidden,Set row10's score to 80; preserve every unrelated object and field.,pc_v4_10_p3,3,ellipsis_multi_object_preservation,"[""peer_row_10_a"", ""peer_row_10_b""]"
llm_agent_v4,pc_v4_11,workflow_micro,"Open step11. Change its note so that it reads checked_11, and leave everything else untouched.",step11,note,checked_11,unrelated object or field changes are forbidden,Set step11's note to checked_11; preserve every unrelated object and field.,pc_v4_11_p1,1,pronoun_coreference,"[""unrelated objects"", ""unrelated fields""]"
llm_agent_v4,pc_v4_11,workflow_micro,"If step11 is present, set note to checked_11. Do not alter any other object or field.",step11,note,checked_11,unrelated object or field changes are forbidden,Set step11's note to checked_11; preserve every unrelated object and field.,pc_v4_11_p2,2,conditional_negative_constraint,"[""unrelated objects"", ""unrelated fields""]"
llm_agent_v4,pc_v4_11,workflow_micro,"For step11: note -> checked_11; peer_step_11_a and peer_step_11_b, unchanged.",step11,note,checked_11,unrelated object or field changes are forbidden,Set step11's note to checked_11; preserve every unrelated object and field.,pc_v4_11_p3,3,ellipsis_multi_object_preservation,"[""peer_step_11_a"", ""peer_step_11_b""]"
llm_agent_v4,pc_v4_12,file,"Open reports/draft_12.txt. Change its content so that it reads approved_12, and leave everything else untouched.",reports/draft_12.txt,content,approved_12,unrelated object or field changes are forbidden,Set reports/draft_12.txt's content to approved_12; preserve every unrelated object and field.,pc_v4_12_p1,1,pronoun_coreference,"[""unrelated objects"", ""unrelated fields""]"
llm_agent_v4,pc_v4_12,file,"If reports/draft_12.txt is present, set content to approved_12. Do not alter any other object or field.",reports/draft_12.txt,content,approved_12,unrelated object or field changes are forbidden,Set reports/draft_12.txt's content to approved_12; preserve every unrelated object and field.,pc_v4_12_p2,2,conditional_negative_constraint,"[""unrelated objects"", ""unrelated fields""]"
llm_agent_v4,pc_v4_12,file,"For reports/draft_12.txt: content -> approved_12; reports/reference_12.txt and reports/archive_12.txt, unchanged.",reports/draft_12.txt,content,approved_12,unrelated object or field changes are forbidden,Set reports/draft_12.txt's content to approved_12; preserve every unrelated object and field.,pc_v4_12_p3,3,ellipsis_multi_object_preservation,"[""reports/reference_12.txt"", ""reports/archive_12.txt""]"
llm_agent_v4,pc_v4_13,web_form,"Open r13. Change its status so that it reads approved, and leave everything else untouched.",r13,status,approved,unrelated object or field changes are forbidden,Set r13's status to approved; preserve every unrelated object and field.,pc_v4_13_p1,1,pronoun_coreference,"[""unrelated objects"", ""unrelated fields""]"
llm_agent_v4,pc_v4_13,web_form,"If r13 is present, set status to approved. Do not alter any other object or field.",r13,status,approved,unrelated object or field changes are forbidden,Set r13's status to approved; preserve every unrelated object and field.,pc_v4_13_p2,2,conditional_negative_constraint,"[""unrelated objects"", ""unrelated fields""]"
llm_agent_v4,pc_v4_13,web_form,"For r13: status -> approved; peer_record_13_a and peer_record_13_b, unchanged.",r13,status,approved,unrelated object or field changes are forbidden,Set r13's status to approved; preserve every unrelated object and field.,pc_v4_13_p3,3,ellipsis_multi_object_preservation,"[""peer_record_13_a"", ""peer_record_13_b""]"
llm_agent_v4,pc_v4_14,table,"Open row14. Change its score so that it reads 84, and leave everything else untouched.",row14,score,84,unrelated object or field changes are forbidden,Set row14's score to 84; preserve every unrelated object and field.,pc_v4_14_p1,1,pronoun_coreference,"[""unrelated objects"", ""unrelated fields""]"
llm_agent_v4,pc_v4_14,table,"If row14 is present, set score to 84. Do not alter any other object or field.",row14,score,84,unrelated object or field changes are forbidden,Set row14's score to 84; preserve every unrelated object and field.,pc_v4_14_p2,2,conditional_negative_constraint,"[""unrelated objects"", ""unrelated fields""]"
llm_agent_v4,pc_v4_14,table,"For row14: score -> 84; peer_row_14_a and peer_row_14_b, unchanged.",row14,score,84,unrelated object or field changes are forbidden,Set row14's score to 84; preserve every unrelated object and field.,pc_v4_14_p3,3,ellipsis_multi_object_preservation,"[""peer_row_14_a"", ""peer_row_14_b""]"
llm_agent_v4,pc_v4_15,workflow_micro,"Open step15. Change its note so that it reads checked_15, and leave everything else untouched.",step15,note,checked_15,unrelated object or field changes are forbidden,Set step15's note to checked_15; preserve every unrelated object and field.,pc_v4_15_p1,1,pronoun_coreference,"[""unrelated objects"", ""unrelated fields""]"
llm_agent_v4,pc_v4_15,workflow_micro,"If step15 is present, set note to checked_15. Do not alter any other object or field.",step15,note,checked_15,unrelated object or field changes are forbidden,Set step15's note to checked_15; preserve every unrelated object and field.,pc_v4_15_p2,2,conditional_negative_constraint,"[""unrelated objects"", ""unrelated fields""]"
llm_agent_v4,pc_v4_15,workflow_micro,"For step15: note -> checked_15; peer_step_15_a and peer_step_15_b, unchanged.",step15,note,checked_15,unrelated object or field changes are forbidden,Set step15's note to checked_15; preserve every unrelated object and field.,pc_v4_15_p3,3,ellipsis_multi_object_preservation,"[""peer_step_15_a"", ""peer_step_15_b""]"
llm_agent_v4,pc_v4_16,file,"Open reports/draft_16.txt. Change its content so that it reads approved_16, and leave everything else untouched.",reports/draft_16.txt,content,approved_16,unrelated object or field changes are forbidden,Set reports/draft_16.txt's content to approved_16; preserve every unrelated object and field.,pc_v4_16_p1,1,pronoun_coreference,"[""unrelated objects"", ""unrelated fields""]"
llm_agent_v4,pc_v4_16,file,"If reports/draft_16.txt is present, set content to approved_16. Do not alter any other object or field.",reports/draft_16.txt,content,approved_16,unrelated object or field changes are forbidden,Set reports/draft_16.txt's content to approved_16; preserve every unrelated object and field.,pc_v4_16_p2,2,conditional_negative_constraint,"[""unrelated objects"", ""unrelated fields""]"
llm_agent_v4,pc_v4_16,file,"For reports/draft_16.txt: content -> approved_16; reports/reference_16.txt and reports/archive_16.txt, unchanged.",reports/draft_16.txt,content,approved_16,unrelated object or field changes are forbidden,Set reports/draft_16.txt's content to approved_16; preserve every unrelated object and field.,pc_v4_16_p3,3,ellipsis_multi_object_preservation,"[""reports/reference_16.txt"", ""reports/archive_16.txt""]"
llm_agent_v4,pc_v4_17,web_form,"Open r17. Change its status so that it reads approved, and leave everything else untouched.",r17,status,approved,unrelated object or field changes are forbidden,Set r17's status to approved; preserve every unrelated object and field.,pc_v4_17_p1,1,pronoun_coreference,"[""unrelated objects"", ""unrelated fields""]"
llm_agent_v4,pc_v4_17,web_form,"If r17 is present, set status to approved. Do not alter any other object or field.",r17,status,approved,unrelated object or field changes are forbidden,Set r17's status to approved; preserve every unrelated object and field.,pc_v4_17_p2,2,conditional_negative_constraint,"[""unrelated objects"", ""unrelated fields""]"
llm_agent_v4,pc_v4_17,web_form,"For r17: status -> approved; peer_record_17_a and peer_record_17_b, unchanged.",r17,status,approved,unrelated object or field changes are forbidden,Set r17's status to approved; preserve every unrelated object and field.,pc_v4_17_p3,3,ellipsis_multi_object_preservation,"[""peer_record_17_a"", ""peer_record_17_b""]"
llm_agent_v4,pc_v4_18,table,"Open row18. Change its score so that it reads 88, and leave everything else untouched.",row18,score,88,unrelated object or field changes are forbidden,Set row18's score to 88; preserve every unrelated object and field.,pc_v4_18_p1,1,pronoun_coreference,"[""unrelated objects"", ""unrelated fields""]"
llm_agent_v4,pc_v4_18,table,"If row18 is present, set score to 88. Do not alter any other object or field.",row18,score,88,unrelated object or field changes are forbidden,Set row18's score to 88; preserve every unrelated object and field.,pc_v4_18_p2,2,conditional_negative_constraint,"[""unrelated objects"", ""unrelated fields""]"
llm_agent_v4,pc_v4_18,table,"For row18: score -> 88; peer_row_18_a and peer_row_18_b, unchanged.",row18,score,88,unrelated object or field changes are forbidden,Set row18's score to 88; preserve every unrelated object and field.,pc_v4_18_p3,3,ellipsis_multi_object_preservation,"[""peer_row_18_a"", ""peer_row_18_b""]"
llm_agent_v4,pc_v4_19,workflow_micro,"Open step19. Change its note so that it reads checked_19, and leave everything else untouched.",step19,note,checked_19,unrelated object or field changes are forbidden,Set step19's note to checked_19; preserve every unrelated object and field.,pc_v4_19_p1,1,pronoun_coreference,"[""unrelated objects"", ""unrelated fields""]"
llm_agent_v4,pc_v4_19,workflow_micro,"If step19 is present, set note to checked_19. Do not alter any other object or field.",step19,note,checked_19,unrelated object or field changes are forbidden,Set step19's note to checked_19; preserve every unrelated object and field.,pc_v4_19_p2,2,conditional_negative_constraint,"[""unrelated objects"", ""unrelated fields""]"
llm_agent_v4,pc_v4_19,workflow_micro,"For step19: note -> checked_19; peer_step_19_a and peer_step_19_b, unchanged.",step19,note,checked_19,unrelated object or field changes are forbidden,Set step19's note to checked_19; preserve every unrelated object and field.,pc_v4_19_p3,3,ellipsis_multi_object_preservation,"[""peer_step_19_a"", ""peer_step_19_b""]"
llm_agent_v4,pc_v4_20,file,"Open reports/draft_20.txt. Change its content so that it reads approved_20, and leave everything else untouched.",reports/draft_20.txt,content,approved_20,unrelated object or field changes are forbidden,Set reports/draft_20.txt's content to approved_20; preserve every unrelated object and field.,pc_v4_20_p1,1,pronoun_coreference,"[""unrelated objects"", ""unrelated fields""]"
llm_agent_v4,pc_v4_20,file,"If reports/draft_20.txt is present, set content to approved_20. Do not alter any other object or field.",reports/draft_20.txt,content,approved_20,unrelated object or field changes are forbidden,Set reports/draft_20.txt's content to approved_20; preserve every unrelated object and field.,pc_v4_20_p2,2,conditional_negative_constraint,"[""unrelated objects"", ""unrelated fields""]"
llm_agent_v4,pc_v4_20,file,"For reports/draft_20.txt: content -> approved_20; reports/reference_20.txt and reports/archive_20.txt, unchanged.",reports/draft_20.txt,content,approved_20,unrelated object or field changes are forbidden,Set reports/draft_20.txt's content to approved_20; preserve every unrelated object and field.,pc_v4_20_p3,3,ellipsis_multi_object_preservation,"[""reports/reference_20.txt"", ""reports/archive_20.txt""]"
llm_agent_v4,pc_v4_21,web_form,"Open r21. Change its name so that it reads Alice_21, and leave everything else untouched.",r21,name,Alice_21,unrelated object or field changes are forbidden,Set r21's name to Alice_21; preserve every unrelated object and field.,pc_v4_21_p1,1,pronoun_coreference,"[""unrelated objects"", ""unrelated fields""]"
llm_agent_v4,pc_v4_21,web_form,"If r21 is present, set name to Alice_21. Do not alter any other object or field.",r21,name,Alice_21,unrelated object or field changes are forbidden,Set r21's name to Alice_21; preserve every unrelated object and field.,pc_v4_21_p2,2,conditional_negative_constraint,"[""unrelated objects"", ""unrelated fields""]"
llm_agent_v4,pc_v4_21,web_form,"For r21: name -> Alice_21; peer_record_21_a and peer_record_21_b, unchanged.",r21,name,Alice_21,unrelated object or field changes are forbidden,Set r21's name to Alice_21; preserve every unrelated object and field.,pc_v4_21_p3,3,ellipsis_multi_object_preservation,"[""peer_record_21_a"", ""peer_record_21_b""]"
llm_agent_v4,pc_v4_22,table,"Open row22. Change its score so that it reads 82, and leave everything else untouched.",row22,score,82,unrelated object or field changes are forbidden,Set row22's score to 82; preserve every unrelated object and field.,pc_v4_22_p1,1,pronoun_coreference,"[""unrelated objects"", ""unrelated fields""]"
llm_agent_v4,pc_v4_22,table,"If row22 is present, set score to 82. Do not alter any other object or field.",row22,score,82,unrelated object or field changes are forbidden,Set row22's score to 82; preserve every unrelated object and field.,pc_v4_22_p2,2,conditional_negative_constraint,"[""unrelated objects"", ""unrelated fields""]"
llm_agent_v4,pc_v4_22,table,"For row22: score -> 82; peer_row_22_a and peer_row_22_b, unchanged.",row22,score,82,unrelated object or field changes are forbidden,Set row22's score to 82; preserve every unrelated object and field.,pc_v4_22_p3,3,ellipsis_multi_object_preservation,"[""peer_row_22_a"", ""peer_row_22_b""]"
llm_agent_v4,pc_v4_23,workflow_micro,"Open step23. Change its note so that it reads checked_23, and leave everything else untouched.",step23,note,checked_23,unrelated object or field changes are forbidden,Set step23's note to checked_23; preserve every unrelated object and field.,pc_v4_23_p1,1,pronoun_coreference,"[""unrelated objects"", ""unrelated fields""]"
llm_agent_v4,pc_v4_23,workflow_micro,"If step23 is present, set note to checked_23. Do not alter any other object or field.",step23,note,checked_23,unrelated object or field changes are forbidden,Set step23's note to checked_23; preserve every unrelated object and field.,pc_v4_23_p2,2,conditional_negative_constraint,"[""unrelated objects"", ""unrelated fields""]"
llm_agent_v4,pc_v4_23,workflow_micro,"For step23: note -> checked_23; peer_step_23_a and peer_step_23_b, unchanged.",step23,note,checked_23,unrelated object or field changes are forbidden,Set step23's note to checked_23; preserve every unrelated object and field.,pc_v4_23_p3,3,ellipsis_multi_object_preservation,"[""peer_step_23_a"", ""peer_step_23_b""]"
llm_agent_v4,pc_v4_24,file,"Open reports/draft_24.txt. Change its content so that it reads approved_24, and leave everything else untouched.",reports/draft_24.txt,content,approved_24,unrelated object or field changes are forbidden,Set reports/draft_24.txt's content to approved_24; preserve every unrelated object and field.,pc_v4_24_p1,1,pronoun_coreference,"[""unrelated objects"", ""unrelated fields""]"
llm_agent_v4,pc_v4_24,file,"If reports/draft_24.txt is present, set content to approved_24. Do not alter any other object or field.",reports/draft_24.txt,content,approved_24,unrelated object or field changes are forbidden,Set reports/draft_24.txt's content to approved_24; preserve every unrelated object and field.,pc_v4_24_p2,2,conditional_negative_constraint,"[""unrelated objects"", ""unrelated fields""]"
llm_agent_v4,pc_v4_24,file,"For reports/draft_24.txt: content -> approved_24; reports/reference_24.txt and reports/archive_24.txt, unchanged.",reports/draft_24.txt,content,approved_24,unrelated object or field changes are forbidden,Set reports/draft_24.txt's content to approved_24; preserve every unrelated object and field.,pc_v4_24_p3,3,ellipsis_multi_object_preservation,"[""reports/reference_24.txt"", ""reports/archive_24.txt""]"
llm_agent_v4,pc_v4_25,web_form,"Open r25. Change its status so that it reads approved, and leave everything else untouched.",r25,status,approved,unrelated object or field changes are forbidden,Set r25's status to approved; preserve every unrelated object and field.,pc_v4_25_p1,1,pronoun_coreference,"[""unrelated objects"", ""unrelated fields""]"
llm_agent_v4,pc_v4_25,web_form,"If r25 is present, set status to approved. Do not alter any other object or field.",r25,status,approved,unrelated object or field changes are forbidden,Set r25's status to approved; preserve every unrelated object and field.,pc_v4_25_p2,2,conditional_negative_constraint,"[""unrelated objects"", ""unrelated fields""]"
llm_agent_v4,pc_v4_25,web_form,"For r25: status -> approved; peer_record_25_a and peer_record_25_b, unchanged.",r25,status,approved,unrelated object or field changes are forbidden,Set r25's status to approved; preserve every unrelated object and field.,pc_v4_25_p3,3,ellipsis_multi_object_preservation,"[""peer_record_25_a"", ""peer_record_25_b""]"
llm_agent_v4,pc_v4_26,table,"Open row26. Change its score so that it reads 86, and leave everything else untouched.",row26,score,86,unrelated object or field changes are forbidden,Set row26's score to 86; preserve every unrelated object and field.,pc_v4_26_p1,1,pronoun_coreference,"[""unrelated objects"", ""unrelated fields""]"
llm_agent_v4,pc_v4_26,table,"If row26 is present, set score to 86. Do not alter any other object or field.",row26,score,86,unrelated object or field changes are forbidden,Set row26's score to 86; preserve every unrelated object and field.,pc_v4_26_p2,2,conditional_negative_constraint,"[""unrelated objects"", ""unrelated fields""]"
llm_agent_v4,pc_v4_26,table,"For row26: score -> 86; peer_row_26_a and peer_row_26_b, unchanged.",row26,score,86,unrelated object or field changes are forbidden,Set row26's score to 86; preserve every unrelated object and field.,pc_v4_26_p3,3,ellipsis_multi_object_preservation,"[""peer_row_26_a"", ""peer_row_26_b""]"
llm_agent_v4,pc_v4_27,workflow_micro,"Open step27. Change its note so that it reads checked_27, and leave everything else untouched.",step27,note,checked_27,unrelated object or field changes are forbidden,Set step27's note to checked_27; preserve every unrelated object and field.,pc_v4_27_p1,1,pronoun_coreference,"[""unrelated objects"", ""unrelated fields""]"
llm_agent_v4,pc_v4_27,workflow_micro,"If step27 is present, set note to checked_27. Do not alter any other object or field.",step27,note,checked_27,unrelated object or field changes are forbidden,Set step27's note to checked_27; preserve every unrelated object and field.,pc_v4_27_p2,2,conditional_negative_constraint,"[""unrelated objects"", ""unrelated fields""]"
llm_agent_v4,pc_v4_27,workflow_micro,"For step27: note -> checked_27; peer_step_27_a and peer_step_27_b, unchanged.",step27,note,checked_27,unrelated object or field changes are forbidden,Set step27's note to checked_27; preserve every unrelated object and field.,pc_v4_27_p3,3,ellipsis_multi_object_preservation,"[""peer_step_27_a"", ""peer_step_27_b""]"
llm_agent_v4,pc_v4_28,file,"Open reports/draft_28.txt. Change its content so that it reads approved_28, and leave everything else untouched.",reports/draft_28.txt,content,approved_28,unrelated object or field changes are forbidden,Set reports/draft_28.txt's content to approved_28; preserve every unrelated object and field.,pc_v4_28_p1,1,pronoun_coreference,"[""unrelated objects"", ""unrelated fields""]"
llm_agent_v4,pc_v4_28,file,"If reports/draft_28.txt is present, set content to approved_28. Do not alter any other object or field.",reports/draft_28.txt,content,approved_28,unrelated object or field changes are forbidden,Set reports/draft_28.txt's content to approved_28; preserve every unrelated object and field.,pc_v4_28_p2,2,conditional_negative_constraint,"[""unrelated objects"", ""unrelated fields""]"
llm_agent_v4,pc_v4_28,file,"For reports/draft_28.txt: content -> approved_28; reports/reference_28.txt and reports/archive_28.txt, unchanged.",reports/draft_28.txt,content,approved_28,unrelated object or field changes are forbidden,Set reports/draft_28.txt's content to approved_28; preserve every unrelated object and field.,pc_v4_28_p3,3,ellipsis_multi_object_preservation,"[""reports/reference_28.txt"", ""reports/archive_28.txt""]"
llm_agent_v4,pc_v4_29,web_form,"Open r29. Change its status so that it reads approved, and leave everything else untouched.",r29,status,approved,unrelated object or field changes are forbidden,Set r29's status to approved; preserve every unrelated object and field.,pc_v4_29_p1,1,pronoun_coreference,"[""unrelated objects"", ""unrelated fields""]"
llm_agent_v4,pc_v4_29,web_form,"If r29 is present, set status to approved. Do not alter any other object or field.",r29,status,approved,unrelated object or field changes are forbidden,Set r29's status to approved; preserve every unrelated object and field.,pc_v4_29_p2,2,conditional_negative_constraint,"[""unrelated objects"", ""unrelated fields""]"
llm_agent_v4,pc_v4_29,web_form,"For r29: status -> approved; peer_record_29_a and peer_record_29_b, unchanged.",r29,status,approved,unrelated object or field changes are forbidden,Set r29's status to approved; preserve every unrelated object and field.,pc_v4_29_p3,3,ellipsis_multi_object_preservation,"[""peer_record_29_a"", ""peer_record_29_b""]"
llm_agent_v4,pc_v4_30,table,"Open row30. Change its score so that it reads 80, and leave everything else untouched.",row30,score,80,unrelated object or field changes are forbidden,Set row30's score to 80; preserve every unrelated object and field.,pc_v4_30_p1,1,pronoun_coreference,"[""unrelated objects"", ""unrelated fields""]"
llm_agent_v4,pc_v4_30,table,"If row30 is present, set score to 80. Do not alter any other object or field.",row30,score,80,unrelated object or field changes are forbidden,Set row30's score to 80; preserve every unrelated object and field.,pc_v4_30_p2,2,conditional_negative_constraint,"[""unrelated objects"", ""unrelated fields""]"
llm_agent_v4,pc_v4_30,table,"For row30: score -> 80; peer_row_30_a and peer_row_30_b, unchanged.",row30,score,80,unrelated object or field changes are forbidden,Set row30's score to 80; preserve every unrelated object and field.,pc_v4_30_p3,3,ellipsis_multi_object_preservation,"[""peer_row_30_a"", ""peer_row_30_b""]"
llm_agent_v4,pc_v4_31,workflow_micro,"Open step31. Change its note so that it reads checked_31, and leave everything else untouched.",step31,note,checked_31,unrelated object or field changes are forbidden,Set step31's note to checked_31; preserve every unrelated object and field.,pc_v4_31_p1,1,pronoun_coreference,"[""unrelated objects"", ""unrelated fields""]"
llm_agent_v4,pc_v4_31,workflow_micro,"If step31 is present, set note to checked_31. Do not alter any other object or field.",step31,note,checked_31,unrelated object or field changes are forbidden,Set step31's note to checked_31; preserve every unrelated object and field.,pc_v4_31_p2,2,conditional_negative_constraint,"[""unrelated objects"", ""unrelated fields""]"
llm_agent_v4,pc_v4_31,workflow_micro,"For step31: note -> checked_31; peer_step_31_a and peer_step_31_b, unchanged.",step31,note,checked_31,unrelated object or field changes are forbidden,Set step31's note to checked_31; preserve every unrelated object and field.,pc_v4_31_p3,3,ellipsis_multi_object_preservation,"[""peer_step_31_a"", ""peer_step_31_b""]"
llm_agent_v4,pc_v4_32,file,"Open reports/draft_32.txt. Change its content so that it reads approved_32, and leave everything else untouched.",reports/draft_32.txt,content,approved_32,unrelated object or field changes are forbidden,Set reports/draft_32.txt's content to approved_32; preserve every unrelated object and field.,pc_v4_32_p1,1,pronoun_coreference,"[""unrelated objects"", ""unrelated fields""]"
llm_agent_v4,pc_v4_32,file,"If reports/draft_32.txt is present, set content to approved_32. Do not alter any other object or field.",reports/draft_32.txt,content,approved_32,unrelated object or field changes are forbidden,Set reports/draft_32.txt's content to approved_32; preserve every unrelated object and field.,pc_v4_32_p2,2,conditional_negative_constraint,"[""unrelated objects"", ""unrelated fields""]"
llm_agent_v4,pc_v4_32,file,"For reports/draft_32.txt: content -> approved_32; reports/reference_32.txt and reports/archive_32.txt, unchanged.",reports/draft_32.txt,content,approved_32,unrelated object or field changes are forbidden,Set reports/draft_32.txt's content to approved_32; preserve every unrelated object and field.,pc_v4_32_p3,3,ellipsis_multi_object_preservation,"[""reports/reference_32.txt"", ""reports/archive_32.txt""]"
llm_agent_v4,pc_v4_33,web_form,"Open r33. Change its name so that it reads Alice_33, and leave everything else untouched.",r33,name,Alice_33,unrelated object or field changes are forbidden,Set r33's name to Alice_33; preserve every unrelated object and field.,pc_v4_33_p1,1,pronoun_coreference,"[""unrelated objects"", ""unrelated fields""]"
llm_agent_v4,pc_v4_33,web_form,"If r33 is present, set name to Alice_33. Do not alter any other object or field.",r33,name,Alice_33,unrelated object or field changes are forbidden,Set r33's name to Alice_33; preserve every unrelated object and field.,pc_v4_33_p2,2,conditional_negative_constraint,"[""unrelated objects"", ""unrelated fields""]"
llm_agent_v4,pc_v4_33,web_form,"For r33: name -> Alice_33; peer_record_33_a and peer_record_33_b, unchanged.",r33,name,Alice_33,unrelated object or field changes are forbidden,Set r33's name to Alice_33; preserve every unrelated object and field.,pc_v4_33_p3,3,ellipsis_multi_object_preservation,"[""peer_record_33_a"", ""peer_record_33_b""]"
llm_agent_v4,pc_v4_34,table,"Open row34. Change its score so that it reads 84, and leave everything else untouched.",row34,score,84,unrelated object or field changes are forbidden,Set row34's score to 84; preserve every unrelated object and field.,pc_v4_34_p1,1,pronoun_coreference,"[""unrelated objects"", ""unrelated fields""]"
llm_agent_v4,pc_v4_34,table,"If row34 is present, set score to 84. Do not alter any other object or field.",row34,score,84,unrelated object or field changes are forbidden,Set row34's score to 84; preserve every unrelated object and field.,pc_v4_34_p2,2,conditional_negative_constraint,"[""unrelated objects"", ""unrelated fields""]"
llm_agent_v4,pc_v4_34,table,"For row34: score -> 84; peer_row_34_a and peer_row_34_b, unchanged.",row34,score,84,unrelated object or field changes are forbidden,Set row34's score to 84; preserve every unrelated object and field.,pc_v4_34_p3,3,ellipsis_multi_object_preservation,"[""peer_row_34_a"", ""peer_row_34_b""]"
llm_agent_v4,pc_v4_35,workflow_micro,"Open step35. Change its note so that it reads checked_35, and leave everything else untouched.",step35,note,checked_35,unrelated object or field changes are forbidden,Set step35's note to checked_35; preserve every unrelated object and field.,pc_v4_35_p1,1,pronoun_coreference,"[""unrelated objects"", ""unrelated fields""]"
llm_agent_v4,pc_v4_35,workflow_micro,"If step35 is present, set note to checked_35. Do not alter any other object or field.",step35,note,checked_35,unrelated object or field changes are forbidden,Set step35's note to checked_35; preserve every unrelated object and field.,pc_v4_35_p2,2,conditional_negative_constraint,"[""unrelated objects"", ""unrelated fields""]"
llm_agent_v4,pc_v4_35,workflow_micro,"For step35: note -> checked_35; peer_step_35_a and peer_step_35_b, unchanged.",step35,note,checked_35,unrelated object or field changes are forbidden,Set step35's note to checked_35; preserve every unrelated object and field.,pc_v4_35_p3,3,ellipsis_multi_object_preservation,"[""peer_step_35_a"", ""peer_step_35_b""]"
llm_agent_v4,pc_v4_36,file,"Open reports/draft_36.txt. Change its content so that it reads approved_36, and leave everything else untouched.",reports/draft_36.txt,content,approved_36,unrelated object or field changes are forbidden,Set reports/draft_36.txt's content to approved_36; preserve every unrelated object and field.,pc_v4_36_p1,1,pronoun_coreference,"[""unrelated objects"", ""unrelated fields""]"
llm_agent_v4,pc_v4_36,file,"If reports/draft_36.txt is present, set content to approved_36. Do not alter any other object or field.",reports/draft_36.txt,content,approved_36,unrelated object or field changes are forbidden,Set reports/draft_36.txt's content to approved_36; preserve every unrelated object and field.,pc_v4_36_p2,2,conditional_negative_constraint,"[""unrelated objects"", ""unrelated fields""]"
llm_agent_v4,pc_v4_36,file,"For reports/draft_36.txt: content -> approved_36; reports/reference_36.txt and reports/archive_36.txt, unchanged.",reports/draft_36.txt,content,approved_36,unrelated object or field changes are forbidden,Set reports/draft_36.txt's content to approved_36; preserve every unrelated object and field.,pc_v4_36_p3,3,ellipsis_multi_object_preservation,"[""reports/reference_36.txt"", ""reports/archive_36.txt""]"
llm_agent_v4,pc_v4_37,web_form,"Open r37. Change its status so that it reads approved, and leave everything else untouched.",r37,status,approved,unrelated object or field changes are forbidden,Set r37's status to approved; preserve every unrelated object and field.,pc_v4_37_p1,1,pronoun_coreference,"[""unrelated objects"", ""unrelated fields""]"
llm_agent_v4,pc_v4_37,web_form,"If r37 is present, set status to approved. Do not alter any other object or field.",r37,status,approved,unrelated object or field changes are forbidden,Set r37's status to approved; preserve every unrelated object and field.,pc_v4_37_p2,2,conditional_negative_constraint,"[""unrelated objects"", ""unrelated fields""]"
llm_agent_v4,pc_v4_37,web_form,"For r37: status -> approved; peer_record_37_a and peer_record_37_b, unchanged.",r37,status,approved,unrelated object or field changes are forbidden,Set r37's status to approved; preserve every unrelated object and field.,pc_v4_37_p3,3,ellipsis_multi_object_preservation,"[""peer_record_37_a"", ""peer_record_37_b""]"
llm_agent_v4,pc_v4_38,table,"Open row38. Change its score so that it reads 88, and leave everything else untouched.",row38,score,88,unrelated object or field changes are forbidden,Set row38's score to 88; preserve every unrelated object and field.,pc_v4_38_p1,1,pronoun_coreference,"[""unrelated objects"", ""unrelated fields""]"
llm_agent_v4,pc_v4_38,table,"If row38 is present, set score to 88. Do not alter any other object or field.",row38,score,88,unrelated object or field changes are forbidden,Set row38's score to 88; preserve every unrelated object and field.,pc_v4_38_p2,2,conditional_negative_constraint,"[""unrelated objects"", ""unrelated fields""]"
llm_agent_v4,pc_v4_38,table,"For row38: score -> 88; peer_row_38_a and peer_row_38_b, unchanged.",row38,score,88,unrelated object or field changes are forbidden,Set row38's score to 88; preserve every unrelated object and field.,pc_v4_38_p3,3,ellipsis_multi_object_preservation,"[""peer_row_38_a"", ""peer_row_38_b""]"
llm_agent_v4,pc_v4_39,workflow_micro,"Open step39. Change its note so that it reads checked_39, and leave everything else untouched.",step39,note,checked_39,unrelated object or field changes are forbidden,Set step39's note to checked_39; preserve every unrelated object and field.,pc_v4_39_p1,1,pronoun_coreference,"[""unrelated objects"", ""unrelated fields""]"
llm_agent_v4,pc_v4_39,workflow_micro,"If step39 is present, set note to checked_39. Do not alter any other object or field.",step39,note,checked_39,unrelated object or field changes are forbidden,Set step39's note to checked_39; preserve every unrelated object and field.,pc_v4_39_p2,2,conditional_negative_constraint,"[""unrelated objects"", ""unrelated fields""]"
llm_agent_v4,pc_v4_39,workflow_micro,"For step39: note -> checked_39; peer_step_39_a and peer_step_39_b, unchanged.",step39,note,checked_39,unrelated object or field changes are forbidden,Set step39's note to checked_39; preserve every unrelated object and field.,pc_v4_39_p3,3,ellipsis_multi_object_preservation,"[""peer_step_39_a"", ""peer_step_39_b""]"
benchmark_sample,pc_v4_40,file,"Open reports/draft_40.txt. Change its content so that it reads approved_40, and leave everything else untouched.",reports/draft_40.txt,content,approved_40,unrelated object or field changes are forbidden,Set reports/draft_40.txt's content to approved_40; preserve every unrelated object and field.,pc_v4_40_p1,1,pronoun_coreference,"[""unrelated objects"", ""unrelated fields""]"
benchmark_sample,pc_v4_40,file,"If reports/draft_40.txt is present, set content to approved_40. Do not alter any other object or field.",reports/draft_40.txt,content,approved_40,unrelated object or field changes are forbidden,Set reports/draft_40.txt's content to approved_40; preserve every unrelated object and field.,pc_v4_40_p2,2,conditional_negative_constraint,"[""unrelated objects"", ""unrelated fields""]"
benchmark_sample,pc_v4_40,file,"For reports/draft_40.txt: content -> approved_40; reports/reference_40.txt and reports/archive_40.txt, unchanged.",reports/draft_40.txt,content,approved_40,unrelated object or field changes are forbidden,Set reports/draft_40.txt's content to approved_40; preserve every unrelated object and field.,pc_v4_40_p3,3,ellipsis_multi_object_preservation,"[""reports/reference_40.txt"", ""reports/archive_40.txt""]"
benchmark_sample,pc_v4_41,web_form,"Open r41. Change its status so that it reads approved, and leave everything else untouched.",r41,status,approved,unrelated object or field changes are forbidden,Set r41's status to approved; preserve every unrelated object and field.,pc_v4_41_p1,1,pronoun_coreference,"[""unrelated objects"", ""unrelated fields""]"
benchmark_sample,pc_v4_41,web_form,"If r41 is present, set status to approved. Do not alter any other object or field.",r41,status,approved,unrelated object or field changes are forbidden,Set r41's status to approved; preserve every unrelated object and field.,pc_v4_41_p2,2,conditional_negative_constraint,"[""unrelated objects"", ""unrelated fields""]"
benchmark_sample,pc_v4_41,web_form,"For r41: status -> approved; peer_record_41_a and peer_record_41_b, unchanged.",r41,status,approved,unrelated object or field changes are forbidden,Set r41's status to approved; preserve every unrelated object and field.,pc_v4_41_p3,3,ellipsis_multi_object_preservation,"[""peer_record_41_a"", ""peer_record_41_b""]"
benchmark_sample,pc_v4_42,table,"Open row42. Change its score so that it reads 82, and leave everything else untouched.",row42,score,82,unrelated object or field changes are forbidden,Set row42's score to 82; preserve every unrelated object and field.,pc_v4_42_p1,1,pronoun_coreference,"[""unrelated objects"", ""unrelated fields""]"
benchmark_sample,pc_v4_42,table,"If row42 is present, set score to 82. Do not alter any other object or field.",row42,score,82,unrelated object or field changes are forbidden,Set row42's score to 82; preserve every unrelated object and field.,pc_v4_42_p2,2,conditional_negative_constraint,"[""unrelated objects"", ""unrelated fields""]"
benchmark_sample,pc_v4_42,table,"For row42: score -> 82; peer_row_42_a and peer_row_42_b, unchanged.",row42,score,82,unrelated object or field changes are forbidden,Set row42's score to 82; preserve every unrelated object and field.,pc_v4_42_p3,3,ellipsis_multi_object_preservation,"[""peer_row_42_a"", ""peer_row_42_b""]"
benchmark_sample,pc_v4_43,workflow_micro,"Open step43. Change its note so that it reads checked_43, and leave everything else untouched.",step43,note,checked_43,unrelated object or field changes are forbidden,Set step43's note to checked_43; preserve every unrelated object and field.,pc_v4_43_p1,1,pronoun_coreference,"[""unrelated objects"", ""unrelated fields""]"
benchmark_sample,pc_v4_43,workflow_micro,"If step43 is present, set note to checked_43. Do not alter any other object or field.",step43,note,checked_43,unrelated object or field changes are forbidden,Set step43's note to checked_43; preserve every unrelated object and field.,pc_v4_43_p2,2,conditional_negative_constraint,"[""unrelated objects"", ""unrelated fields""]"
benchmark_sample,pc_v4_43,workflow_micro,"For step43: note -> checked_43; peer_step_43_a and peer_step_43_b, unchanged.",step43,note,checked_43,unrelated object or field changes are forbidden,Set step43's note to checked_43; preserve every unrelated object and field.,pc_v4_43_p3,3,ellipsis_multi_object_preservation,"[""peer_step_43_a"", ""peer_step_43_b""]"
benchmark_sample,pc_v4_44,file,"Open reports/draft_44.txt. Change its content so that it reads approved_44, and leave everything else untouched.",reports/draft_44.txt,content,approved_44,unrelated object or field changes are forbidden,Set reports/draft_44.txt's content to approved_44; preserve every unrelated object and field.,pc_v4_44_p1,1,pronoun_coreference,"[""unrelated objects"", ""unrelated fields""]"
benchmark_sample,pc_v4_44,file,"If reports/draft_44.txt is present, set content to approved_44. Do not alter any other object or field.",reports/draft_44.txt,content,approved_44,unrelated object or field changes are forbidden,Set reports/draft_44.txt's content to approved_44; preserve every unrelated object and field.,pc_v4_44_p2,2,conditional_negative_constraint,"[""unrelated objects"", ""unrelated fields""]"
benchmark_sample,pc_v4_44,file,"For reports/draft_44.txt: content -> approved_44; reports/reference_44.txt and reports/archive_44.txt, unchanged.",reports/draft_44.txt,content,approved_44,unrelated object or field changes are forbidden,Set reports/draft_44.txt's content to approved_44; preserve every unrelated object and field.,pc_v4_44_p3,3,ellipsis_multi_object_preservation,"[""reports/reference_44.txt"", ""reports/archive_44.txt""]"
benchmark_sample,pc_v4_45,web_form,"Open r45. Change its name so that it reads Alice_45, and leave everything else untouched.",r45,name,Alice_45,unrelated object or field changes are forbidden,Set r45's name to Alice_45; preserve every unrelated object and field.,pc_v4_45_p1,1,pronoun_coreference,"[""unrelated objects"", ""unrelated fields""]"
benchmark_sample,pc_v4_45,web_form,"If r45 is present, set name to Alice_45. Do not alter any other object or field.",r45,name,Alice_45,unrelated object or field changes are forbidden,Set r45's name to Alice_45; preserve every unrelated object and field.,pc_v4_45_p2,2,conditional_negative_constraint,"[""unrelated objects"", ""unrelated fields""]"
benchmark_sample,pc_v4_45,web_form,"For r45: name -> Alice_45; peer_record_45_a and peer_record_45_b, unchanged.",r45,name,Alice_45,unrelated object or field changes are forbidden,Set r45's name to Alice_45; preserve every unrelated object and field.,pc_v4_45_p3,3,ellipsis_multi_object_preservation,"[""peer_record_45_a"", ""peer_record_45_b""]"
benchmark_sample,pc_v4_46,table,"Open row46. Change its score so that it reads 86, and leave everything else untouched.",row46,score,86,unrelated object or field changes are forbidden,Set row46's score to 86; preserve every unrelated object and field.,pc_v4_46_p1,1,pronoun_coreference,"[""unrelated objects"", ""unrelated fields""]"
benchmark_sample,pc_v4_46,table,"If row46 is present, set score to 86. Do not alter any other object or field.",row46,score,86,unrelated object or field changes are forbidden,Set row46's score to 86; preserve every unrelated object and field.,pc_v4_46_p2,2,conditional_negative_constraint,"[""unrelated objects"", ""unrelated fields""]"
benchmark_sample,pc_v4_46,table,"For row46: score -> 86; peer_row_46_a and peer_row_46_b, unchanged.",row46,score,86,unrelated object or field changes are forbidden,Set row46's score to 86; preserve every unrelated object and field.,pc_v4_46_p3,3,ellipsis_multi_object_preservation,"[""peer_row_46_a"", ""peer_row_46_b""]"
benchmark_sample,pc_v4_47,workflow_micro,"Open step47. Change its note so that it reads checked_47, and leave everything else untouched.",step47,note,checked_47,unrelated object or field changes are forbidden,Set step47's note to checked_47; preserve every unrelated object and field.,pc_v4_47_p1,1,pronoun_coreference,"[""unrelated objects"", ""unrelated fields""]"
benchmark_sample,pc_v4_47,workflow_micro,"If step47 is present, set note to checked_47. Do not alter any other object or field.",step47,note,checked_47,unrelated object or field changes are forbidden,Set step47's note to checked_47; preserve every unrelated object and field.,pc_v4_47_p2,2,conditional_negative_constraint,"[""unrelated objects"", ""unrelated fields""]"
benchmark_sample,pc_v4_47,workflow_micro,"For step47: note -> checked_47; peer_step_47_a and peer_step_47_b, unchanged.",step47,note,checked_47,unrelated object or field changes are forbidden,Set step47's note to checked_47; preserve every unrelated object and field.,pc_v4_47_p3,3,ellipsis_multi_object_preservation,"[""peer_step_47_a"", ""peer_step_47_b""]"
benchmark_sample,pc_v4_48,file,"Open reports/draft_48.txt. Change its content so that it reads approved_48, and leave everything else untouched.",reports/draft_48.txt,content,approved_48,unrelated object or field changes are forbidden,Set reports/draft_48.txt's content to approved_48; preserve every unrelated object and field.,pc_v4_48_p1,1,pronoun_coreference,"[""unrelated objects"", ""unrelated fields""]"
benchmark_sample,pc_v4_48,file,"If reports/draft_48.txt is present, set content to approved_48. Do not alter any other object or field.",reports/draft_48.txt,content,approved_48,unrelated object or field changes are forbidden,Set reports/draft_48.txt's content to approved_48; preserve every unrelated object and field.,pc_v4_48_p2,2,conditional_negative_constraint,"[""unrelated objects"", ""unrelated fields""]"
benchmark_sample,pc_v4_48,file,"For reports/draft_48.txt: content -> approved_48; reports/reference_48.txt and reports/archive_48.txt, unchanged.",reports/draft_48.txt,content,approved_48,unrelated object or field changes are forbidden,Set reports/draft_48.txt's content to approved_48; preserve every unrelated object and field.,pc_v4_48_p3,3,ellipsis_multi_object_preservation,"[""reports/reference_48.txt"", ""reports/archive_48.txt""]"
benchmark_sample,pc_v4_49,web_form,"Open r49. Change its status so that it reads approved, and leave everything else untouched.",r49,status,approved,unrelated object or field changes are forbidden,Set r49's status to approved; preserve every unrelated object and field.,pc_v4_49_p1,1,pronoun_coreference,"[""unrelated objects"", ""unrelated fields""]"
benchmark_sample,pc_v4_49,web_form,"If r49 is present, set status to approved. Do not alter any other object or field.",r49,status,approved,unrelated object or field changes are forbidden,Set r49's status to approved; preserve every unrelated object and field.,pc_v4_49_p2,2,conditional_negative_constraint,"[""unrelated objects"", ""unrelated fields""]"
benchmark_sample,pc_v4_49,web_form,"For r49: status -> approved; peer_record_49_a and peer_record_49_b, unchanged.",r49,status,approved,unrelated object or field changes are forbidden,Set r49's status to approved; preserve every unrelated object and field.,pc_v4_49_p3,3,ellipsis_multi_object_preservation,"[""peer_record_49_a"", ""peer_record_49_b""]"
benchmark_sample,pc_v4_50,table,"Open row50. Change its score so that it reads 80, and leave everything else untouched.",row50,score,80,unrelated object or field changes are forbidden,Set row50's score to 80; preserve every unrelated object and field.,pc_v4_50_p1,1,pronoun_coreference,"[""unrelated objects"", ""unrelated fields""]"
benchmark_sample,pc_v4_50,table,"If row50 is present, set score to 80. Do not alter any other object or field.",row50,score,80,unrelated object or field changes are forbidden,Set row50's score to 80; preserve every unrelated object and field.,pc_v4_50_p2,2,conditional_negative_constraint,"[""unrelated objects"", ""unrelated fields""]"
benchmark_sample,pc_v4_50,table,"For row50: score -> 80; peer_row_50_a and peer_row_50_b, unchanged.",row50,score,80,unrelated object or field changes are forbidden,Set row50's score to 80; preserve every unrelated object and field.,pc_v4_50_p3,3,ellipsis_multi_object_preservation,"[""peer_row_50_a"", ""peer_row_50_b""]"
benchmark_sample,pc_v4_51,workflow_micro,"Open step51. Change its note so that it reads checked_51, and leave everything else untouched.",step51,note,checked_51,unrelated object or field changes are forbidden,Set step51's note to checked_51; preserve every unrelated object and field.,pc_v4_51_p1,1,pronoun_coreference,"[""unrelated objects"", ""unrelated fields""]"
benchmark_sample,pc_v4_51,workflow_micro,"If step51 is present, set note to checked_51. Do not alter any other object or field.",step51,note,checked_51,unrelated object or field changes are forbidden,Set step51's note to checked_51; preserve every unrelated object and field.,pc_v4_51_p2,2,conditional_negative_constraint,"[""unrelated objects"", ""unrelated fields""]"
benchmark_sample,pc_v4_51,workflow_micro,"For step51: note -> checked_51; peer_step_51_a and peer_step_51_b, unchanged.",step51,note,checked_51,unrelated object or field changes are forbidden,Set step51's note to checked_51; preserve every unrelated object and field.,pc_v4_51_p3,3,ellipsis_multi_object_preservation,"[""peer_step_51_a"", ""peer_step_51_b""]"
benchmark_sample,pc_v4_52,file,"Open reports/draft_52.txt. Change its content so that it reads approved_52, and leave everything else untouched.",reports/draft_52.txt,content,approved_52,unrelated object or field changes are forbidden,Set reports/draft_52.txt's content to approved_52; preserve every unrelated object and field.,pc_v4_52_p1,1,pronoun_coreference,"[""unrelated objects"", ""unrelated fields""]"
benchmark_sample,pc_v4_52,file,"If reports/draft_52.txt is present, set content to approved_52. Do not alter any other object or field.",reports/draft_52.txt,content,approved_52,unrelated object or field changes are forbidden,Set reports/draft_52.txt's content to approved_52; preserve every unrelated object and field.,pc_v4_52_p2,2,conditional_negative_constraint,"[""unrelated objects"", ""unrelated fields""]"
benchmark_sample,pc_v4_52,file,"For reports/draft_52.txt: content -> approved_52; reports/reference_52.txt and reports/archive_52.txt, unchanged.",reports/draft_52.txt,content,approved_52,unrelated object or field changes are forbidden,Set reports/draft_52.txt's content to approved_52; preserve every unrelated object and field.,pc_v4_52_p3,3,ellipsis_multi_object_preservation,"[""reports/reference_52.txt"", ""reports/archive_52.txt""]"
benchmark_sample,pc_v4_53,web_form,"Open r53. Change its status so that it reads approved, and leave everything else untouched.",r53,status,approved,unrelated object or field changes are forbidden,Set r53's status to approved; preserve every unrelated object and field.,pc_v4_53_p1,1,pronoun_coreference,"[""unrelated objects"", ""unrelated fields""]"
benchmark_sample,pc_v4_53,web_form,"If r53 is present, set status to approved. Do not alter any other object or field.",r53,status,approved,unrelated object or field changes are forbidden,Set r53's status to approved; preserve every unrelated object and field.,pc_v4_53_p2,2,conditional_negative_constraint,"[""unrelated objects"", ""unrelated fields""]"
benchmark_sample,pc_v4_53,web_form,"For r53: status -> approved; peer_record_53_a and peer_record_53_b, unchanged.",r53,status,approved,unrelated object or field changes are forbidden,Set r53's status to approved; preserve every unrelated object and field.,pc_v4_53_p3,3,ellipsis_multi_object_preservation,"[""peer_record_53_a"", ""peer_record_53_b""]"
benchmark_sample,pc_v4_54,table,"Open row54. Change its score so that it reads 84, and leave everything else untouched.",row54,score,84,unrelated object or field changes are forbidden,Set row54's score to 84; preserve every unrelated object and field.,pc_v4_54_p1,1,pronoun_coreference,"[""unrelated objects"", ""unrelated fields""]"
benchmark_sample,pc_v4_54,table,"If row54 is present, set score to 84. Do not alter any other object or field.",row54,score,84,unrelated object or field changes are forbidden,Set row54's score to 84; preserve every unrelated object and field.,pc_v4_54_p2,2,conditional_negative_constraint,"[""unrelated objects"", ""unrelated fields""]"
benchmark_sample,pc_v4_54,table,"For row54: score -> 84; peer_row_54_a and peer_row_54_b, unchanged.",row54,score,84,unrelated object or field changes are forbidden,Set row54's score to 84; preserve every unrelated object and field.,pc_v4_54_p3,3,ellipsis_multi_object_preservation,"[""peer_row_54_a"", ""peer_row_54_b""]"
benchmark_sample,pc_v4_55,workflow_micro,"Open step55. Change its note so that it reads checked_55, and leave everything else untouched.",step55,note,checked_55,unrelated object or field changes are forbidden,Set step55's note to checked_55; preserve every unrelated object and field.,pc_v4_55_p1,1,pronoun_coreference,"[""unrelated objects"", ""unrelated fields""]"
benchmark_sample,pc_v4_55,workflow_micro,"If step55 is present, set note to checked_55. Do not alter any other object or field.",step55,note,checked_55,unrelated object or field changes are forbidden,Set step55's note to checked_55; preserve every unrelated object and field.,pc_v4_55_p2,2,conditional_negative_constraint,"[""unrelated objects"", ""unrelated fields""]"
benchmark_sample,pc_v4_55,workflow_micro,"For step55: note -> checked_55; peer_step_55_a and peer_step_55_b, unchanged.",step55,note,checked_55,unrelated object or field changes are forbidden,Set step55's note to checked_55; preserve every unrelated object and field.,pc_v4_55_p3,3,ellipsis_multi_object_preservation,"[""peer_step_55_a"", ""peer_step_55_b""]"
benchmark_sample,pc_v4_56,file,"Open reports/draft_56.txt. Change its content so that it reads approved_56, and leave everything else untouched.",reports/draft_56.txt,content,approved_56,unrelated object or field changes are forbidden,Set reports/draft_56.txt's content to approved_56; preserve every unrelated object and field.,pc_v4_56_p1,1,pronoun_coreference,"[""unrelated objects"", ""unrelated fields""]"
benchmark_sample,pc_v4_56,file,"If reports/draft_56.txt is present, set content to approved_56. Do not alter any other object or field.",reports/draft_56.txt,content,approved_56,unrelated object or field changes are forbidden,Set reports/draft_56.txt's content to approved_56; preserve every unrelated object and field.,pc_v4_56_p2,2,conditional_negative_constraint,"[""unrelated objects"", ""unrelated fields""]"
benchmark_sample,pc_v4_56,file,"For reports/draft_56.txt: content -> approved_56; reports/reference_56.txt and reports/archive_56.txt, unchanged.",reports/draft_56.txt,content,approved_56,unrelated object or field changes are forbidden,Set reports/draft_56.txt's content to approved_56; preserve every unrelated object and field.,pc_v4_56_p3,3,ellipsis_multi_object_preservation,"[""reports/reference_56.txt"", ""reports/archive_56.txt""]"
benchmark_sample,pc_v4_57,web_form,"Open r57. Change its name so that it reads Alice_57, and leave everything else untouched.",r57,name,Alice_57,unrelated object or field changes are forbidden,Set r57's name to Alice_57; preserve every unrelated object and field.,pc_v4_57_p1,1,pronoun_coreference,"[""unrelated objects"", ""unrelated fields""]"
benchmark_sample,pc_v4_57,web_form,"If r57 is present, set name to Alice_57. Do not alter any other object or field.",r57,name,Alice_57,unrelated object or field changes are forbidden,Set r57's name to Alice_57; preserve every unrelated object and field.,pc_v4_57_p2,2,conditional_negative_constraint,"[""unrelated objects"", ""unrelated fields""]"
benchmark_sample,pc_v4_57,web_form,"For r57: name -> Alice_57; peer_record_57_a and peer_record_57_b, unchanged.",r57,name,Alice_57,unrelated object or field changes are forbidden,Set r57's name to Alice_57; preserve every unrelated object and field.,pc_v4_57_p3,3,ellipsis_multi_object_preservation,"[""peer_record_57_a"", ""peer_record_57_b""]"
benchmark_sample,pc_v4_58,table,"Open row58. Change its score so that it reads 88, and leave everything else untouched.",row58,score,88,unrelated object or field changes are forbidden,Set row58's score to 88; preserve every unrelated object and field.,pc_v4_58_p1,1,pronoun_coreference,"[""unrelated objects"", ""unrelated fields""]"
benchmark_sample,pc_v4_58,table,"If row58 is present, set score to 88. Do not alter any other object or field.",row58,score,88,unrelated object or field changes are forbidden,Set row58's score to 88; preserve every unrelated object and field.,pc_v4_58_p2,2,conditional_negative_constraint,"[""unrelated objects"", ""unrelated fields""]"
benchmark_sample,pc_v4_58,table,"For row58: score -> 88; peer_row_58_a and peer_row_58_b, unchanged.",row58,score,88,unrelated object or field changes are forbidden,Set row58's score to 88; preserve every unrelated object and field.,pc_v4_58_p3,3,ellipsis_multi_object_preservation,"[""peer_row_58_a"", ""peer_row_58_b""]"
benchmark_sample,pc_v4_59,workflow_micro,"Open step59. Change its note so that it reads checked_59, and leave everything else untouched.",step59,note,checked_59,unrelated object or field changes are forbidden,Set step59's note to checked_59; preserve every unrelated object and field.,pc_v4_59_p1,1,pronoun_coreference,"[""unrelated objects"", ""unrelated fields""]"
benchmark_sample,pc_v4_59,workflow_micro,"If step59 is present, set note to checked_59. Do not alter any other object or field.",step59,note,checked_59,unrelated object or field changes are forbidden,Set step59's note to checked_59; preserve every unrelated object and field.,pc_v4_59_p2,2,conditional_negative_constraint,"[""unrelated objects"", ""unrelated fields""]"
benchmark_sample,pc_v4_59,workflow_micro,"For step59: note -> checked_59; peer_step_59_a and peer_step_59_b, unchanged.",step59,note,checked_59,unrelated object or field changes are forbidden,Set step59's note to checked_59; preserve every unrelated object and field.,pc_v4_59_p3,3,ellipsis_multi_object_preservation,"[""peer_step_59_a"", ""peer_step_59_b""]"
benchmark_sample,pc_v4_60,file,"Open reports/draft_60.txt. Change its content so that it reads approved_60, and leave everything else untouched.",reports/draft_60.txt,content,approved_60,unrelated object or field changes are forbidden,Set reports/draft_60.txt's content to approved_60; preserve every unrelated object and field.,pc_v4_60_p1,1,pronoun_coreference,"[""unrelated objects"", ""unrelated fields""]"
benchmark_sample,pc_v4_60,file,"If reports/draft_60.txt is present, set content to approved_60. Do not alter any other object or field.",reports/draft_60.txt,content,approved_60,unrelated object or field changes are forbidden,Set reports/draft_60.txt's content to approved_60; preserve every unrelated object and field.,pc_v4_60_p2,2,conditional_negative_constraint,"[""unrelated objects"", ""unrelated fields""]"
benchmark_sample,pc_v4_60,file,"For reports/draft_60.txt: content -> approved_60; reports/reference_60.txt and reports/archive_60.txt, unchanged.",reports/draft_60.txt,content,approved_60,unrelated object or field changes are forbidden,Set reports/draft_60.txt's content to approved_60; preserve every unrelated object and field.,pc_v4_60_p3,3,ellipsis_multi_object_preservation,"[""reports/reference_60.txt"", ""reports/archive_60.txt""]"
benchmark_sample,pc_v4_61,web_form,"Open r61. Change its status so that it reads approved, and leave everything else untouched.",r61,status,approved,unrelated object or field changes are forbidden,Set r61's status to approved; preserve every unrelated object and field.,pc_v4_61_p1,1,pronoun_coreference,"[""unrelated objects"", ""unrelated fields""]"
benchmark_sample,pc_v4_61,web_form,"If r61 is present, set status to approved. Do not alter any other object or field.",r61,status,approved,unrelated object or field changes are forbidden,Set r61's status to approved; preserve every unrelated object and field.,pc_v4_61_p2,2,conditional_negative_constraint,"[""unrelated objects"", ""unrelated fields""]"
benchmark_sample,pc_v4_61,web_form,"For r61: status -> approved; peer_record_61_a and peer_record_61_b, unchanged.",r61,status,approved,unrelated object or field changes are forbidden,Set r61's status to approved; preserve every unrelated object and field.,pc_v4_61_p3,3,ellipsis_multi_object_preservation,"[""peer_record_61_a"", ""peer_record_61_b""]"
benchmark_sample,pc_v4_62,table,"Open row62. Change its score so that it reads 82, and leave everything else untouched.",row62,score,82,unrelated object or field changes are forbidden,Set row62's score to 82; preserve every unrelated object and field.,pc_v4_62_p1,1,pronoun_coreference,"[""unrelated objects"", ""unrelated fields""]"
benchmark_sample,pc_v4_62,table,"If row62 is present, set score to 82. Do not alter any other object or field.",row62,score,82,unrelated object or field changes are forbidden,Set row62's score to 82; preserve every unrelated object and field.,pc_v4_62_p2,2,conditional_negative_constraint,"[""unrelated objects"", ""unrelated fields""]"
benchmark_sample,pc_v4_62,table,"For row62: score -> 82; peer_row_62_a and peer_row_62_b, unchanged.",row62,score,82,unrelated object or field changes are forbidden,Set row62's score to 82; preserve every unrelated object and field.,pc_v4_62_p3,3,ellipsis_multi_object_preservation,"[""peer_row_62_a"", ""peer_row_62_b""]"
benchmark_sample,pc_v4_63,workflow_micro,"Open step63. Change its note so that it reads checked_63, and leave everything else untouched.",step63,note,checked_63,unrelated object or field changes are forbidden,Set step63's note to checked_63; preserve every unrelated object and field.,pc_v4_63_p1,1,pronoun_coreference,"[""unrelated objects"", ""unrelated fields""]"
benchmark_sample,pc_v4_63,workflow_micro,"If step63 is present, set note to checked_63. Do not alter any other object or field.",step63,note,checked_63,unrelated object or field changes are forbidden,Set step63's note to checked_63; preserve every unrelated object and field.,pc_v4_63_p2,2,conditional_negative_constraint,"[""unrelated objects"", ""unrelated fields""]"
benchmark_sample,pc_v4_63,workflow_micro,"For step63: note -> checked_63; peer_step_63_a and peer_step_63_b, unchanged.",step63,note,checked_63,unrelated object or field changes are forbidden,Set step63's note to checked_63; preserve every unrelated object and field.,pc_v4_63_p3,3,ellipsis_multi_object_preservation,"[""peer_step_63_a"", ""peer_step_63_b""]"
benchmark_sample,pc_v4_64,file,"Open reports/draft_64.txt. Change its content so that it reads approved_64, and leave everything else untouched.",reports/draft_64.txt,content,approved_64,unrelated object or field changes are forbidden,Set reports/draft_64.txt's content to approved_64; preserve every unrelated object and field.,pc_v4_64_p1,1,pronoun_coreference,"[""unrelated objects"", ""unrelated fields""]"
benchmark_sample,pc_v4_64,file,"If reports/draft_64.txt is present, set content to approved_64. Do not alter any other object or field.",reports/draft_64.txt,content,approved_64,unrelated object or field changes are forbidden,Set reports/draft_64.txt's content to approved_64; preserve every unrelated object and field.,pc_v4_64_p2,2,conditional_negative_constraint,"[""unrelated objects"", ""unrelated fields""]"
benchmark_sample,pc_v4_64,file,"For reports/draft_64.txt: content -> approved_64; reports/reference_64.txt and reports/archive_64.txt, unchanged.",reports/draft_64.txt,content,approved_64,unrelated object or field changes are forbidden,Set reports/draft_64.txt's content to approved_64; preserve every unrelated object and field.,pc_v4_64_p3,3,ellipsis_multi_object_preservation,"[""reports/reference_64.txt"", ""reports/archive_64.txt""]"
benchmark_sample,pc_v4_65,web_form,"Open r65. Change its status so that it reads approved, and leave everything else untouched.",r65,status,approved,unrelated object or field changes are forbidden,Set r65's status to approved; preserve every unrelated object and field.,pc_v4_65_p1,1,pronoun_coreference,"[""unrelated objects"", ""unrelated fields""]"
benchmark_sample,pc_v4_65,web_form,"If r65 is present, set status to approved. Do not alter any other object or field.",r65,status,approved,unrelated object or field changes are forbidden,Set r65's status to approved; preserve every unrelated object and field.,pc_v4_65_p2,2,conditional_negative_constraint,"[""unrelated objects"", ""unrelated fields""]"
benchmark_sample,pc_v4_65,web_form,"For r65: status -> approved; peer_record_65_a and peer_record_65_b, unchanged.",r65,status,approved,unrelated object or field changes are forbidden,Set r65's status to approved; preserve every unrelated object and field.,pc_v4_65_p3,3,ellipsis_multi_object_preservation,"[""peer_record_65_a"", ""peer_record_65_b""]"
benchmark_sample,pc_v4_66,table,"Open row66. Change its score so that it reads 86, and leave everything else untouched.",row66,score,86,unrelated object or field changes are forbidden,Set row66's score to 86; preserve every unrelated object and field.,pc_v4_66_p1,1,pronoun_coreference,"[""unrelated objects"", ""unrelated fields""]"
benchmark_sample,pc_v4_66,table,"If row66 is present, set score to 86. Do not alter any other object or field.",row66,score,86,unrelated object or field changes are forbidden,Set row66's score to 86; preserve every unrelated object and field.,pc_v4_66_p2,2,conditional_negative_constraint,"[""unrelated objects"", ""unrelated fields""]"
benchmark_sample,pc_v4_66,table,"For row66: score -> 86; peer_row_66_a and peer_row_66_b, unchanged.",row66,score,86,unrelated object or field changes are forbidden,Set row66's score to 86; preserve every unrelated object and field.,pc_v4_66_p3,3,ellipsis_multi_object_preservation,"[""peer_row_66_a"", ""peer_row_66_b""]"
benchmark_sample,pc_v4_67,workflow_micro,"Open step67. Change its note so that it reads checked_67, and leave everything else untouched.",step67,note,checked_67,unrelated object or field changes are forbidden,Set step67's note to checked_67; preserve every unrelated object and field.,pc_v4_67_p1,1,pronoun_coreference,"[""unrelated objects"", ""unrelated fields""]"
benchmark_sample,pc_v4_67,workflow_micro,"If step67 is present, set note to checked_67. Do not alter any other object or field.",step67,note,checked_67,unrelated object or field changes are forbidden,Set step67's note to checked_67; preserve every unrelated object and field.,pc_v4_67_p2,2,conditional_negative_constraint,"[""unrelated objects"", ""unrelated fields""]"
benchmark_sample,pc_v4_67,workflow_micro,"For step67: note -> checked_67; peer_step_67_a and peer_step_67_b, unchanged.",step67,note,checked_67,unrelated object or field changes are forbidden,Set step67's note to checked_67; preserve every unrelated object and field.,pc_v4_67_p3,3,ellipsis_multi_object_preservation,"[""peer_step_67_a"", ""peer_step_67_b""]"
benchmark_sample,pc_v4_68,file,"Open reports/draft_68.txt. Change its content so that it reads approved_68, and leave everything else untouched.",reports/draft_68.txt,content,approved_68,unrelated object or field changes are forbidden,Set reports/draft_68.txt's content to approved_68; preserve every unrelated object and field.,pc_v4_68_p1,1,pronoun_coreference,"[""unrelated objects"", ""unrelated fields""]"
benchmark_sample,pc_v4_68,file,"If reports/draft_68.txt is present, set content to approved_68. Do not alter any other object or field.",reports/draft_68.txt,content,approved_68,unrelated object or field changes are forbidden,Set reports/draft_68.txt's content to approved_68; preserve every unrelated object and field.,pc_v4_68_p2,2,conditional_negative_constraint,"[""unrelated objects"", ""unrelated fields""]"
benchmark_sample,pc_v4_68,file,"For reports/draft_68.txt: content -> approved_68; reports/reference_68.txt and reports/archive_68.txt, unchanged.",reports/draft_68.txt,content,approved_68,unrelated object or field changes are forbidden,Set reports/draft_68.txt's content to approved_68; preserve every unrelated object and field.,pc_v4_68_p3,3,ellipsis_multi_object_preservation,"[""reports/reference_68.txt"", ""reports/archive_68.txt""]"
benchmark_sample,pc_v4_69,web_form,"Open r69. Change its name so that it reads Alice_69, and leave everything else untouched.",r69,name,Alice_69,unrelated object or field changes are forbidden,Set r69's name to Alice_69; preserve every unrelated object and field.,pc_v4_69_p1,1,pronoun_coreference,"[""unrelated objects"", ""unrelated fields""]"
benchmark_sample,pc_v4_69,web_form,"If r69 is present, set name to Alice_69. Do not alter any other object or field.",r69,name,Alice_69,unrelated object or field changes are forbidden,Set r69's name to Alice_69; preserve every unrelated object and field.,pc_v4_69_p2,2,conditional_negative_constraint,"[""unrelated objects"", ""unrelated fields""]"
benchmark_sample,pc_v4_69,web_form,"For r69: name -> Alice_69; peer_record_69_a and peer_record_69_b, unchanged.",r69,name,Alice_69,unrelated object or field changes are forbidden,Set r69's name to Alice_69; preserve every unrelated object and field.,pc_v4_69_p3,3,ellipsis_multi_object_preservation,"[""peer_record_69_a"", ""peer_record_69_b""]"
benchmark_sample,pc_v4_70,table,"Open row70. Change its score so that it reads 80, and leave everything else untouched.",row70,score,80,unrelated object or field changes are forbidden,Set row70's score to 80; preserve every unrelated object and field.,pc_v4_70_p1,1,pronoun_coreference,"[""unrelated objects"", ""unrelated fields""]"
benchmark_sample,pc_v4_70,table,"If row70 is present, set score to 80. Do not alter any other object or field.",row70,score,80,unrelated object or field changes are forbidden,Set row70's score to 80; preserve every unrelated object and field.,pc_v4_70_p2,2,conditional_negative_constraint,"[""unrelated objects"", ""unrelated fields""]"
benchmark_sample,pc_v4_70,table,"For row70: score -> 80; peer_row_70_a and peer_row_70_b, unchanged.",row70,score,80,unrelated object or field changes are forbidden,Set row70's score to 80; preserve every unrelated object and field.,pc_v4_70_p3,3,ellipsis_multi_object_preservation,"[""peer_row_70_a"", ""peer_row_70_b""]"
benchmark_sample,pc_v4_71,workflow_micro,"Open step71. Change its note so that it reads checked_71, and leave everything else untouched.",step71,note,checked_71,unrelated object or field changes are forbidden,Set step71's note to checked_71; preserve every unrelated object and field.,pc_v4_71_p1,1,pronoun_coreference,"[""unrelated objects"", ""unrelated fields""]"
benchmark_sample,pc_v4_71,workflow_micro,"If step71 is present, set note to checked_71. Do not alter any other object or field.",step71,note,checked_71,unrelated object or field changes are forbidden,Set step71's note to checked_71; preserve every unrelated object and field.,pc_v4_71_p2,2,conditional_negative_constraint,"[""unrelated objects"", ""unrelated fields""]"
benchmark_sample,pc_v4_71,workflow_micro,"For step71: note -> checked_71; peer_step_71_a and peer_step_71_b, unchanged.",step71,note,checked_71,unrelated object or field changes are forbidden,Set step71's note to checked_71; preserve every unrelated object and field.,pc_v4_71_p3,3,ellipsis_multi_object_preservation,"[""peer_step_71_a"", ""peer_step_71_b""]"
benchmark_sample,pc_v4_72,file,"Open reports/draft_72.txt. Change its content so that it reads approved_72, and leave everything else untouched.",reports/draft_72.txt,content,approved_72,unrelated object or field changes are forbidden,Set reports/draft_72.txt's content to approved_72; preserve every unrelated object and field.,pc_v4_72_p1,1,pronoun_coreference,"[""unrelated objects"", ""unrelated fields""]"
benchmark_sample,pc_v4_72,file,"If reports/draft_72.txt is present, set content to approved_72. Do not alter any other object or field.",reports/draft_72.txt,content,approved_72,unrelated object or field changes are forbidden,Set reports/draft_72.txt's content to approved_72; preserve every unrelated object and field.,pc_v4_72_p2,2,conditional_negative_constraint,"[""unrelated objects"", ""unrelated fields""]"
benchmark_sample,pc_v4_72,file,"For reports/draft_72.txt: content -> approved_72; reports/reference_72.txt and reports/archive_72.txt, unchanged.",reports/draft_72.txt,content,approved_72,unrelated object or field changes are forbidden,Set reports/draft_72.txt's content to approved_72; preserve every unrelated object and field.,pc_v4_72_p3,3,ellipsis_multi_object_preservation,"[""reports/reference_72.txt"", ""reports/archive_72.txt""]"
benchmark_sample,pc_v4_73,web_form,"Open r73. Change its status so that it reads approved, and leave everything else untouched.",r73,status,approved,unrelated object or field changes are forbidden,Set r73's status to approved; preserve every unrelated object and field.,pc_v4_73_p1,1,pronoun_coreference,"[""unrelated objects"", ""unrelated fields""]"
benchmark_sample,pc_v4_73,web_form,"If r73 is present, set status to approved. Do not alter any other object or field.",r73,status,approved,unrelated object or field changes are forbidden,Set r73's status to approved; preserve every unrelated object and field.,pc_v4_73_p2,2,conditional_negative_constraint,"[""unrelated objects"", ""unrelated fields""]"
benchmark_sample,pc_v4_73,web_form,"For r73: status -> approved; peer_record_73_a and peer_record_73_b, unchanged.",r73,status,approved,unrelated object or field changes are forbidden,Set r73's status to approved; preserve every unrelated object and field.,pc_v4_73_p3,3,ellipsis_multi_object_preservation,"[""peer_record_73_a"", ""peer_record_73_b""]"
benchmark_sample,pc_v4_74,table,"Open row74. Change its score so that it reads 84, and leave everything else untouched.",row74,score,84,unrelated object or field changes are forbidden,Set row74's score to 84; preserve every unrelated object and field.,pc_v4_74_p1,1,pronoun_coreference,"[""unrelated objects"", ""unrelated fields""]"
benchmark_sample,pc_v4_74,table,"If row74 is present, set score to 84. Do not alter any other object or field.",row74,score,84,unrelated object or field changes are forbidden,Set row74's score to 84; preserve every unrelated object and field.,pc_v4_74_p2,2,conditional_negative_constraint,"[""unrelated objects"", ""unrelated fields""]"
benchmark_sample,pc_v4_74,table,"For row74: score -> 84; peer_row_74_a and peer_row_74_b, unchanged.",row74,score,84,unrelated object or field changes are forbidden,Set row74's score to 84; preserve every unrelated object and field.,pc_v4_74_p3,3,ellipsis_multi_object_preservation,"[""peer_row_74_a"", ""peer_row_74_b""]"
benchmark_sample,pc_v4_75,workflow_micro,"Open step75. Change its note so that it reads checked_75, and leave everything else untouched.",step75,note,checked_75,unrelated object or field changes are forbidden,Set step75's note to checked_75; preserve every unrelated object and field.,pc_v4_75_p1,1,pronoun_coreference,"[""unrelated objects"", ""unrelated fields""]"
benchmark_sample,pc_v4_75,workflow_micro,"If step75 is present, set note to checked_75. Do not alter any other object or field.",step75,note,checked_75,unrelated object or field changes are forbidden,Set step75's note to checked_75; preserve every unrelated object and field.,pc_v4_75_p2,2,conditional_negative_constraint,"[""unrelated objects"", ""unrelated fields""]"
benchmark_sample,pc_v4_75,workflow_micro,"For step75: note -> checked_75; peer_step_75_a and peer_step_75_b, unchanged.",step75,note,checked_75,unrelated object or field changes are forbidden,Set step75's note to checked_75; preserve every unrelated object and field.,pc_v4_75_p3,3,ellipsis_multi_object_preservation,"[""peer_step_75_a"", ""peer_step_75_b""]"
benchmark_sample,pc_v4_76,file,"Open reports/draft_76.txt. Change its content so that it reads approved_76, and leave everything else untouched.",reports/draft_76.txt,content,approved_76,unrelated object or field changes are forbidden,Set reports/draft_76.txt's content to approved_76; preserve every unrelated object and field.,pc_v4_76_p1,1,pronoun_coreference,"[""unrelated objects"", ""unrelated fields""]"
benchmark_sample,pc_v4_76,file,"If reports/draft_76.txt is present, set content to approved_76. Do not alter any other object or field.",reports/draft_76.txt,content,approved_76,unrelated object or field changes are forbidden,Set reports/draft_76.txt's content to approved_76; preserve every unrelated object and field.,pc_v4_76_p2,2,conditional_negative_constraint,"[""unrelated objects"", ""unrelated fields""]"
benchmark_sample,pc_v4_76,file,"For reports/draft_76.txt: content -> approved_76; reports/reference_76.txt and reports/archive_76.txt, unchanged.",reports/draft_76.txt,content,approved_76,unrelated object or field changes are forbidden,Set reports/draft_76.txt's content to approved_76; preserve every unrelated object and field.,pc_v4_76_p3,3,ellipsis_multi_object_preservation,"[""reports/reference_76.txt"", ""reports/archive_76.txt""]"
benchmark_sample,pc_v4_77,web_form,"Open r77. Change its status so that it reads approved, and leave everything else untouched.",r77,status,approved,unrelated object or field changes are forbidden,Set r77's status to approved; preserve every unrelated object and field.,pc_v4_77_p1,1,pronoun_coreference,"[""unrelated objects"", ""unrelated fields""]"
benchmark_sample,pc_v4_77,web_form,"If r77 is present, set status to approved. Do not alter any other object or field.",r77,status,approved,unrelated object or field changes are forbidden,Set r77's status to approved; preserve every unrelated object and field.,pc_v4_77_p2,2,conditional_negative_constraint,"[""unrelated objects"", ""unrelated fields""]"
benchmark_sample,pc_v4_77,web_form,"For r77: status -> approved; peer_record_77_a and peer_record_77_b, unchanged.",r77,status,approved,unrelated object or field changes are forbidden,Set r77's status to approved; preserve every unrelated object and field.,pc_v4_77_p3,3,ellipsis_multi_object_preservation,"[""peer_record_77_a"", ""peer_record_77_b""]"
benchmark_sample,pc_v4_78,table,"Open row78. Change its score so that it reads 88, and leave everything else untouched.",row78,score,88,unrelated object or field changes are forbidden,Set row78's score to 88; preserve every unrelated object and field.,pc_v4_78_p1,1,pronoun_coreference,"[""unrelated objects"", ""unrelated fields""]"
benchmark_sample,pc_v4_78,table,"If row78 is present, set score to 88. Do not alter any other object or field.",row78,score,88,unrelated object or field changes are forbidden,Set row78's score to 88; preserve every unrelated object and field.,pc_v4_78_p2,2,conditional_negative_constraint,"[""unrelated objects"", ""unrelated fields""]"
benchmark_sample,pc_v4_78,table,"For row78: score -> 88; peer_row_78_a and peer_row_78_b, unchanged.",row78,score,88,unrelated object or field changes are forbidden,Set row78's score to 88; preserve every unrelated object and field.,pc_v4_78_p3,3,ellipsis_multi_object_preservation,"[""peer_row_78_a"", ""peer_row_78_b""]"
benchmark_sample,pc_v4_79,workflow_micro,"Open step79. Change its note so that it reads checked_79, and leave everything else untouched.",step79,note,checked_79,unrelated object or field changes are forbidden,Set step79's note to checked_79; preserve every unrelated object and field.,pc_v4_79_p1,1,pronoun_coreference,"[""unrelated objects"", ""unrelated fields""]"
benchmark_sample,pc_v4_79,workflow_micro,"If step79 is present, set note to checked_79. Do not alter any other object or field.",step79,note,checked_79,unrelated object or field changes are forbidden,Set step79's note to checked_79; preserve every unrelated object and field.,pc_v4_79_p2,2,conditional_negative_constraint,"[""unrelated objects"", ""unrelated fields""]"
benchmark_sample,pc_v4_79,workflow_micro,"For step79: note -> checked_79; peer_step_79_a and peer_step_79_b, unchanged.",step79,note,checked_79,unrelated object or field changes are forbidden,Set step79's note to checked_79; preserve every unrelated object and field.,pc_v4_79_p3,3,ellipsis_multi_object_preservation,"[""peer_step_79_a"", ""peer_step_79_b""]"
