source,task_id,domain,instruction,gold_object,gold_field,gold_constraint,gold_forbidden,model,generated_postcondition_hash,generated_postcondition_json,raw_response_hash,invalid_json_count,json_repair_count,json_mode_used,token_cost,error,object_accuracy,field_accuracy,constraint_accuracy,forbidden_side_effect_recall,constraint_strictness_error,pc_error_type
llm_agent_v4,pc_v4_00,file,Set reports/draft_0.txt's content to approved_0; preserve every unrelated object and field.,reports/draft_0.txt,content,approved_0,unrelated object or field changes are forbidden,deepseek-v4-flash,183a27d7546d,"{""domain"": ""file"", ""expected_state"": ""approved_0"", ""forbidden_side_effects"": [""do not modify unrelated objects"", ""do not modify unrelated fields""], ""target_field"": ""content"", ""target_object"": ""reports/draft_0.txt""}",beee67cf2cfb,0,0,True,303,,1.0,1.0,1.0,1.0,0.0,none
llm_agent_v4,pc_v4_01,web_form,Set r01's status to approved; preserve every unrelated object and field.,r01,status,approved,unrelated object or field changes are forbidden,deepseek-v4-flash,4774224a31ca,"{""domain"": ""web_form"", ""expected_state"": ""approved"", ""forbidden_side_effects"": [""do not modify unrelated objects"", ""do not modify unrelated fields""], ""target_field"": ""status"", ""target_object"": ""r01""}",5b28a9848f4d,0,0,True,320,,1.0,1.0,1.0,1.0,0.0,none
llm_agent_v4,pc_v4_02,table,Set row02's score to 82; preserve every unrelated object and field.,row02,score,82,unrelated object or field changes are forbidden,deepseek-v4-flash,8ec1e607ffcb,"{""domain"": ""table"", ""expected_state"": ""82"", ""forbidden_side_effects"": [""do not modify unrelated objects"", ""do not modify unrelated fields""], ""target_field"": ""score"", ""target_object"": ""row02""}",771f7577913c,0,0,True,297,,1.0,1.0,1.0,1.0,0.0,none
llm_agent_v4,pc_v4_03,workflow_micro,Set step03's note to checked_3; preserve every unrelated object and field.,step03,note,checked_3,unrelated object or field changes are forbidden,deepseek-v4-flash,f84e8d60d155,"{""domain"": ""workflow_micro"", ""expected_state"": ""checked_3"", ""forbidden_side_effects"": [""do not modify unrelated objects"", ""do not modify unrelated fields""], ""target_field"": ""note"", ""target_object"": ""step03""}",615b56198d61,0,0,True,338,,1.0,1.0,1.0,1.0,0.0,none
llm_agent_v4,pc_v4_04,file,Set reports/draft_4.txt's content to approved_4; preserve every unrelated object and field.,reports/draft_4.txt,content,approved_4,unrelated object or field changes are forbidden,deepseek-v4-flash,ce3715c722df,"{""domain"": ""file"", ""expected_state"": ""approved_4"", ""forbidden_side_effects"": [""do not modify unrelated objects"", ""do not modify unrelated fields""], ""target_field"": ""content"", ""target_object"": ""reports/draft_4.txt""}",ce3715c722df,0,0,True,388,,1.0,1.0,1.0,1.0,0.0,none
llm_agent_v4,pc_v4_05,web_form,Set r05's status to approved; preserve every unrelated object and field.,r05,status,approved,unrelated object or field changes are forbidden,deepseek-v4-flash,faf753cece7b,"{""domain"": ""web_form"", ""expected_state"": ""approved"", ""forbidden_side_effects"": [""do not modify unrelated objects"", ""do not modify unrelated fields""], ""target_field"": ""status"", ""target_object"": ""r05""}",b98acaa9567e,0,0,True,301,,1.0,1.0,1.0,1.0,0.0,none
llm_agent_v4,pc_v4_06,table,Set row06's score to 86; preserve every unrelated object and field.,row06,score,86,unrelated object or field changes are forbidden,deepseek-v4-flash,743ce4d4adc8,"{""domain"": ""table"", ""expected_state"": ""86"", ""forbidden_side_effects"": [""do not modify unrelated objects"", ""do not modify unrelated fields""], ""target_field"": ""score"", ""target_object"": ""row06""}",7a0ee1219936,0,0,True,436,,1.0,1.0,1.0,1.0,0.0,none
llm_agent_v4,pc_v4_07,workflow_micro,Set step07's note to checked_7; preserve every unrelated object and field.,step07,note,checked_7,unrelated object or field changes are forbidden,deepseek-v4-flash,da3d24e6a84a,"{""domain"": ""workflow_micro"", ""expected_state"": ""checked_7"", ""forbidden_side_effects"": [""do not modify unrelated objects"", ""do not modify unrelated fields""], ""target_field"": ""note"", ""target_object"": ""step07""}",1dda1f85dab5,0,0,True,306,,1.0,1.0,1.0,1.0,0.0,none
llm_agent_v4,pc_v4_08,file,Set reports/draft_8.txt's content to approved_8; preserve every unrelated object and field.,reports/draft_8.txt,content,approved_8,unrelated object or field changes are forbidden,deepseek-v4-flash,9d25db2de05d,"{""domain"": ""file"", ""expected_state"": ""approved_8"", ""forbidden_side_effects"": [""do not modify unrelated files"", ""do not modify other attributes of the target file""], ""target_field"": ""content"", ""target_object"": ""reports/draft_8.txt""}",9e796b75ef31,0,0,True,398,,1.0,1.0,1.0,1.0,0.0,none
llm_agent_v4,pc_v4_09,web_form,Set r09's name to Alice_9; preserve every unrelated object and field.,r09,name,Alice_9,unrelated object or field changes are forbidden,deepseek-v4-flash,7c53a2afefad,"{""domain"": ""web_form"", ""expected_state"": ""Alice_9"", ""forbidden_side_effects"": [""do not modify unrelated objects"", ""do not modify unrelated fields""], ""target_field"": ""name"", ""target_object"": ""r09""}",f1586a669a8a,0,0,True,436,,1.0,1.0,1.0,1.0,0.0,none
llm_agent_v4,pc_v4_10,table,Set row10's score to 80; preserve every unrelated object and field.,row10,score,80,unrelated object or field changes are forbidden,deepseek-v4-flash,b94f0a566307,"{""domain"": ""table"", ""expected_state"": ""80"", ""forbidden_side_effects"": [""do not modify any other objects"", ""do not modify any other fields""], ""target_field"": ""score"", ""target_object"": ""row10""}",24adb3514eb0,0,0,True,311,,1.0,1.0,1.0,1.0,0.0,none
llm_agent_v4,pc_v4_11,workflow_micro,Set step11's note to checked_11; preserve every unrelated object and field.,step11,note,checked_11,unrelated object or field changes are forbidden,deepseek-v4-flash,891803aed43c,"{""domain"": ""workflow_micro"", ""expected_state"": ""checked_11"", ""forbidden_side_effects"": [""do not modify unrelated objects"", ""do not modify unrelated fields""], ""target_field"": ""note"", ""target_object"": ""step11""}",7e7bc93a8c71,0,0,True,407,,1.0,1.0,1.0,1.0,0.0,none
llm_agent_v4,pc_v4_12,file,Set reports/draft_12.txt's content to approved_12; preserve every unrelated object and field.,reports/draft_12.txt,content,approved_12,unrelated object or field changes are forbidden,deepseek-v4-flash,f6a6f771137d,"{""domain"": ""file"", ""expected_state"": ""approved_12"", ""forbidden_side_effects"": [""do not modify unrelated objects"", ""do not modify unrelated fields""], ""target_field"": ""content"", ""target_object"": ""reports/draft_12.txt""}",70f91af9fb6e,0,0,True,455,,1.0,1.0,1.0,1.0,0.0,none
llm_agent_v4,pc_v4_13,web_form,Set r13's status to approved; preserve every unrelated object and field.,r13,status,approved,unrelated object or field changes are forbidden,deepseek-v4-flash,21bc3fa19b04,"{""domain"": ""web_form"", ""expected_state"": ""approved"", ""forbidden_side_effects"": [""do not modify unrelated objects"", ""do not modify unrelated fields""], ""target_field"": ""status"", ""target_object"": ""r13""}",9b7b3b3f937b,0,0,True,390,,1.0,1.0,1.0,1.0,0.0,none
llm_agent_v4,pc_v4_14,table,Set row14's score to 84; preserve every unrelated object and field.,row14,score,84,unrelated object or field changes are forbidden,deepseek-v4-flash,db7ef73fa24d,"{""domain"": ""table"", ""expected_state"": ""84"", ""forbidden_side_effects"": [""do not modify unrelated objects"", ""do not modify unrelated fields""], ""target_field"": ""score"", ""target_object"": ""row14""}",dfef93e5d891,0,0,True,312,,1.0,1.0,1.0,1.0,0.0,none
llm_agent_v4,pc_v4_15,workflow_micro,Set step15's note to checked_15; preserve every unrelated object and field.,step15,note,checked_15,unrelated object or field changes are forbidden,deepseek-v4-flash,8727bac492f8,"{""domain"": ""workflow_micro"", ""expected_state"": ""checked_15"", ""forbidden_side_effects"": [""do not modify unrelated objects"", ""do not modify unrelated fields""], ""target_field"": ""note"", ""target_object"": ""step15""}",09f15f6b89c0,0,0,True,351,,1.0,1.0,1.0,1.0,0.0,none
llm_agent_v4,pc_v4_16,file,Set reports/draft_16.txt's content to approved_16; preserve every unrelated object and field.,reports/draft_16.txt,content,approved_16,unrelated object or field changes are forbidden,deepseek-v4-flash,c1244d8addaf,"{""domain"": ""file"", ""expected_state"": ""approved_16"", ""forbidden_side_effects"": [""do not modify unrelated objects"", ""do not modify unrelated fields""], ""target_field"": ""content"", ""target_object"": ""reports/draft_16.txt""}",2b72a3c1cf9a,0,0,True,334,,1.0,1.0,1.0,1.0,0.0,none
llm_agent_v4,pc_v4_17,web_form,Set r17's status to approved; preserve every unrelated object and field.,r17,status,approved,unrelated object or field changes are forbidden,deepseek-v4-flash,8b59ff58421e,"{""domain"": ""web_form"", ""expected_state"": ""approved"", ""forbidden_side_effects"": [""do not modify unrelated objects"", ""do not modify unrelated fields""], ""target_field"": ""status"", ""target_object"": ""r17""}",bb9277b47d19,0,0,True,291,,1.0,1.0,1.0,1.0,0.0,none
llm_agent_v4,pc_v4_18,table,Set row18's score to 88; preserve every unrelated object and field.,row18,score,88,unrelated object or field changes are forbidden,deepseek-v4-flash,170411b3b2df,"{""domain"": ""table"", ""expected_state"": ""88"", ""forbidden_side_effects"": [""do not modify unrelated objects"", ""do not modify unrelated fields""], ""target_field"": ""score"", ""target_object"": ""row18""}",4605e7d34951,0,0,True,301,,1.0,1.0,1.0,1.0,0.0,none
llm_agent_v4,pc_v4_19,workflow_micro,Set step19's note to checked_19; preserve every unrelated object and field.,step19,note,checked_19,unrelated object or field changes are forbidden,deepseek-v4-flash,df621c836bbd,"{""domain"": ""workflow_micro"", ""expected_state"": ""checked_19"", ""forbidden_side_effects"": [""do not modify unrelated objects"", ""do not modify unrelated fields""], ""target_field"": ""note"", ""target_object"": ""step19""}",143a3af8583d,0,0,True,365,,1.0,1.0,1.0,1.0,0.0,none
llm_agent_v4,pc_v4_20,file,Set reports/draft_20.txt's content to approved_20; preserve every unrelated object and field.,reports/draft_20.txt,content,approved_20,unrelated object or field changes are forbidden,deepseek-v4-flash,90030db59ff9,"{""domain"": ""file"", ""expected_state"": ""approved_20"", ""forbidden_side_effects"": [""do not modify unrelated objects"", ""do not modify unrelated fields""], ""target_field"": ""content"", ""target_object"": ""reports/draft_20.txt""}",924ccf382938,0,0,True,428,,1.0,1.0,1.0,1.0,0.0,none
llm_agent_v4,pc_v4_21,web_form,Set r21's name to Alice_21; preserve every unrelated object and field.,r21,name,Alice_21,unrelated object or field changes are forbidden,deepseek-v4-flash,3c8ea834aea2,"{""domain"": ""web_form"", ""expected_state"": ""Alice_21"", ""forbidden_side_effects"": [""do not modify unrelated objects"", ""do not modify unrelated fields""], ""target_field"": ""name"", ""target_object"": ""r21""}",4d0da8620abb,0,0,True,294,,1.0,1.0,1.0,1.0,0.0,none
llm_agent_v4,pc_v4_22,table,Set row22's score to 82; preserve every unrelated object and field.,row22,score,82,unrelated object or field changes are forbidden,deepseek-v4-flash,38a0b7f11628,"{""domain"": ""table"", ""expected_state"": ""82"", ""forbidden_side_effects"": [""do not modify unrelated objects"", ""do not modify unrelated fields""], ""target_field"": ""score"", ""target_object"": ""row22""}",1031ef3609a7,0,0,True,342,,1.0,1.0,1.0,1.0,0.0,none
llm_agent_v4,pc_v4_23,workflow_micro,Set step23's note to checked_23; preserve every unrelated object and field.,step23,note,checked_23,unrelated object or field changes are forbidden,deepseek-v4-flash,e193c5f446e2,"{""domain"": ""workflow_micro"", ""expected_state"": ""checked_23"", ""forbidden_side_effects"": [""do not modify unrelated objects"", ""do not modify unrelated fields""], ""target_field"": ""note"", ""target_object"": ""step23""}",b80ad2324fa1,0,0,True,307,,1.0,1.0,1.0,1.0,0.0,none
llm_agent_v4,pc_v4_24,file,Set reports/draft_24.txt's content to approved_24; preserve every unrelated object and field.,reports/draft_24.txt,content,approved_24,unrelated object or field changes are forbidden,deepseek-v4-flash,732d80f71fd8,"{""domain"": ""file"", ""expected_state"": ""approved_24"", ""forbidden_side_effects"": [""do not modify unrelated objects"", ""do not modify unrelated fields""], ""target_field"": ""content"", ""target_object"": ""reports/draft_24.txt""}",e674ee0a30ec,0,0,True,306,,1.0,1.0,1.0,1.0,0.0,none
llm_agent_v4,pc_v4_25,web_form,Set r25's status to approved; preserve every unrelated object and field.,r25,status,approved,unrelated object or field changes are forbidden,deepseek-v4-flash,72dcb81e7f43,"{""domain"": ""web_form"", ""expected_state"": ""approved"", ""forbidden_side_effects"": [""do not modify unrelated objects"", ""do not modify unrelated fields""], ""target_field"": ""status"", ""target_object"": ""r25""}",5cf7d4a74562,0,0,True,327,,1.0,1.0,1.0,1.0,0.0,none
llm_agent_v4,pc_v4_26,table,Set row26's score to 86; preserve every unrelated object and field.,row26,score,86,unrelated object or field changes are forbidden,deepseek-v4-flash,adc3a4711cb0,"{""domain"": ""table"", ""expected_state"": ""86"", ""forbidden_side_effects"": [""do not modify unrelated objects"", ""do not modify unrelated fields""], ""target_field"": ""score"", ""target_object"": ""row26""}",fc771198749f,0,0,True,343,,1.0,1.0,1.0,1.0,0.0,none
llm_agent_v4,pc_v4_27,workflow_micro,Set step27's note to checked_27; preserve every unrelated object and field.,step27,note,checked_27,unrelated object or field changes are forbidden,deepseek-v4-flash,abeb42fd5b85,"{""domain"": ""workflow_micro"", ""expected_state"": ""checked_27"", ""forbidden_side_effects"": [""do not modify unrelated objects"", ""do not modify unrelated fields""], ""target_field"": ""note"", ""target_object"": ""step27""}",00f44899f706,0,0,True,570,,1.0,1.0,1.0,1.0,0.0,none
llm_agent_v4,pc_v4_28,file,Set reports/draft_28.txt's content to approved_28; preserve every unrelated object and field.,reports/draft_28.txt,content,approved_28,unrelated object or field changes are forbidden,deepseek-v4-flash,29caa0aa4c8a,"{""domain"": ""file"", ""expected_state"": ""approved_28"", ""forbidden_side_effects"": [""do not modify unrelated objects"", ""do not modify unrelated fields""], ""target_field"": ""content"", ""target_object"": ""reports/draft_28.txt""}",0ad0b059922f,0,0,True,401,,1.0,1.0,1.0,1.0,0.0,none
llm_agent_v4,pc_v4_29,web_form,Set r29's status to approved; preserve every unrelated object and field.,r29,status,approved,unrelated object or field changes are forbidden,deepseek-v4-flash,6322c30015b5,"{""domain"": ""web_form"", ""expected_state"": ""approved"", ""forbidden_side_effects"": [""do not modify unrelated objects"", ""do not modify unrelated fields""], ""target_field"": ""status"", ""target_object"": ""r29""}",aa236f23c49e,0,0,True,376,,1.0,1.0,1.0,1.0,0.0,none
llm_agent_v4,pc_v4_30,table,Set row30's score to 80; preserve every unrelated object and field.,row30,score,80,unrelated object or field changes are forbidden,deepseek-v4-flash,5a7b3f9acd9a,"{""domain"": ""table"", ""expected_state"": ""80"", ""forbidden_side_effects"": [""do not modify unrelated objects"", ""do not modify unrelated fields""], ""target_field"": ""score"", ""target_object"": ""row30""}",a7bbe23a8a8f,0,0,True,293,,1.0,1.0,1.0,1.0,0.0,none
llm_agent_v4,pc_v4_31,workflow_micro,Set step31's note to checked_31; preserve every unrelated object and field.,step31,note,checked_31,unrelated object or field changes are forbidden,deepseek-v4-flash,dc653795f5a4,"{""domain"": ""workflow_micro"", ""expected_state"": ""checked_31"", ""forbidden_side_effects"": [""do not modify unrelated objects"", ""do not modify unrelated fields""], ""target_field"": ""note"", ""target_object"": ""step31""}",dc653795f5a4,0,0,True,329,,1.0,1.0,1.0,1.0,0.0,none
llm_agent_v4,pc_v4_32,file,Set reports/draft_32.txt's content to approved_32; preserve every unrelated object and field.,reports/draft_32.txt,content,approved_32,unrelated object or field changes are forbidden,deepseek-v4-flash,01d59b2510d1,"{""domain"": ""file"", ""expected_state"": ""approved_32"", ""forbidden_side_effects"": [""do not modify unrelated objects"", ""do not modify unrelated fields""], ""target_field"": ""content"", ""target_object"": ""reports/draft_32.txt""}",988452df0f7b,0,0,True,330,,1.0,1.0,1.0,1.0,0.0,none
llm_agent_v4,pc_v4_33,web_form,Set r33's name to Alice_33; preserve every unrelated object and field.,r33,name,Alice_33,unrelated object or field changes are forbidden,deepseek-v4-flash,700bc0e161c6,"{""domain"": ""web_form"", ""expected_state"": ""Alice_33"", ""forbidden_side_effects"": [""do not modify unrelated objects"", ""do not modify unrelated fields""], ""target_field"": ""name"", ""target_object"": ""r33""}",d8a9547be22f,0,0,True,294,,1.0,1.0,1.0,1.0,0.0,none
llm_agent_v4,pc_v4_34,table,Set row34's score to 84; preserve every unrelated object and field.,row34,score,84,unrelated object or field changes are forbidden,deepseek-v4-flash,dd1e3b5fefad,"{""domain"": ""table"", ""expected_state"": ""84"", ""forbidden_side_effects"": [""do not modify unrelated objects"", ""do not modify unrelated fields""], ""target_field"": ""score"", ""target_object"": ""row34""}",5c45bf0cbc88,0,0,True,303,,1.0,1.0,1.0,1.0,0.0,none
llm_agent_v4,pc_v4_35,workflow_micro,Set step35's note to checked_35; preserve every unrelated object and field.,step35,note,checked_35,unrelated object or field changes are forbidden,deepseek-v4-flash,b1e4e9f6c7e0,"{""domain"": ""workflow_micro"", ""expected_state"": ""checked_35"", ""forbidden_side_effects"": [""do not modify unrelated objects"", ""do not modify unrelated fields""], ""target_field"": ""note"", ""target_object"": ""step35""}",9ca36c7076c9,0,0,True,315,,1.0,1.0,1.0,1.0,0.0,none
llm_agent_v4,pc_v4_36,file,Set reports/draft_36.txt's content to approved_36; preserve every unrelated object and field.,reports/draft_36.txt,content,approved_36,unrelated object or field changes are forbidden,deepseek-v4-flash,7c46c90a2ca3,"{""domain"": ""file"", ""expected_state"": ""approved_36"", ""forbidden_side_effects"": [""do not modify unrelated objects"", ""do not modify unrelated fields""], ""target_field"": ""content"", ""target_object"": ""reports/draft_36.txt""}",114a5e4dab7b,0,0,True,397,,1.0,1.0,1.0,1.0,0.0,none
llm_agent_v4,pc_v4_37,web_form,Set r37's status to approved; preserve every unrelated object and field.,r37,status,approved,unrelated object or field changes are forbidden,deepseek-v4-flash,0ccb3ba840ce,"{""domain"": ""web_form"", ""expected_state"": ""approved"", ""forbidden_side_effects"": [""do not modify unrelated objects"", ""do not modify unrelated fields""], ""target_field"": ""status"", ""target_object"": ""r37""}",df34428b82ea,0,0,True,285,,1.0,1.0,1.0,1.0,0.0,none
llm_agent_v4,pc_v4_38,table,Set row38's score to 88; preserve every unrelated object and field.,row38,score,88,unrelated object or field changes are forbidden,deepseek-v4-flash,0a5727d313ae,"{""domain"": ""table"", ""expected_state"": ""88"", ""forbidden_side_effects"": [""do not modify unrelated objects"", ""do not modify unrelated fields""], ""target_field"": ""score"", ""target_object"": ""row38""}",3e7173005d37,0,0,True,309,,1.0,1.0,1.0,1.0,0.0,none
llm_agent_v4,pc_v4_39,workflow_micro,Set step39's note to checked_39; preserve every unrelated object and field.,step39,note,checked_39,unrelated object or field changes are forbidden,deepseek-v4-flash,962c410d1c10,"{""domain"": ""workflow_micro"", ""expected_state"": ""checked_39"", ""forbidden_side_effects"": [""do not modify unrelated objects"", ""do not modify unrelated fields""], ""target_field"": ""note"", ""target_object"": ""step39""}",ba3f7a5ad96c,0,0,True,317,,1.0,1.0,1.0,1.0,0.0,none
benchmark_sample,pc_v4_40,file,Set reports/draft_40.txt's content to approved_40; preserve every unrelated object and field.,reports/draft_40.txt,content,approved_40,unrelated object or field changes are forbidden,deepseek-v4-flash,4382440f18f9,"{""domain"": ""file"", ""expected_state"": ""approved_40"", ""forbidden_side_effects"": [""do not modify unrelated objects"", ""do not modify unrelated fields""], ""target_field"": ""content"", ""target_object"": ""reports/draft_40.txt""}",898516812c98,0,0,True,384,,1.0,1.0,1.0,1.0,0.0,none
benchmark_sample,pc_v4_41,web_form,Set r41's status to approved; preserve every unrelated object and field.,r41,status,approved,unrelated object or field changes are forbidden,deepseek-v4-flash,0344e2d50d0b,"{""domain"": ""web_form"", ""expected_state"": ""approved"", ""forbidden_side_effects"": [""do not modify unrelated objects"", ""do not modify unrelated fields""], ""target_field"": ""status"", ""target_object"": ""r41""}",bd74108a2762,0,0,True,331,,1.0,1.0,1.0,1.0,0.0,none
benchmark_sample,pc_v4_42,table,Set row42's score to 82; preserve every unrelated object and field.,row42,score,82,unrelated object or field changes are forbidden,deepseek-v4-flash,cd4e53e7fa3f,"{""domain"": ""table"", ""expected_state"": ""82"", ""forbidden_side_effects"": [""do not modify unrelated objects"", ""do not modify unrelated fields""], ""target_field"": ""score"", ""target_object"": ""row42""}",d63484c5e5d3,0,0,True,300,,1.0,1.0,1.0,1.0,0.0,none
benchmark_sample,pc_v4_43,workflow_micro,Set step43's note to checked_43; preserve every unrelated object and field.,step43,note,checked_43,unrelated object or field changes are forbidden,deepseek-v4-flash,96f9b9e3c960,"{""domain"": ""workflow_micro"", ""expected_state"": ""checked_43"", ""forbidden_side_effects"": [""do not modify unrelated objects"", ""do not modify unrelated fields""], ""target_field"": ""note"", ""target_object"": ""step43""}",ce613d31eb55,0,0,True,328,,1.0,1.0,1.0,1.0,0.0,none
benchmark_sample,pc_v4_44,file,Set reports/draft_44.txt's content to approved_44; preserve every unrelated object and field.,reports/draft_44.txt,content,approved_44,unrelated object or field changes are forbidden,deepseek-v4-flash,cc55a5c71150,"{""domain"": ""file"", ""expected_state"": ""approved_44"", ""forbidden_side_effects"": [""do not modify unrelated objects"", ""do not modify unrelated fields""], ""target_field"": ""content"", ""target_object"": ""reports/draft_44.txt""}",d6a6dedf17bb,0,0,True,327,,1.0,1.0,1.0,1.0,0.0,none
benchmark_sample,pc_v4_45,web_form,Set r45's name to Alice_45; preserve every unrelated object and field.,r45,name,Alice_45,unrelated object or field changes are forbidden,deepseek-v4-flash,6ae3d1978413,"{""domain"": ""web_form"", ""expected_state"": ""Alice_45"", ""forbidden_side_effects"": [""do not modify unrelated objects"", ""do not modify unrelated fields""], ""target_field"": ""name"", ""target_object"": ""r45""}",9af862529399,0,0,True,311,,1.0,1.0,1.0,1.0,0.0,none
benchmark_sample,pc_v4_46,table,Set row46's score to 86; preserve every unrelated object and field.,row46,score,86,unrelated object or field changes are forbidden,deepseek-v4-flash,79a8eb53c097,"{""domain"": ""table"", ""expected_state"": ""86"", ""forbidden_side_effects"": [""do not modify unrelated objects"", ""do not modify unrelated fields""], ""target_field"": ""score"", ""target_object"": ""row46""}",317ba726b80d,0,0,True,280,,1.0,1.0,1.0,1.0,0.0,none
benchmark_sample,pc_v4_47,workflow_micro,Set step47's note to checked_47; preserve every unrelated object and field.,step47,note,checked_47,unrelated object or field changes are forbidden,deepseek-v4-flash,d7094f26540a,"{""domain"": ""workflow_micro"", ""expected_state"": ""checked_47"", ""forbidden_side_effects"": [""do not modify unrelated objects"", ""do not modify unrelated fields""], ""target_field"": ""note"", ""target_object"": ""step47""}",784f34766200,0,0,True,337,,1.0,1.0,1.0,1.0,0.0,none
benchmark_sample,pc_v4_48,file,Set reports/draft_48.txt's content to approved_48; preserve every unrelated object and field.,reports/draft_48.txt,content,approved_48,unrelated object or field changes are forbidden,deepseek-v4-flash,3b906075a6f8,"{""domain"": ""file"", ""expected_state"": ""approved_48"", ""forbidden_side_effects"": [""do not modify unrelated objects"", ""do not modify unrelated fields""], ""target_field"": ""content"", ""target_object"": ""reports/draft_48.txt""}",ca176bb6170c,0,0,True,369,,1.0,1.0,1.0,1.0,0.0,none
benchmark_sample,pc_v4_49,web_form,Set r49's status to approved; preserve every unrelated object and field.,r49,status,approved,unrelated object or field changes are forbidden,deepseek-v4-flash,f82be7a20d8c,"{""domain"": ""web_form"", ""expected_state"": ""approved"", ""forbidden_side_effects"": [""do not modify unrelated objects"", ""do not modify unrelated fields""], ""target_field"": ""status"", ""target_object"": ""r49""}",fbbcfd653fd4,0,0,True,288,,1.0,1.0,1.0,1.0,0.0,none
benchmark_sample,pc_v4_50,table,Set row50's score to 80; preserve every unrelated object and field.,row50,score,80,unrelated object or field changes are forbidden,deepseek-v4-flash,ce93d58c068e,"{""domain"": ""table"", ""expected_state"": ""80"", ""forbidden_side_effects"": [""do not modify unrelated objects"", ""do not modify unrelated fields""], ""target_field"": ""score"", ""target_object"": ""row50""}",5bcf42b2734f,0,0,True,349,,1.0,1.0,1.0,1.0,0.0,none
benchmark_sample,pc_v4_51,workflow_micro,Set step51's note to checked_51; preserve every unrelated object and field.,step51,note,checked_51,unrelated object or field changes are forbidden,deepseek-v4-flash,6089ac9b050c,"{""domain"": ""workflow_micro"", ""expected_state"": ""checked_51"", ""forbidden_side_effects"": [""do not modify unrelated objects"", ""do not modify unrelated fields""], ""target_field"": ""note"", ""target_object"": ""step51""}",20fafcc57bb7,0,0,True,327,,1.0,1.0,1.0,1.0,0.0,none
benchmark_sample,pc_v4_52,file,Set reports/draft_52.txt's content to approved_52; preserve every unrelated object and field.,reports/draft_52.txt,content,approved_52,unrelated object or field changes are forbidden,deepseek-v4-flash,5b6cc87e04a8,"{""domain"": ""file"", ""expected_state"": ""approved_52"", ""forbidden_side_effects"": [""do not modify unrelated objects"", ""do not modify unrelated fields""], ""target_field"": ""content"", ""target_object"": ""reports/draft_52.txt""}",fedac618f8e4,0,0,True,321,,1.0,1.0,1.0,1.0,0.0,none
benchmark_sample,pc_v4_53,web_form,Set r53's status to approved; preserve every unrelated object and field.,r53,status,approved,unrelated object or field changes are forbidden,deepseek-v4-flash,0e43426b1581,"{""domain"": ""web_form"", ""expected_state"": ""approved"", ""forbidden_side_effects"": [""do not modify unrelated objects"", ""do not modify unrelated fields""], ""target_field"": ""status"", ""target_object"": ""r53""}",7c969c4cd1ca,0,0,True,340,,1.0,1.0,1.0,1.0,0.0,none
benchmark_sample,pc_v4_54,table,Set row54's score to 84; preserve every unrelated object and field.,row54,score,84,unrelated object or field changes are forbidden,deepseek-v4-flash,940be8d8cee0,"{""domain"": ""table"", ""expected_state"": ""84"", ""forbidden_side_effects"": [""do not modify unrelated objects"", ""do not modify unrelated fields""], ""target_field"": ""score"", ""target_object"": ""row54""}",4ce552f5d16c,0,0,True,313,,1.0,1.0,1.0,1.0,0.0,none
benchmark_sample,pc_v4_55,workflow_micro,Set step55's note to checked_55; preserve every unrelated object and field.,step55,note,checked_55,unrelated object or field changes are forbidden,deepseek-v4-flash,b790143dfefc,"{""domain"": ""workflow_micro"", ""expected_state"": ""checked_55"", ""forbidden_side_effects"": [""do not modify unrelated objects"", ""do not modify unrelated fields""], ""target_field"": ""note"", ""target_object"": ""step55""}",6604e11f17f6,0,0,True,301,,1.0,1.0,1.0,1.0,0.0,none
benchmark_sample,pc_v4_56,file,Set reports/draft_56.txt's content to approved_56; preserve every unrelated object and field.,reports/draft_56.txt,content,approved_56,unrelated object or field changes are forbidden,deepseek-v4-flash,941daf412bca,"{""domain"": ""file"", ""expected_state"": ""approved_56"", ""forbidden_side_effects"": [""do not modify unrelated objects"", ""do not modify unrelated fields""], ""target_field"": ""content"", ""target_object"": ""reports/draft_56.txt""}",5333b2787fc1,0,0,True,318,,1.0,1.0,1.0,1.0,0.0,none
benchmark_sample,pc_v4_57,web_form,Set r57's name to Alice_57; preserve every unrelated object and field.,r57,name,Alice_57,unrelated object or field changes are forbidden,deepseek-v4-flash,13caa7942284,"{""domain"": ""web_form"", ""expected_state"": ""Alice_57"", ""forbidden_side_effects"": [""do not modify any object other than r57"", ""do not modify any field other than name""], ""target_field"": ""name"", ""target_object"": ""r57""}",982b7bfc1b9b,0,0,True,326,,1.0,1.0,1.0,1.0,0.0,none
benchmark_sample,pc_v4_58,table,Set row58's score to 88; preserve every unrelated object and field.,row58,score,88,unrelated object or field changes are forbidden,deepseek-v4-flash,19aa126abf23,"{""domain"": ""table"", ""expected_state"": ""88"", ""forbidden_side_effects"": [""do not modify unrelated objects"", ""do not modify unrelated fields""], ""target_field"": ""score"", ""target_object"": ""row58""}",ad171616ead2,0,0,True,305,,1.0,1.0,1.0,1.0,0.0,none
benchmark_sample,pc_v4_59,workflow_micro,Set step59's note to checked_59; preserve every unrelated object and field.,step59,note,checked_59,unrelated object or field changes are forbidden,deepseek-v4-flash,a21db318b74f,"{""domain"": ""workflow_micro"", ""expected_state"": ""checked_59"", ""forbidden_side_effects"": [""do not modify unrelated objects"", ""do not modify unrelated fields""], ""target_field"": ""note"", ""target_object"": ""step59""}",d81b7ee24512,0,0,True,346,,1.0,1.0,1.0,1.0,0.0,none
benchmark_sample,pc_v4_60,file,Set reports/draft_60.txt's content to approved_60; preserve every unrelated object and field.,reports/draft_60.txt,content,approved_60,unrelated object or field changes are forbidden,deepseek-v4-flash,a8be4b918710,"{""domain"": ""file"", ""expected_state"": ""approved_60"", ""forbidden_side_effects"": [""do not modify unrelated objects"", ""do not modify unrelated fields""], ""target_field"": ""content"", ""target_object"": ""reports/draft_60.txt""}",960cab31325b,0,0,True,392,,1.0,1.0,1.0,1.0,0.0,none
benchmark_sample,pc_v4_61,web_form,Set r61's status to approved; preserve every unrelated object and field.,r61,status,approved,unrelated object or field changes are forbidden,deepseek-v4-flash,fa7c9f7ed432,"{""domain"": ""web_form"", ""expected_state"": ""approved"", ""forbidden_side_effects"": [""do not modify unrelated objects"", ""do not modify unrelated fields""], ""target_field"": ""status"", ""target_object"": ""r61""}",59a751aee601,0,0,True,430,,1.0,1.0,1.0,1.0,0.0,none
benchmark_sample,pc_v4_62,table,Set row62's score to 82; preserve every unrelated object and field.,row62,score,82,unrelated object or field changes are forbidden,deepseek-v4-flash,69f0348c9882,"{""domain"": ""table"", ""expected_state"": ""82"", ""forbidden_side_effects"": [""do not modify unrelated objects"", ""do not modify unrelated fields""], ""target_field"": ""score"", ""target_object"": ""row62""}",3b68b33508ae,0,0,True,274,,1.0,1.0,1.0,1.0,0.0,none
benchmark_sample,pc_v4_63,workflow_micro,Set step63's note to checked_63; preserve every unrelated object and field.,step63,note,checked_63,unrelated object or field changes are forbidden,deepseek-v4-flash,86a15a587190,"{""domain"": ""workflow_micro"", ""expected_state"": ""checked_63"", ""forbidden_side_effects"": [""do not modify unrelated objects"", ""do not modify unrelated fields""], ""target_field"": ""note"", ""target_object"": ""step63""}",93875bddf066,0,0,True,305,,1.0,1.0,1.0,1.0,0.0,none
benchmark_sample,pc_v4_64,file,Set reports/draft_64.txt's content to approved_64; preserve every unrelated object and field.,reports/draft_64.txt,content,approved_64,unrelated object or field changes are forbidden,deepseek-v4-flash,c039b903f2b6,"{""domain"": ""file"", ""expected_state"": ""approved_64"", ""forbidden_side_effects"": [""do not modify unrelated objects"", ""do not modify unrelated fields""], ""target_field"": ""content"", ""target_object"": ""reports/draft_64.txt""}",3a3f6145678f,0,0,True,402,,1.0,1.0,1.0,1.0,0.0,none
benchmark_sample,pc_v4_65,web_form,Set r65's status to approved; preserve every unrelated object and field.,r65,status,approved,unrelated object or field changes are forbidden,deepseek-v4-flash,2da71bfbf993,"{""domain"": ""web_form"", ""expected_state"": ""approved"", ""forbidden_side_effects"": [""do not modify unrelated objects"", ""do not modify unrelated fields""], ""target_field"": ""status"", ""target_object"": ""r65""}",8aa7e7b11bdb,0,0,True,292,,1.0,1.0,1.0,1.0,0.0,none
benchmark_sample,pc_v4_66,table,Set row66's score to 86; preserve every unrelated object and field.,row66,score,86,unrelated object or field changes are forbidden,deepseek-v4-flash,01b1f69b668c,"{""domain"": ""table"", ""expected_state"": ""86"", ""forbidden_side_effects"": [""do not modify unrelated objects"", ""do not modify unrelated fields""], ""target_field"": ""score"", ""target_object"": ""row66""}",745b2436e8b1,0,0,True,389,,1.0,1.0,1.0,1.0,0.0,none
benchmark_sample,pc_v4_67,workflow_micro,Set step67's note to checked_67; preserve every unrelated object and field.,step67,note,checked_67,unrelated object or field changes are forbidden,deepseek-v4-flash,a6d1356c5000,"{""domain"": ""workflow_micro"", ""expected_state"": ""checked_67"", ""forbidden_side_effects"": [""do not modify unrelated objects"", ""do not modify unrelated fields""], ""target_field"": ""note"", ""target_object"": ""step67""}",b1c93e5d96cc,0,0,True,310,,1.0,1.0,1.0,1.0,0.0,none
benchmark_sample,pc_v4_68,file,Set reports/draft_68.txt's content to approved_68; preserve every unrelated object and field.,reports/draft_68.txt,content,approved_68,unrelated object or field changes are forbidden,deepseek-v4-flash,66dc89184781,"{""domain"": ""file"", ""expected_state"": ""approved_68"", ""forbidden_side_effects"": [""do not modify unrelated objects"", ""do not modify unrelated fields""], ""target_field"": ""content"", ""target_object"": ""reports/draft_68.txt""}",830f35740456,0,0,True,293,,1.0,1.0,1.0,1.0,0.0,none
benchmark_sample,pc_v4_69,web_form,Set r69's name to Alice_69; preserve every unrelated object and field.,r69,name,Alice_69,unrelated object or field changes are forbidden,deepseek-v4-flash,739720b78308,"{""domain"": ""web_form"", ""expected_state"": ""Alice_69"", ""forbidden_side_effects"": [""do not modify unrelated objects"", ""do not modify unrelated fields""], ""target_field"": ""name"", ""target_object"": ""r69""}",d67dba16b03b,0,0,True,358,,1.0,1.0,1.0,1.0,0.0,none
benchmark_sample,pc_v4_70,table,Set row70's score to 80; preserve every unrelated object and field.,row70,score,80,unrelated object or field changes are forbidden,deepseek-v4-flash,ce027c13043f,"{""domain"": ""table"", ""expected_state"": ""80"", ""forbidden_side_effects"": [""do not modify unrelated objects"", ""do not modify unrelated fields""], ""target_field"": ""score"", ""target_object"": ""row70""}",32d1f5ffbdbe,0,0,True,352,,1.0,1.0,1.0,1.0,0.0,none
benchmark_sample,pc_v4_71,workflow_micro,Set step71's note to checked_71; preserve every unrelated object and field.,step71,note,checked_71,unrelated object or field changes are forbidden,deepseek-v4-flash,b19cd43db524,"{""domain"": ""workflow_micro"", ""expected_state"": ""checked_71"", ""forbidden_side_effects"": [""do not modify unrelated objects"", ""do not modify unrelated fields""], ""target_field"": ""note"", ""target_object"": ""step71""}",9f120101ac38,0,0,True,307,,1.0,1.0,1.0,1.0,0.0,none
benchmark_sample,pc_v4_72,file,Set reports/draft_72.txt's content to approved_72; preserve every unrelated object and field.,reports/draft_72.txt,content,approved_72,unrelated object or field changes are forbidden,deepseek-v4-flash,918d92d42120,"{""domain"": ""file"", ""expected_state"": ""approved_72"", ""forbidden_side_effects"": [""do not modify unrelated objects"", ""do not modify unrelated fields""], ""target_field"": ""content"", ""target_object"": ""reports/draft_72.txt""}",6fe7b920741e,0,0,True,382,,1.0,1.0,1.0,1.0,0.0,none
benchmark_sample,pc_v4_73,web_form,Set r73's status to approved; preserve every unrelated object and field.,r73,status,approved,unrelated object or field changes are forbidden,deepseek-v4-flash,e5b9d25b5bf8,"{""domain"": ""web_form"", ""expected_state"": ""approved"", ""forbidden_side_effects"": [""do not modify unrelated objects"", ""do not modify unrelated fields""], ""target_field"": ""status"", ""target_object"": ""r73""}",81689f00420e,0,0,True,465,,1.0,1.0,1.0,1.0,0.0,none
benchmark_sample,pc_v4_74,table,Set row74's score to 84; preserve every unrelated object and field.,row74,score,84,unrelated object or field changes are forbidden,deepseek-v4-flash,5409c77c1a42,"{""domain"": ""table"", ""expected_state"": ""84"", ""forbidden_side_effects"": [""do not modify unrelated objects"", ""do not modify unrelated fields""], ""target_field"": ""score"", ""target_object"": ""row74""}",e520e8472855,0,0,True,336,,1.0,1.0,1.0,1.0,0.0,none
benchmark_sample,pc_v4_75,workflow_micro,Set step75's note to checked_75; preserve every unrelated object and field.,step75,note,checked_75,unrelated object or field changes are forbidden,deepseek-v4-flash,da423398f947,"{""domain"": ""workflow_micro"", ""expected_state"": ""checked_75"", ""forbidden_side_effects"": [""do not modify unrelated objects"", ""do not modify unrelated fields""], ""target_field"": ""note"", ""target_object"": ""step75""}",55941515e287,0,0,True,322,,1.0,1.0,1.0,1.0,0.0,none
benchmark_sample,pc_v4_76,file,Set reports/draft_76.txt's content to approved_76; preserve every unrelated object and field.,reports/draft_76.txt,content,approved_76,unrelated object or field changes are forbidden,deepseek-v4-flash,2818263c18fb,"{""domain"": ""file"", ""expected_state"": ""approved_76"", ""forbidden_side_effects"": [""do not modify unrelated objects"", ""do not modify unrelated fields""], ""target_field"": ""content"", ""target_object"": ""reports/draft_76.txt""}",1f13b8819acb,0,0,True,360,,1.0,1.0,1.0,1.0,0.0,none
benchmark_sample,pc_v4_77,web_form,Set r77's status to approved; preserve every unrelated object and field.,r77,status,approved,unrelated object or field changes are forbidden,deepseek-v4-flash,dc0b06bf7f52,"{""domain"": ""web_form"", ""expected_state"": ""approved"", ""forbidden_side_effects"": [""do not modify unrelated objects"", ""do not modify unrelated fields""], ""target_field"": ""status"", ""target_object"": ""r77""}",d8a5716334d0,0,0,True,340,,1.0,1.0,1.0,1.0,0.0,none
benchmark_sample,pc_v4_78,table,Set row78's score to 88; preserve every unrelated object and field.,row78,score,88,unrelated object or field changes are forbidden,deepseek-v4-flash,f6bacba553af,"{""domain"": ""table"", ""expected_state"": ""88"", ""forbidden_side_effects"": [""do not modify unrelated objects"", ""do not modify unrelated fields""], ""target_field"": ""score"", ""target_object"": ""row78""}",ede0edcb633f,0,0,True,319,,1.0,1.0,1.0,1.0,0.0,none
benchmark_sample,pc_v4_79,workflow_micro,Set step79's note to checked_79; preserve every unrelated object and field.,step79,note,checked_79,unrelated object or field changes are forbidden,deepseek-v4-flash,3dde3840bcb4,"{""domain"": ""workflow_micro"", ""expected_state"": ""checked_79"", ""forbidden_side_effects"": [""do not modify unrelated objects"", ""do not modify unrelated fields""], ""target_field"": ""note"", ""target_object"": ""step79""}",83f9a717308a,0,0,True,367,,1.0,1.0,1.0,1.0,0.0,none
llm_agent_v4,pc_v4_00,file,Set reports/draft_0.txt's content to approved_0; preserve every unrelated object and field.,reports/draft_0.txt,content,approved_0,unrelated object or field changes are forbidden,deepseek-v4-pro,183a27d7546d,"{""domain"": ""file"", ""expected_state"": ""approved_0"", ""forbidden_side_effects"": [""do not modify unrelated objects"", ""do not modify unrelated fields""], ""target_field"": ""content"", ""target_object"": ""reports/draft_0.txt""}",8290b1ec4c23,0,0,True,519,,1.0,1.0,1.0,1.0,0.0,none
llm_agent_v4,pc_v4_01,web_form,Set r01's status to approved; preserve every unrelated object and field.,r01,status,approved,unrelated object or field changes are forbidden,deepseek-v4-pro,4774224a31ca,"{""domain"": ""web_form"", ""expected_state"": ""approved"", ""forbidden_side_effects"": [""do not modify unrelated objects"", ""do not modify unrelated fields""], ""target_field"": ""status"", ""target_object"": ""r01""}",ba7f5334a446,0,0,True,414,,1.0,1.0,1.0,1.0,0.0,none
llm_agent_v4,pc_v4_02,table,Set row02's score to 82; preserve every unrelated object and field.,row02,score,82,unrelated object or field changes are forbidden,deepseek-v4-pro,8ec1e607ffcb,"{""domain"": ""table"", ""expected_state"": ""82"", ""forbidden_side_effects"": [""do not modify unrelated objects"", ""do not modify unrelated fields""], ""target_field"": ""score"", ""target_object"": ""row02""}",d0176b6822ae,0,0,True,485,,1.0,1.0,1.0,1.0,0.0,none
llm_agent_v4,pc_v4_03,workflow_micro,Set step03's note to checked_3; preserve every unrelated object and field.,step03,note,checked_3,unrelated object or field changes are forbidden,deepseek-v4-pro,f84e8d60d155,"{""domain"": ""workflow_micro"", ""expected_state"": ""checked_3"", ""forbidden_side_effects"": [""do not modify unrelated objects"", ""do not modify unrelated fields""], ""target_field"": ""note"", ""target_object"": ""step03""}",f84e8d60d155,0,0,True,508,,1.0,1.0,1.0,1.0,0.0,none
llm_agent_v4,pc_v4_04,file,Set reports/draft_4.txt's content to approved_4; preserve every unrelated object and field.,reports/draft_4.txt,content,approved_4,unrelated object or field changes are forbidden,deepseek-v4-pro,ce3715c722df,"{""domain"": ""file"", ""expected_state"": ""approved_4"", ""forbidden_side_effects"": [""do not modify unrelated objects"", ""do not modify unrelated fields""], ""target_field"": ""content"", ""target_object"": ""reports/draft_4.txt""}",186f2bd9a5a5,0,0,True,494,,1.0,1.0,1.0,1.0,0.0,none
llm_agent_v4,pc_v4_05,web_form,Set r05's status to approved; preserve every unrelated object and field.,r05,status,approved,unrelated object or field changes are forbidden,deepseek-v4-pro,faf753cece7b,"{""domain"": ""web_form"", ""expected_state"": ""approved"", ""forbidden_side_effects"": [""do not modify unrelated objects"", ""do not modify unrelated fields""], ""target_field"": ""status"", ""target_object"": ""r05""}",b98acaa9567e,0,1,True,1049,,1.0,1.0,1.0,1.0,0.0,none
llm_agent_v4,pc_v4_06,table,Set row06's score to 86; preserve every unrelated object and field.,row06,score,86,unrelated object or field changes are forbidden,deepseek-v4-pro,743ce4d4adc8,"{""domain"": ""table"", ""expected_state"": ""86"", ""forbidden_side_effects"": [""do not modify unrelated objects"", ""do not modify unrelated fields""], ""target_field"": ""score"", ""target_object"": ""row06""}",9e7eeff0c7e6,0,0,True,471,,1.0,1.0,1.0,1.0,0.0,none
llm_agent_v4,pc_v4_07,workflow_micro,Set step07's note to checked_7; preserve every unrelated object and field.,step07,note,checked_7,unrelated object or field changes are forbidden,deepseek-v4-pro,da3d24e6a84a,"{""domain"": ""workflow_micro"", ""expected_state"": ""checked_7"", ""forbidden_side_effects"": [""do not modify unrelated objects"", ""do not modify unrelated fields""], ""target_field"": ""note"", ""target_object"": ""step07""}",a09488ec8f3d,0,0,True,420,,1.0,1.0,1.0,1.0,0.0,none
llm_agent_v4,pc_v4_08,file,Set reports/draft_8.txt's content to approved_8; preserve every unrelated object and field.,reports/draft_8.txt,content,approved_8,unrelated object or field changes are forbidden,deepseek-v4-pro,b38cbfe7ea9e,"{""domain"": ""file"", ""expected_state"": ""approved_8"", ""forbidden_side_effects"": [""do not modify unrelated objects"", ""do not modify unrelated fields""], ""target_field"": ""content"", ""target_object"": ""reports/draft_8.txt""}",b38cbfe7ea9e,0,0,True,582,,1.0,1.0,1.0,1.0,0.0,none
llm_agent_v4,pc_v4_09,web_form,Set r09's name to Alice_9; preserve every unrelated object and field.,r09,name,Alice_9,unrelated object or field changes are forbidden,deepseek-v4-pro,7c53a2afefad,"{""domain"": ""web_form"", ""expected_state"": ""Alice_9"", ""forbidden_side_effects"": [""do not modify unrelated objects"", ""do not modify unrelated fields""], ""target_field"": ""name"", ""target_object"": ""r09""}",7c53a2afefad,0,0,True,496,,1.0,1.0,1.0,1.0,0.0,none
llm_agent_v4,pc_v4_10,table,Set row10's score to 80; preserve every unrelated object and field.,row10,score,80,unrelated object or field changes are forbidden,deepseek-v4-pro,ccdcea6ff2f0,"{""domain"": ""table"", ""expected_state"": ""80"", ""forbidden_side_effects"": [""do not modify unrelated objects"", ""do not modify unrelated fields""], ""target_field"": ""score"", ""target_object"": ""row10""}",27f84d40bb8b,0,0,True,479,,1.0,1.0,1.0,1.0,0.0,none
llm_agent_v4,pc_v4_11,workflow_micro,Set step11's note to checked_11; preserve every unrelated object and field.,step11,note,checked_11,unrelated object or field changes are forbidden,deepseek-v4-pro,891803aed43c,"{""domain"": ""workflow_micro"", ""expected_state"": ""checked_11"", ""forbidden_side_effects"": [""do not modify unrelated objects"", ""do not modify unrelated fields""], ""target_field"": ""note"", ""target_object"": ""step11""}",d3ce17ea63b4,0,0,True,393,,1.0,1.0,1.0,1.0,0.0,none
llm_agent_v4,pc_v4_12,file,Set reports/draft_12.txt's content to approved_12; preserve every unrelated object and field.,reports/draft_12.txt,content,approved_12,unrelated object or field changes are forbidden,deepseek-v4-pro,,,,1,3,True,1797,no JSON object found,0.0,0.0,0.0,0.0,1.0,invalid_json
llm_agent_v4,pc_v4_13,web_form,Set r13's status to approved; preserve every unrelated object and field.,r13,status,approved,unrelated object or field changes are forbidden,deepseek-v4-pro,21bc3fa19b04,"{""domain"": ""web_form"", ""expected_state"": ""approved"", ""forbidden_side_effects"": [""do not modify unrelated objects"", ""do not modify unrelated fields""], ""target_field"": ""status"", ""target_object"": ""r13""}",21bc3fa19b04,0,0,True,467,,1.0,1.0,1.0,1.0,0.0,none
llm_agent_v4,pc_v4_14,table,Set row14's score to 84; preserve every unrelated object and field.,row14,score,84,unrelated object or field changes are forbidden,deepseek-v4-pro,db7ef73fa24d,"{""domain"": ""table"", ""expected_state"": ""84"", ""forbidden_side_effects"": [""do not modify unrelated objects"", ""do not modify unrelated fields""], ""target_field"": ""score"", ""target_object"": ""row14""}",5f937c88cfc4,0,0,True,494,,1.0,1.0,1.0,1.0,0.0,none
llm_agent_v4,pc_v4_15,workflow_micro,Set step15's note to checked_15; preserve every unrelated object and field.,step15,note,checked_15,unrelated object or field changes are forbidden,deepseek-v4-pro,8727bac492f8,"{""domain"": ""workflow_micro"", ""expected_state"": ""checked_15"", ""forbidden_side_effects"": [""do not modify unrelated objects"", ""do not modify unrelated fields""], ""target_field"": ""note"", ""target_object"": ""step15""}",e22ed9d1fbf1,0,0,True,435,,1.0,1.0,1.0,1.0,0.0,none
llm_agent_v4,pc_v4_16,file,Set reports/draft_16.txt's content to approved_16; preserve every unrelated object and field.,reports/draft_16.txt,content,approved_16,unrelated object or field changes are forbidden,deepseek-v4-pro,c1244d8addaf,"{""domain"": ""file"", ""expected_state"": ""approved_16"", ""forbidden_side_effects"": [""do not modify unrelated objects"", ""do not modify unrelated fields""], ""target_field"": ""content"", ""target_object"": ""reports/draft_16.txt""}",c1244d8addaf,0,0,True,543,,1.0,1.0,1.0,1.0,0.0,none
llm_agent_v4,pc_v4_17,web_form,Set r17's status to approved; preserve every unrelated object and field.,r17,status,approved,unrelated object or field changes are forbidden,deepseek-v4-pro,8b59ff58421e,"{""domain"": ""web_form"", ""expected_state"": ""approved"", ""forbidden_side_effects"": [""do not modify unrelated objects"", ""do not modify unrelated fields""], ""target_field"": ""status"", ""target_object"": ""r17""}",bb9277b47d19,0,0,True,366,,1.0,1.0,1.0,1.0,0.0,none
llm_agent_v4,pc_v4_18,table,Set row18's score to 88; preserve every unrelated object and field.,row18,score,88,unrelated object or field changes are forbidden,deepseek-v4-pro,170411b3b2df,"{""domain"": ""table"", ""expected_state"": ""88"", ""forbidden_side_effects"": [""do not modify unrelated objects"", ""do not modify unrelated fields""], ""target_field"": ""score"", ""target_object"": ""row18""}",170411b3b2df,0,0,True,407,,1.0,1.0,1.0,1.0,0.0,none
llm_agent_v4,pc_v4_19,workflow_micro,Set step19's note to checked_19; preserve every unrelated object and field.,step19,note,checked_19,unrelated object or field changes are forbidden,deepseek-v4-pro,df621c836bbd,"{""domain"": ""workflow_micro"", ""expected_state"": ""checked_19"", ""forbidden_side_effects"": [""do not modify unrelated objects"", ""do not modify unrelated fields""], ""target_field"": ""note"", ""target_object"": ""step19""}",6b00ea7247c2,0,0,True,520,,1.0,1.0,1.0,1.0,0.0,none
llm_agent_v4,pc_v4_20,file,Set reports/draft_20.txt's content to approved_20; preserve every unrelated object and field.,reports/draft_20.txt,content,approved_20,unrelated object or field changes are forbidden,deepseek-v4-pro,90030db59ff9,"{""domain"": ""file"", ""expected_state"": ""approved_20"", ""forbidden_side_effects"": [""do not modify unrelated objects"", ""do not modify unrelated fields""], ""target_field"": ""content"", ""target_object"": ""reports/draft_20.txt""}",0b045a403057,0,1,True,1233,,1.0,1.0,1.0,1.0,0.0,none
llm_agent_v4,pc_v4_21,web_form,Set r21's name to Alice_21; preserve every unrelated object and field.,r21,name,Alice_21,unrelated object or field changes are forbidden,deepseek-v4-pro,3c8ea834aea2,"{""domain"": ""web_form"", ""expected_state"": ""Alice_21"", ""forbidden_side_effects"": [""do not modify unrelated objects"", ""do not modify unrelated fields""], ""target_field"": ""name"", ""target_object"": ""r21""}",4d0da8620abb,0,0,True,446,,1.0,1.0,1.0,1.0,0.0,none
llm_agent_v4,pc_v4_22,table,Set row22's score to 82; preserve every unrelated object and field.,row22,score,82,unrelated object or field changes are forbidden,deepseek-v4-pro,38a0b7f11628,"{""domain"": ""table"", ""expected_state"": ""82"", ""forbidden_side_effects"": [""do not modify unrelated objects"", ""do not modify unrelated fields""], ""target_field"": ""score"", ""target_object"": ""row22""}",1031ef3609a7,0,1,True,1094,,1.0,1.0,1.0,1.0,0.0,none
llm_agent_v4,pc_v4_23,workflow_micro,Set step23's note to checked_23; preserve every unrelated object and field.,step23,note,checked_23,unrelated object or field changes are forbidden,deepseek-v4-pro,e193c5f446e2,"{""domain"": ""workflow_micro"", ""expected_state"": ""checked_23"", ""forbidden_side_effects"": [""do not modify unrelated objects"", ""do not modify unrelated fields""], ""target_field"": ""note"", ""target_object"": ""step23""}",e193c5f446e2,0,0,True,482,,1.0,1.0,1.0,1.0,0.0,none
llm_agent_v4,pc_v4_24,file,Set reports/draft_24.txt's content to approved_24; preserve every unrelated object and field.,reports/draft_24.txt,content,approved_24,unrelated object or field changes are forbidden,deepseek-v4-pro,732d80f71fd8,"{""domain"": ""file"", ""expected_state"": ""approved_24"", ""forbidden_side_effects"": [""do not modify unrelated objects"", ""do not modify unrelated fields""], ""target_field"": ""content"", ""target_object"": ""reports/draft_24.txt""}",b951d21ace58,0,0,True,542,,1.0,1.0,1.0,1.0,0.0,none
llm_agent_v4,pc_v4_25,web_form,Set r25's status to approved; preserve every unrelated object and field.,r25,status,approved,unrelated object or field changes are forbidden,deepseek-v4-pro,72dcb81e7f43,"{""domain"": ""web_form"", ""expected_state"": ""approved"", ""forbidden_side_effects"": [""do not modify unrelated objects"", ""do not modify unrelated fields""], ""target_field"": ""status"", ""target_object"": ""r25""}",5cf7d4a74562,0,0,True,420,,1.0,1.0,1.0,1.0,0.0,none
llm_agent_v4,pc_v4_26,table,Set row26's score to 86; preserve every unrelated object and field.,row26,score,86,unrelated object or field changes are forbidden,deepseek-v4-pro,adc3a4711cb0,"{""domain"": ""table"", ""expected_state"": ""86"", ""forbidden_side_effects"": [""do not modify unrelated objects"", ""do not modify unrelated fields""], ""target_field"": ""score"", ""target_object"": ""row26""}",fc771198749f,0,0,True,505,,1.0,1.0,1.0,1.0,0.0,none
llm_agent_v4,pc_v4_27,workflow_micro,Set step27's note to checked_27; preserve every unrelated object and field.,step27,note,checked_27,unrelated object or field changes are forbidden,deepseek-v4-pro,abeb42fd5b85,"{""domain"": ""workflow_micro"", ""expected_state"": ""checked_27"", ""forbidden_side_effects"": [""do not modify unrelated objects"", ""do not modify unrelated fields""], ""target_field"": ""note"", ""target_object"": ""step27""}",abeb42fd5b85,0,1,True,1142,,1.0,1.0,1.0,1.0,0.0,none
llm_agent_v4,pc_v4_28,file,Set reports/draft_28.txt's content to approved_28; preserve every unrelated object and field.,reports/draft_28.txt,content,approved_28,unrelated object or field changes are forbidden,deepseek-v4-pro,29caa0aa4c8a,"{""domain"": ""file"", ""expected_state"": ""approved_28"", ""forbidden_side_effects"": [""do not modify unrelated objects"", ""do not modify unrelated fields""], ""target_field"": ""content"", ""target_object"": ""reports/draft_28.txt""}",2994ca6e364c,0,0,True,492,,1.0,1.0,1.0,1.0,0.0,none
llm_agent_v4,pc_v4_29,web_form,Set r29's status to approved; preserve every unrelated object and field.,r29,status,approved,unrelated object or field changes are forbidden,deepseek-v4-pro,6322c30015b5,"{""domain"": ""web_form"", ""expected_state"": ""approved"", ""forbidden_side_effects"": [""do not modify unrelated objects"", ""do not modify unrelated fields""], ""target_field"": ""status"", ""target_object"": ""r29""}",6630a0c5a987,0,0,True,402,,1.0,1.0,1.0,1.0,0.0,none
llm_agent_v4,pc_v4_30,table,Set row30's score to 80; preserve every unrelated object and field.,row30,score,80,unrelated object or field changes are forbidden,deepseek-v4-pro,5a7b3f9acd9a,"{""domain"": ""table"", ""expected_state"": ""80"", ""forbidden_side_effects"": [""do not modify unrelated objects"", ""do not modify unrelated fields""], ""target_field"": ""score"", ""target_object"": ""row30""}",5a7b3f9acd9a,0,0,True,470,,1.0,1.0,1.0,1.0,0.0,none
llm_agent_v4,pc_v4_31,workflow_micro,Set step31's note to checked_31; preserve every unrelated object and field.,step31,note,checked_31,unrelated object or field changes are forbidden,deepseek-v4-pro,dc653795f5a4,"{""domain"": ""workflow_micro"", ""expected_state"": ""checked_31"", ""forbidden_side_effects"": [""do not modify unrelated objects"", ""do not modify unrelated fields""], ""target_field"": ""note"", ""target_object"": ""step31""}",dc653795f5a4,0,0,True,492,,1.0,1.0,1.0,1.0,0.0,none
llm_agent_v4,pc_v4_32,file,Set reports/draft_32.txt's content to approved_32; preserve every unrelated object and field.,reports/draft_32.txt,content,approved_32,unrelated object or field changes are forbidden,deepseek-v4-pro,01d59b2510d1,"{""domain"": ""file"", ""expected_state"": ""approved_32"", ""forbidden_side_effects"": [""do not modify unrelated objects"", ""do not modify unrelated fields""], ""target_field"": ""content"", ""target_object"": ""reports/draft_32.txt""}",bab207860b1f,0,1,True,1049,,1.0,1.0,1.0,1.0,0.0,none
llm_agent_v4,pc_v4_33,web_form,Set r33's name to Alice_33; preserve every unrelated object and field.,r33,name,Alice_33,unrelated object or field changes are forbidden,deepseek-v4-pro,700bc0e161c6,"{""domain"": ""web_form"", ""expected_state"": ""Alice_33"", ""forbidden_side_effects"": [""do not modify unrelated objects"", ""do not modify unrelated fields""], ""target_field"": ""name"", ""target_object"": ""r33""}",d8a9547be22f,0,0,True,475,,1.0,1.0,1.0,1.0,0.0,none
llm_agent_v4,pc_v4_34,table,Set row34's score to 84; preserve every unrelated object and field.,row34,score,84,unrelated object or field changes are forbidden,deepseek-v4-pro,dd1e3b5fefad,"{""domain"": ""table"", ""expected_state"": ""84"", ""forbidden_side_effects"": [""do not modify unrelated objects"", ""do not modify unrelated fields""], ""target_field"": ""score"", ""target_object"": ""row34""}",dd1e3b5fefad,0,0,True,523,,1.0,1.0,1.0,1.0,0.0,none
llm_agent_v4,pc_v4_35,workflow_micro,Set step35's note to checked_35; preserve every unrelated object and field.,step35,note,checked_35,unrelated object or field changes are forbidden,deepseek-v4-pro,b1e4e9f6c7e0,"{""domain"": ""workflow_micro"", ""expected_state"": ""checked_35"", ""forbidden_side_effects"": [""do not modify unrelated objects"", ""do not modify unrelated fields""], ""target_field"": ""note"", ""target_object"": ""step35""}",9ca36c7076c9,0,0,True,512,,1.0,1.0,1.0,1.0,0.0,none
llm_agent_v4,pc_v4_36,file,Set reports/draft_36.txt's content to approved_36; preserve every unrelated object and field.,reports/draft_36.txt,content,approved_36,unrelated object or field changes are forbidden,deepseek-v4-pro,7c46c90a2ca3,"{""domain"": ""file"", ""expected_state"": ""approved_36"", ""forbidden_side_effects"": [""do not modify unrelated objects"", ""do not modify unrelated fields""], ""target_field"": ""content"", ""target_object"": ""reports/draft_36.txt""}",114a5e4dab7b,0,0,True,448,,1.0,1.0,1.0,1.0,0.0,none
llm_agent_v4,pc_v4_37,web_form,Set r37's status to approved; preserve every unrelated object and field.,r37,status,approved,unrelated object or field changes are forbidden,deepseek-v4-pro,0ccb3ba840ce,"{""domain"": ""web_form"", ""expected_state"": ""approved"", ""forbidden_side_effects"": [""do not modify unrelated objects"", ""do not modify unrelated fields""], ""target_field"": ""status"", ""target_object"": ""r37""}",df34428b82ea,0,0,True,476,,1.0,1.0,1.0,1.0,0.0,none
llm_agent_v4,pc_v4_38,table,Set row38's score to 88; preserve every unrelated object and field.,row38,score,88,unrelated object or field changes are forbidden,deepseek-v4-pro,0a5727d313ae,"{""domain"": ""table"", ""expected_state"": ""88"", ""forbidden_side_effects"": [""do not modify unrelated objects"", ""do not modify unrelated fields""], ""target_field"": ""score"", ""target_object"": ""row38""}",6d2d486d319d,0,0,True,427,,1.0,1.0,1.0,1.0,0.0,none
llm_agent_v4,pc_v4_39,workflow_micro,Set step39's note to checked_39; preserve every unrelated object and field.,step39,note,checked_39,unrelated object or field changes are forbidden,deepseek-v4-pro,962c410d1c10,"{""domain"": ""workflow_micro"", ""expected_state"": ""checked_39"", ""forbidden_side_effects"": [""do not modify unrelated objects"", ""do not modify unrelated fields""], ""target_field"": ""note"", ""target_object"": ""step39""}",962c410d1c10,0,0,True,437,,1.0,1.0,1.0,1.0,0.0,none
benchmark_sample,pc_v4_40,file,Set reports/draft_40.txt's content to approved_40; preserve every unrelated object and field.,reports/draft_40.txt,content,approved_40,unrelated object or field changes are forbidden,deepseek-v4-pro,4382440f18f9,"{""domain"": ""file"", ""expected_state"": ""approved_40"", ""forbidden_side_effects"": [""do not modify unrelated objects"", ""do not modify unrelated fields""], ""target_field"": ""content"", ""target_object"": ""reports/draft_40.txt""}",4382440f18f9,0,2,True,1756,,1.0,1.0,1.0,1.0,0.0,none
benchmark_sample,pc_v4_41,web_form,Set r41's status to approved; preserve every unrelated object and field.,r41,status,approved,unrelated object or field changes are forbidden,deepseek-v4-pro,0344e2d50d0b,"{""domain"": ""web_form"", ""expected_state"": ""approved"", ""forbidden_side_effects"": [""do not modify unrelated objects"", ""do not modify unrelated fields""], ""target_field"": ""status"", ""target_object"": ""r41""}",0344e2d50d0b,0,0,True,515,,1.0,1.0,1.0,1.0,0.0,none
benchmark_sample,pc_v4_42,table,Set row42's score to 82; preserve every unrelated object and field.,row42,score,82,unrelated object or field changes are forbidden,deepseek-v4-pro,cd4e53e7fa3f,"{""domain"": ""table"", ""expected_state"": ""82"", ""forbidden_side_effects"": [""do not modify unrelated objects"", ""do not modify unrelated fields""], ""target_field"": ""score"", ""target_object"": ""row42""}",d63484c5e5d3,0,0,True,436,,1.0,1.0,1.0,1.0,0.0,none
benchmark_sample,pc_v4_43,workflow_micro,Set step43's note to checked_43; preserve every unrelated object and field.,step43,note,checked_43,unrelated object or field changes are forbidden,deepseek-v4-pro,96f9b9e3c960,"{""domain"": ""workflow_micro"", ""expected_state"": ""checked_43"", ""forbidden_side_effects"": [""do not modify unrelated objects"", ""do not modify unrelated fields""], ""target_field"": ""note"", ""target_object"": ""step43""}",5c35f5a391ef,0,0,True,374,,1.0,1.0,1.0,1.0,0.0,none
benchmark_sample,pc_v4_44,file,Set reports/draft_44.txt's content to approved_44; preserve every unrelated object and field.,reports/draft_44.txt,content,approved_44,unrelated object or field changes are forbidden,deepseek-v4-pro,cc55a5c71150,"{""domain"": ""file"", ""expected_state"": ""approved_44"", ""forbidden_side_effects"": [""do not modify unrelated objects"", ""do not modify unrelated fields""], ""target_field"": ""content"", ""target_object"": ""reports/draft_44.txt""}",d6a6dedf17bb,0,0,True,444,,1.0,1.0,1.0,1.0,0.0,none
benchmark_sample,pc_v4_45,web_form,Set r45's name to Alice_45; preserve every unrelated object and field.,r45,name,Alice_45,unrelated object or field changes are forbidden,deepseek-v4-pro,6ae3d1978413,"{""domain"": ""web_form"", ""expected_state"": ""Alice_45"", ""forbidden_side_effects"": [""do not modify unrelated objects"", ""do not modify unrelated fields""], ""target_field"": ""name"", ""target_object"": ""r45""}",9af862529399,0,1,True,1167,,1.0,1.0,1.0,1.0,0.0,none
benchmark_sample,pc_v4_46,table,Set row46's score to 86; preserve every unrelated object and field.,row46,score,86,unrelated object or field changes are forbidden,deepseek-v4-pro,79a8eb53c097,"{""domain"": ""table"", ""expected_state"": ""86"", ""forbidden_side_effects"": [""do not modify unrelated objects"", ""do not modify unrelated fields""], ""target_field"": ""score"", ""target_object"": ""row46""}",79a8eb53c097,0,0,True,382,,1.0,1.0,1.0,1.0,0.0,none
benchmark_sample,pc_v4_47,workflow_micro,Set step47's note to checked_47; preserve every unrelated object and field.,step47,note,checked_47,unrelated object or field changes are forbidden,deepseek-v4-pro,d7094f26540a,"{""domain"": ""workflow_micro"", ""expected_state"": ""checked_47"", ""forbidden_side_effects"": [""do not modify unrelated objects"", ""do not modify unrelated fields""], ""target_field"": ""note"", ""target_object"": ""step47""}",d7094f26540a,0,0,True,415,,1.0,1.0,1.0,1.0,0.0,none
benchmark_sample,pc_v4_48,file,Set reports/draft_48.txt's content to approved_48; preserve every unrelated object and field.,reports/draft_48.txt,content,approved_48,unrelated object or field changes are forbidden,deepseek-v4-pro,3b906075a6f8,"{""domain"": ""file"", ""expected_state"": ""approved_48"", ""forbidden_side_effects"": [""do not modify unrelated objects"", ""do not modify unrelated fields""], ""target_field"": ""content"", ""target_object"": ""reports/draft_48.txt""}",a6e43100061d,0,0,True,488,,1.0,1.0,1.0,1.0,0.0,none
benchmark_sample,pc_v4_49,web_form,Set r49's status to approved; preserve every unrelated object and field.,r49,status,approved,unrelated object or field changes are forbidden,deepseek-v4-pro,f82be7a20d8c,"{""domain"": ""web_form"", ""expected_state"": ""approved"", ""forbidden_side_effects"": [""do not modify unrelated objects"", ""do not modify unrelated fields""], ""target_field"": ""status"", ""target_object"": ""r49""}",fbbcfd653fd4,0,0,True,439,,1.0,1.0,1.0,1.0,0.0,none
benchmark_sample,pc_v4_50,table,Set row50's score to 80; preserve every unrelated object and field.,row50,score,80,unrelated object or field changes are forbidden,deepseek-v4-pro,ce93d58c068e,"{""domain"": ""table"", ""expected_state"": ""80"", ""forbidden_side_effects"": [""do not modify unrelated objects"", ""do not modify unrelated fields""], ""target_field"": ""score"", ""target_object"": ""row50""}",0f64123e3c01,0,0,True,407,,1.0,1.0,1.0,1.0,0.0,none
benchmark_sample,pc_v4_51,workflow_micro,Set step51's note to checked_51; preserve every unrelated object and field.,step51,note,checked_51,unrelated object or field changes are forbidden,deepseek-v4-pro,6089ac9b050c,"{""domain"": ""workflow_micro"", ""expected_state"": ""checked_51"", ""forbidden_side_effects"": [""do not modify unrelated objects"", ""do not modify unrelated fields""], ""target_field"": ""note"", ""target_object"": ""step51""}",8dd8cb6e39d6,0,1,True,976,,1.0,1.0,1.0,1.0,0.0,none
benchmark_sample,pc_v4_52,file,Set reports/draft_52.txt's content to approved_52; preserve every unrelated object and field.,reports/draft_52.txt,content,approved_52,unrelated object or field changes are forbidden,deepseek-v4-pro,5b6cc87e04a8,"{""domain"": ""file"", ""expected_state"": ""approved_52"", ""forbidden_side_effects"": [""do not modify unrelated objects"", ""do not modify unrelated fields""], ""target_field"": ""content"", ""target_object"": ""reports/draft_52.txt""}",83c85a4b118f,0,0,True,473,,1.0,1.0,1.0,1.0,0.0,none
benchmark_sample,pc_v4_53,web_form,Set r53's status to approved; preserve every unrelated object and field.,r53,status,approved,unrelated object or field changes are forbidden,deepseek-v4-pro,0e43426b1581,"{""domain"": ""web_form"", ""expected_state"": ""approved"", ""forbidden_side_effects"": [""do not modify unrelated objects"", ""do not modify unrelated fields""], ""target_field"": ""status"", ""target_object"": ""r53""}",5b606fbf2c99,0,0,True,387,,1.0,1.0,1.0,1.0,0.0,none
benchmark_sample,pc_v4_54,table,Set row54's score to 84; preserve every unrelated object and field.,row54,score,84,unrelated object or field changes are forbidden,deepseek-v4-pro,940be8d8cee0,"{""domain"": ""table"", ""expected_state"": ""84"", ""forbidden_side_effects"": [""do not modify unrelated objects"", ""do not modify unrelated fields""], ""target_field"": ""score"", ""target_object"": ""row54""}",1d4efdc2fdfc,0,0,True,474,,1.0,1.0,1.0,1.0,0.0,none
benchmark_sample,pc_v4_55,workflow_micro,Set step55's note to checked_55; preserve every unrelated object and field.,step55,note,checked_55,unrelated object or field changes are forbidden,deepseek-v4-pro,b790143dfefc,"{""domain"": ""workflow_micro"", ""expected_state"": ""checked_55"", ""forbidden_side_effects"": [""do not modify unrelated objects"", ""do not modify unrelated fields""], ""target_field"": ""note"", ""target_object"": ""step55""}",6604e11f17f6,0,1,True,1111,,1.0,1.0,1.0,1.0,0.0,none
benchmark_sample,pc_v4_56,file,Set reports/draft_56.txt's content to approved_56; preserve every unrelated object and field.,reports/draft_56.txt,content,approved_56,unrelated object or field changes are forbidden,deepseek-v4-pro,941daf412bca,"{""domain"": ""file"", ""expected_state"": ""approved_56"", ""forbidden_side_effects"": [""do not modify unrelated objects"", ""do not modify unrelated fields""], ""target_field"": ""content"", ""target_object"": ""reports/draft_56.txt""}",8b6f5f683020,0,0,True,512,,1.0,1.0,1.0,1.0,0.0,none
benchmark_sample,pc_v4_57,web_form,Set r57's name to Alice_57; preserve every unrelated object and field.,r57,name,Alice_57,unrelated object or field changes are forbidden,deepseek-v4-pro,045519735567,"{""domain"": ""web_form"", ""expected_state"": ""Alice_57"", ""forbidden_side_effects"": [""do not modify unrelated objects"", ""do not modify unrelated fields""], ""target_field"": ""name"", ""target_object"": ""r57""}",045519735567,0,0,True,498,,1.0,1.0,1.0,1.0,0.0,none
benchmark_sample,pc_v4_58,table,Set row58's score to 88; preserve every unrelated object and field.,row58,score,88,unrelated object or field changes are forbidden,deepseek-v4-pro,19aa126abf23,"{""domain"": ""table"", ""expected_state"": ""88"", ""forbidden_side_effects"": [""do not modify unrelated objects"", ""do not modify unrelated fields""], ""target_field"": ""score"", ""target_object"": ""row58""}",19aa126abf23,0,0,True,336,,1.0,1.0,1.0,1.0,0.0,none
benchmark_sample,pc_v4_59,workflow_micro,Set step59's note to checked_59; preserve every unrelated object and field.,step59,note,checked_59,unrelated object or field changes are forbidden,deepseek-v4-pro,a21db318b74f,"{""domain"": ""workflow_micro"", ""expected_state"": ""checked_59"", ""forbidden_side_effects"": [""do not modify unrelated objects"", ""do not modify unrelated fields""], ""target_field"": ""note"", ""target_object"": ""step59""}",b736273ade18,0,0,True,480,,1.0,1.0,1.0,1.0,0.0,none
benchmark_sample,pc_v4_60,file,Set reports/draft_60.txt's content to approved_60; preserve every unrelated object and field.,reports/draft_60.txt,content,approved_60,unrelated object or field changes are forbidden,deepseek-v4-pro,a8be4b918710,"{""domain"": ""file"", ""expected_state"": ""approved_60"", ""forbidden_side_effects"": [""do not modify unrelated objects"", ""do not modify unrelated fields""], ""target_field"": ""content"", ""target_object"": ""reports/draft_60.txt""}",a4b144c115cb,0,0,True,570,,1.0,1.0,1.0,1.0,0.0,none
benchmark_sample,pc_v4_61,web_form,Set r61's status to approved; preserve every unrelated object and field.,r61,status,approved,unrelated object or field changes are forbidden,deepseek-v4-pro,fa7c9f7ed432,"{""domain"": ""web_form"", ""expected_state"": ""approved"", ""forbidden_side_effects"": [""do not modify unrelated objects"", ""do not modify unrelated fields""], ""target_field"": ""status"", ""target_object"": ""r61""}",fa7c9f7ed432,0,0,True,490,,1.0,1.0,1.0,1.0,0.0,none
benchmark_sample,pc_v4_62,table,Set row62's score to 82; preserve every unrelated object and field.,row62,score,82,unrelated object or field changes are forbidden,deepseek-v4-pro,69f0348c9882,"{""domain"": ""table"", ""expected_state"": ""82"", ""forbidden_side_effects"": [""do not modify unrelated objects"", ""do not modify unrelated fields""], ""target_field"": ""score"", ""target_object"": ""row62""}",69f0348c9882,0,0,True,406,,1.0,1.0,1.0,1.0,0.0,none
benchmark_sample,pc_v4_63,workflow_micro,Set step63's note to checked_63; preserve every unrelated object and field.,step63,note,checked_63,unrelated object or field changes are forbidden,deepseek-v4-pro,86a15a587190,"{""domain"": ""workflow_micro"", ""expected_state"": ""checked_63"", ""forbidden_side_effects"": [""do not modify unrelated objects"", ""do not modify unrelated fields""], ""target_field"": ""note"", ""target_object"": ""step63""}",d3b1db8114f1,0,1,True,1029,,1.0,1.0,1.0,1.0,0.0,none
benchmark_sample,pc_v4_64,file,Set reports/draft_64.txt's content to approved_64; preserve every unrelated object and field.,reports/draft_64.txt,content,approved_64,unrelated object or field changes are forbidden,deepseek-v4-pro,c039b903f2b6,"{""domain"": ""file"", ""expected_state"": ""approved_64"", ""forbidden_side_effects"": [""do not modify unrelated objects"", ""do not modify unrelated fields""], ""target_field"": ""content"", ""target_object"": ""reports/draft_64.txt""}",c039b903f2b6,0,0,True,444,,1.0,1.0,1.0,1.0,0.0,none
benchmark_sample,pc_v4_65,web_form,Set r65's status to approved; preserve every unrelated object and field.,r65,status,approved,unrelated object or field changes are forbidden,deepseek-v4-pro,2da71bfbf993,"{""domain"": ""web_form"", ""expected_state"": ""approved"", ""forbidden_side_effects"": [""do not modify unrelated objects"", ""do not modify unrelated fields""], ""target_field"": ""status"", ""target_object"": ""r65""}",8c90fa5c654d,0,0,True,553,,1.0,1.0,1.0,1.0,0.0,none
benchmark_sample,pc_v4_66,table,Set row66's score to 86; preserve every unrelated object and field.,row66,score,86,unrelated object or field changes are forbidden,deepseek-v4-pro,01b1f69b668c,"{""domain"": ""table"", ""expected_state"": ""86"", ""forbidden_side_effects"": [""do not modify unrelated objects"", ""do not modify unrelated fields""], ""target_field"": ""score"", ""target_object"": ""row66""}",a437711df628,0,0,True,497,,1.0,1.0,1.0,1.0,0.0,none
benchmark_sample,pc_v4_67,workflow_micro,Set step67's note to checked_67; preserve every unrelated object and field.,step67,note,checked_67,unrelated object or field changes are forbidden,deepseek-v4-pro,a6d1356c5000,"{""domain"": ""workflow_micro"", ""expected_state"": ""checked_67"", ""forbidden_side_effects"": [""do not modify unrelated objects"", ""do not modify unrelated fields""], ""target_field"": ""note"", ""target_object"": ""step67""}",e1122e990826,0,0,True,426,,1.0,1.0,1.0,1.0,0.0,none
benchmark_sample,pc_v4_68,file,Set reports/draft_68.txt's content to approved_68; preserve every unrelated object and field.,reports/draft_68.txt,content,approved_68,unrelated object or field changes are forbidden,deepseek-v4-pro,66dc89184781,"{""domain"": ""file"", ""expected_state"": ""approved_68"", ""forbidden_side_effects"": [""do not modify unrelated objects"", ""do not modify unrelated fields""], ""target_field"": ""content"", ""target_object"": ""reports/draft_68.txt""}",830f35740456,0,1,True,1103,,1.0,1.0,1.0,1.0,0.0,none
benchmark_sample,pc_v4_69,web_form,Set r69's name to Alice_69; preserve every unrelated object and field.,r69,name,Alice_69,unrelated object or field changes are forbidden,deepseek-v4-pro,739720b78308,"{""domain"": ""web_form"", ""expected_state"": ""Alice_69"", ""forbidden_side_effects"": [""do not modify unrelated objects"", ""do not modify unrelated fields""], ""target_field"": ""name"", ""target_object"": ""r69""}",739720b78308,0,0,True,461,,1.0,1.0,1.0,1.0,0.0,none
benchmark_sample,pc_v4_70,table,Set row70's score to 80; preserve every unrelated object and field.,row70,score,80,unrelated object or field changes are forbidden,deepseek-v4-pro,ce027c13043f,"{""domain"": ""table"", ""expected_state"": ""80"", ""forbidden_side_effects"": [""do not modify unrelated objects"", ""do not modify unrelated fields""], ""target_field"": ""score"", ""target_object"": ""row70""}",32d1f5ffbdbe,0,0,True,522,,1.0,1.0,1.0,1.0,0.0,none
benchmark_sample,pc_v4_71,workflow_micro,Set step71's note to checked_71; preserve every unrelated object and field.,step71,note,checked_71,unrelated object or field changes are forbidden,deepseek-v4-pro,b19cd43db524,"{""domain"": ""workflow_micro"", ""expected_state"": ""checked_71"", ""forbidden_side_effects"": [""do not modify unrelated objects"", ""do not modify unrelated fields""], ""target_field"": ""note"", ""target_object"": ""step71""}",4d63f8cc825b,0,0,True,466,,1.0,1.0,1.0,1.0,0.0,none
benchmark_sample,pc_v4_72,file,Set reports/draft_72.txt's content to approved_72; preserve every unrelated object and field.,reports/draft_72.txt,content,approved_72,unrelated object or field changes are forbidden,deepseek-v4-pro,918d92d42120,"{""domain"": ""file"", ""expected_state"": ""approved_72"", ""forbidden_side_effects"": [""do not modify unrelated objects"", ""do not modify unrelated fields""], ""target_field"": ""content"", ""target_object"": ""reports/draft_72.txt""}",db821fc43af0,0,0,True,409,,1.0,1.0,1.0,1.0,0.0,none
benchmark_sample,pc_v4_73,web_form,Set r73's status to approved; preserve every unrelated object and field.,r73,status,approved,unrelated object or field changes are forbidden,deepseek-v4-pro,e5b9d25b5bf8,"{""domain"": ""web_form"", ""expected_state"": ""approved"", ""forbidden_side_effects"": [""do not modify unrelated objects"", ""do not modify unrelated fields""], ""target_field"": ""status"", ""target_object"": ""r73""}",81689f00420e,0,0,True,429,,1.0,1.0,1.0,1.0,0.0,none
benchmark_sample,pc_v4_74,table,Set row74's score to 84; preserve every unrelated object and field.,row74,score,84,unrelated object or field changes are forbidden,deepseek-v4-pro,5409c77c1a42,"{""domain"": ""table"", ""expected_state"": ""84"", ""forbidden_side_effects"": [""do not modify unrelated objects"", ""do not modify unrelated fields""], ""target_field"": ""score"", ""target_object"": ""row74""}",d522a13de391,0,0,True,422,,1.0,1.0,1.0,1.0,0.0,none
benchmark_sample,pc_v4_75,workflow_micro,Set step75's note to checked_75; preserve every unrelated object and field.,step75,note,checked_75,unrelated object or field changes are forbidden,deepseek-v4-pro,da423398f947,"{""domain"": ""workflow_micro"", ""expected_state"": ""checked_75"", ""forbidden_side_effects"": [""do not modify unrelated objects"", ""do not modify unrelated fields""], ""target_field"": ""note"", ""target_object"": ""step75""}",ac95f2c79d37,0,0,True,473,,1.0,1.0,1.0,1.0,0.0,none
benchmark_sample,pc_v4_76,file,Set reports/draft_76.txt's content to approved_76; preserve every unrelated object and field.,reports/draft_76.txt,content,approved_76,unrelated object or field changes are forbidden,deepseek-v4-pro,2818263c18fb,"{""domain"": ""file"", ""expected_state"": ""approved_76"", ""forbidden_side_effects"": [""do not modify unrelated objects"", ""do not modify unrelated fields""], ""target_field"": ""content"", ""target_object"": ""reports/draft_76.txt""}",1f13b8819acb,0,0,True,436,,1.0,1.0,1.0,1.0,0.0,none
benchmark_sample,pc_v4_77,web_form,Set r77's status to approved; preserve every unrelated object and field.,r77,status,approved,unrelated object or field changes are forbidden,deepseek-v4-pro,dc0b06bf7f52,"{""domain"": ""web_form"", ""expected_state"": ""approved"", ""forbidden_side_effects"": [""do not modify unrelated objects"", ""do not modify unrelated fields""], ""target_field"": ""status"", ""target_object"": ""r77""}",dc0b06bf7f52,0,1,True,1077,,1.0,1.0,1.0,1.0,0.0,none
benchmark_sample,pc_v4_78,table,Set row78's score to 88; preserve every unrelated object and field.,row78,score,88,unrelated object or field changes are forbidden,deepseek-v4-pro,f6bacba553af,"{""domain"": ""table"", ""expected_state"": ""88"", ""forbidden_side_effects"": [""do not modify unrelated objects"", ""do not modify unrelated fields""], ""target_field"": ""score"", ""target_object"": ""row78""}",cd015aad99ea,0,0,True,552,,1.0,1.0,1.0,1.0,0.0,none
benchmark_sample,pc_v4_79,workflow_micro,Set step79's note to checked_79; preserve every unrelated object and field.,step79,note,checked_79,unrelated object or field changes are forbidden,deepseek-v4-pro,3dde3840bcb4,"{""domain"": ""workflow_micro"", ""expected_state"": ""checked_79"", ""forbidden_side_effects"": [""do not modify unrelated objects"", ""do not modify unrelated fields""], ""target_field"": ""note"", ""target_object"": ""step79""}",3dde3840bcb4,0,0,True,520,,1.0,1.0,1.0,1.0,0.0,none
