metric,value,n,ci_lower,ci_upper,notes
reviewer_a_rows,240,240,,,{'接受审校结论': 240}
reviewer_b_rows,240,240,,,"{'接受审校结论': 192, '保留原标签': 40, '不确定': 8}"
decision_exact_agreement,0.800000,240,,,four-category review decision
decision_cohen_kappa,0.000000,240,,,Reviewer A used one decision category; interpret with marginal imbalance
binary_meaning_coverage,0.966667,240,,,jointly determinate rows
binary_meaning_exact_agreement,0.827586,232,0.790598,0.865801,"task-cluster bootstrap, 10000 replicates"
binary_meaning_cohen_kappa,0.658824,232,0.595168,0.728349,"task-cluster bootstrap, 10000 replicates"
target_object_exact_agreement,1.000000,240,1.000000,1.000000,normalized exact match
target_field_exact_agreement,1.000000,240,1.000000,1.000000,normalized exact match
expected_state_exact_agreement,1.000000,240,1.000000,1.000000,normalized exact match
forbidden_effects_exact_agreement,1.000000,240,1.000000,1.000000,normalized JSON-set exact match
adjudicated_meaning_positive,80,240,,,pronoun-coreference variants
adjudicated_meaning_negative,160,240,,,conditional and elliptical variants
reviewer_agreement_rows,192,240,,,no rule adjudication needed
rule_adjudicated_disagreement_rows,40,240,,,conditional existence precondition
rule_adjudicated_uncertain_rows,8,240,,,elliptical scope uncertainty
