paraphrase_id,task_id,domain,linguistic_phenomenon,reviewer_a_decision,reviewer_b_decision,decision_match,reviewer_a_preserves_meaning,reviewer_b_preserves_meaning,binary_comparable,binary_match,target_object_match,target_field_match,expected_state_match,forbidden_effects_match,reviewer_a_note,reviewer_b_note,adjudicated_preserves_meaning,adjudication_status,adjudication_basis
pc_v4_00_p1,pc_v4_00,file,pronoun_coreference,接受审校结论,接受审校结论,1,1,1,1,1,1,1,1,1,“leave everything else untouched”对应原句对所有无关对象和字段的保护，标签无须调整。（核对对象：reports/draft_0.txt；字段：content）,its 指向刚刚打开的唯一对象，目标和保护范围都一致，同意 AI 结论。（reports/draft_0.txt.content）,1,reviewer_agreement,Both reviewers recorded the same final decision.
pc_v4_00_p2,pc_v4_00,file,conditional_negative_constraint,接受审校结论,接受审校结论,1,0,0,1,1,1,1,1,1,两句在目标存在时结果一致，但在目标缺失时义务不同。终审按严格等价标准处理，接受改判。（核对对象：reports/draft_0.txt；字段：content）,目标存在时两句一致，但目标缺失时义务不同；这一差异足以将语义保持标为0。（对象：reports/draft_0.txt）,0,reviewer_agreement,Both reviewers recorded the same final decision.
pc_v4_00_p3,pc_v4_00,file,ellipsis_multi_object_preservation,接受审校结论,接受审校结论,1,0,0,1,1,1,1,1,1,省略式改写保留了目标更新，但把全局禁止副作用约束收窄为两个具名对象，接受改判。（核对对象：reports/draft_0.txt；字段：content）,该改写存在明显的保护范围收缩，结构化目标标签正确，但语义保持应为0。（对象：reports/draft_0.txt；字段：content）,0,reviewer_agreement,Both reviewers recorded the same final decision.
pc_v4_01_p1,pc_v4_01,web_form,pronoun_coreference,接受审校结论,接受审校结论,1,1,1,1,1,1,1,1,1,指代链短且明确，执行结果与原指令一致。结构化标签也与文本相符。（核对对象：r01；字段：status）,这一项只是自然语言改写，目标、字段、值和副作用约束均未变化。（r01.status）,1,reviewer_agreement,Both reviewers recorded the same final decision.
pc_v4_01_p2,pc_v4_01,web_form,conditional_negative_constraint,接受审校结论,接受审校结论,1,0,0,1,1,1,1,1,1,改写对执行设置了存在性门槛，原句没有该限制，因此保留语义保持=0的审校意见。（核对对象：r01；字段：status）,这里的 if-present 会改变缺失目标时的行为，不能仅凭常规数据假设忽略，接受审校结论。（对象：r01）,0,reviewer_agreement,Both reviewers recorded the same final decision.
pc_v4_01_p3,pc_v4_01,web_form,ellipsis_multi_object_preservation,接受审校结论,接受审校结论,1,0,0,1,1,1,1,1,1,原指令的保护范围是开放集合，改写仅覆盖两个列举项。二者约束强度不同，应标为不等价。（核对对象：r01；字段：status）,目标更新正确，但副作用约束只覆盖有限对象，语义不完整，接受 AI 结论。（对象：r01；字段：status）,0,reviewer_agreement,Both reviewers recorded the same final decision.
pc_v4_02_p1,pc_v4_02,table,pronoun_coreference,接受审校结论,接受审校结论,1,1,1,1,1,1,1,1,1,指代关系清楚，没有目标漂移；目标值和禁止副作用范围与原句一致，同意通过。（核对对象：row02；字段：score）,its 指向刚刚打开的唯一对象，目标和保护范围都一致，同意 AI 结论。（row02.score）,1,reviewer_agreement,Both reviewers recorded the same final decision.
pc_v4_02_p2,pc_v4_02,table,conditional_negative_constraint,接受审校结论,保留原标签,0,0,1,1,0,1,1,1,1,原指令要求直接修改，改写增加 if-present 分支，执行条件发生变化。按句面语义应标为不保持。（核对对象：row02；字段：score）,在封闭工作流中目标对象不存在的分支不可达，因此条件化不改变可观察结果；此项保留原语义保持=1。（对象：row02）,0,rule_adjudicated_disagreement,"Protocol rule 4: the conditional adds an existence precondition absent from the base instruction, so strict instruction-level meaning is not preserved."
pc_v4_02_p3,pc_v4_02,table,ellipsis_multi_object_preservation,接受审校结论,接受审校结论,1,0,0,1,1,1,1,1,1,目标对象、字段和期望值没有问题；问题在于副作用保护由全局约束变成有限列举，因此同意语义保持=0。（核对对象：row02；字段：score）,只点名两个对象不变，未覆盖“所有无关对象和字段”，保护范围变窄，接受审校。（对象：row02；字段：score）,0,reviewer_agreement,Both reviewers recorded the same final decision.
pc_v4_03_p1,pc_v4_03,workflow_micro,pronoun_coreference,接受审校结论,接受审校结论,1,1,1,1,1,1,1,1,1,改写仅改变表述方式，目标对象、字段、期望状态和全局保护范围均一致，接受审校结论。（核对对象：step03；字段：note）,代词解析唯一，且其余状态不变的要求完整保留，可判为语义保持。（step03.note）,1,reviewer_agreement,Both reviewers recorded the same final decision.
pc_v4_03_p2,pc_v4_03,workflow_micro,conditional_negative_constraint,接受审校结论,保留原标签,0,0,1,1,0,1,1,1,1,条件句引入额外前提，不能只依据常见执行环境忽略该差异。AI 的语义判断和结构化标签均合理。（核对对象：step03；字段：note）,按开放文本解释确有条件差异，但在当前 bounded task 中目标实体预设存在。我采用操作语义，保留原判定。（对象：step03）,0,rule_adjudicated_disagreement,"Protocol rule 4: the conditional adds an existence precondition absent from the base instruction, so strict instruction-level meaning is not preserved."
pc_v4_03_p3,pc_v4_03,workflow_micro,ellipsis_multi_object_preservation,接受审校结论,接受审校结论,1,0,0,1,1,1,1,1,1,具名 peer 的不变约束不足以覆盖所有其他对象及字段，不能视为原句的完整改写。（核对对象：step03；字段：note）,原句要求最小改动到所有无关状态，改写只保护两个具名项，二者不等价。（对象：step03；字段：note）,0,reviewer_agreement,Both reviewers recorded the same final decision.
pc_v4_04_p1,pc_v4_04,file,pronoun_coreference,接受审校结论,接受审校结论,1,1,1,1,1,1,1,1,1,指代关系清楚，没有目标漂移；目标值和禁止副作用范围与原句一致，同意通过。（核对对象：reports/draft_4.txt；字段：content）,指代链明确，未发现保护范围缩小或目标漂移，接受通过。（reports/draft_4.txt.content）,1,reviewer_agreement,Both reviewers recorded the same final decision.
pc_v4_04_p2,pc_v4_04,file,conditional_negative_constraint,接受审校结论,接受审校结论,1,0,0,1,1,1,1,1,1,两句在目标存在时结果一致，但在目标缺失时义务不同。终审按严格等价标准处理，接受改判。（核对对象：reports/draft_4.txt；字段：content）,改写把直接更新变成有条件更新，缺失情形下结果不同，接受审校判断。（对象：reports/draft_4.txt）,0,reviewer_agreement,Both reviewers recorded the same final decision.
pc_v4_04_p3,pc_v4_04,file,ellipsis_multi_object_preservation,接受审校结论,接受审校结论,1,0,0,1,1,1,1,1,1,省略式改写保留了目标更新，但把全局禁止副作用约束收窄为两个具名对象，接受改判。（核对对象：reports/draft_4.txt；字段：content）,只点名两个对象不变，未覆盖“所有无关对象和字段”，保护范围变窄，接受审校。（对象：reports/draft_4.txt；字段：content）,0,reviewer_agreement,Both reviewers recorded the same final decision.
pc_v4_05_p1,pc_v4_05,web_form,pronoun_coreference,接受审校结论,接受审校结论,1,1,1,1,1,1,1,1,1,先打开目标对象再用 its 指回该对象，指代无歧义；其余状态不变的要求也得到保留。（核对对象：r05；字段：status）,没有歧义，也没有新增条件；执行结果与原句相同，接受审校。（r05.status）,1,reviewer_agreement,Both reviewers recorded the same final decision.
pc_v4_05_p2,pc_v4_05,web_form,conditional_negative_constraint,接受审校结论,接受审校结论,1,0,0,1,1,1,1,1,1,改写对执行设置了存在性门槛，原句没有该限制，因此保留语义保持=0的审校意见。（核对对象：r05；字段：status）,目标存在时两句一致，但目标缺失时义务不同；这一差异足以将语义保持标为0。（对象：r05）,0,reviewer_agreement,Both reviewers recorded the same final decision.
pc_v4_05_p3,pc_v4_05,web_form,ellipsis_multi_object_preservation,接受审校结论,接受审校结论,1,0,0,1,1,1,1,1,1,原指令的保护范围是开放集合，改写仅覆盖两个列举项。二者约束强度不同，应标为不等价。（核对对象：r05；字段：status）,该改写存在明显的保护范围收缩，结构化目标标签正确，但语义保持应为0。（对象：r05；字段：status）,0,reviewer_agreement,Both reviewers recorded the same final decision.
pc_v4_06_p1,pc_v4_06,table,pronoun_coreference,接受审校结论,接受审校结论,1,1,1,1,1,1,1,1,1,“leave everything else untouched”对应原句对所有无关对象和字段的保护，标签无须调整。（核对对象：row06；字段：score）,指代链明确，未发现保护范围缩小或目标漂移，接受通过。（row06.score）,1,reviewer_agreement,Both reviewers recorded the same final decision.
pc_v4_06_p2,pc_v4_06,table,conditional_negative_constraint,接受审校结论,保留原标签,0,0,1,1,0,1,1,1,1,原指令要求直接修改，改写增加 if-present 分支，执行条件发生变化。按句面语义应标为不保持。（核对对象：row06；字段：score）,这里的目标是已给定的表格行/流程步骤，存在性属于任务前置条件；条件句未改变本实例的预期状态，保留原标签。（对象：row06）,0,rule_adjudicated_disagreement,"Protocol rule 4: the conditional adds an existence precondition absent from the base instruction, so strict instruction-level meaning is not preserved."
pc_v4_06_p3,pc_v4_06,table,ellipsis_multi_object_preservation,接受审校结论,接受审校结论,1,0,0,1,1,1,1,1,1,目标对象、字段和期望值没有问题；问题在于副作用保护由全局约束变成有限列举，因此同意语义保持=0。（核对对象：row06；字段：score）,目标更新正确，但副作用约束只覆盖有限对象，语义不完整，接受 AI 结论。（对象：row06；字段：score）,0,reviewer_agreement,Both reviewers recorded the same final decision.
pc_v4_07_p1,pc_v4_07,workflow_micro,pronoun_coreference,接受审校结论,接受审校结论,1,1,1,1,1,1,1,1,1,未发现语义增删：目标更新保持不变，副作用约束完整，接受 AI 的通过结论。（核对对象：step07；字段：note）,its 指向刚刚打开的唯一对象，目标和保护范围都一致，同意 AI 结论。（step07.note）,1,reviewer_agreement,Both reviewers recorded the same final decision.
pc_v4_07_p2,pc_v4_07,workflow_micro,conditional_negative_constraint,接受审校结论,保留原标签,0,0,1,1,0,1,1,1,1,条件句引入额外前提，不能只依据常见执行环境忽略该差异。AI 的语义判断和结构化标签均合理。（核对对象：step07；字段：note）,我按数据集场景而非纯句面逻辑判断：目标步骤/行是既定对象，条件不会实际改变执行，保留原标签。（对象：step07）,0,rule_adjudicated_disagreement,"Protocol rule 4: the conditional adds an existence precondition absent from the base instruction, so strict instruction-level meaning is not preserved."
pc_v4_07_p3,pc_v4_07,workflow_micro,ellipsis_multi_object_preservation,接受审校结论,接受审校结论,1,0,0,1,1,1,1,1,1,具名 peer 的不变约束不足以覆盖所有其他对象及字段，不能视为原句的完整改写。（核对对象：step07；字段：note）,省略表达没有保留全部禁止副作用条件，因此接受审校意见。（对象：step07；字段：note）,0,reviewer_agreement,Both reviewers recorded the same final decision.
pc_v4_08_p1,pc_v4_08,file,pronoun_coreference,接受审校结论,接受审校结论,1,1,1,1,1,1,1,1,1,“leave everything else untouched”对应原句对所有无关对象和字段的保护，标签无须调整。（核对对象：reports/draft_8.txt；字段：content）,代词解析唯一，且其余状态不变的要求完整保留，可判为语义保持。（reports/draft_8.txt.content）,1,reviewer_agreement,Both reviewers recorded the same final decision.
pc_v4_08_p2,pc_v4_08,file,conditional_negative_constraint,接受审校结论,接受审校结论,1,0,0,1,1,1,1,1,1,两句在目标存在时结果一致，但在目标缺失时义务不同。终审按严格等价标准处理，接受改判。（核对对象：reports/draft_8.txt；字段：content）,这里的 if-present 会改变缺失目标时的行为，不能仅凭常规数据假设忽略，接受审校结论。（对象：reports/draft_8.txt）,0,reviewer_agreement,Both reviewers recorded the same final decision.
pc_v4_08_p3,pc_v4_08,file,ellipsis_multi_object_preservation,接受审校结论,接受审校结论,1,0,0,1,1,1,1,1,1,省略式改写保留了目标更新，但把全局禁止副作用约束收窄为两个具名对象，接受改判。（核对对象：reports/draft_8.txt；字段：content）,目标更新正确，但副作用约束只覆盖有限对象，语义不完整，接受 AI 结论。（对象：reports/draft_8.txt；字段：content）,0,reviewer_agreement,Both reviewers recorded the same final decision.
pc_v4_09_p1,pc_v4_09,web_form,pronoun_coreference,接受审校结论,接受审校结论,1,1,1,1,1,1,1,1,1,指代链短且明确，执行结果与原指令一致。结构化标签也与文本相符。（核对对象：r09；字段：name）,指代清楚，“everything else untouched”也保住了全局约束，没有语义偏移，接受通过。（r09.name）,1,reviewer_agreement,Both reviewers recorded the same final decision.
pc_v4_09_p2,pc_v4_09,web_form,conditional_negative_constraint,接受审校结论,接受审校结论,1,0,0,1,1,1,1,1,1,改写对执行设置了存在性门槛，原句没有该限制，因此保留语义保持=0的审校意见。（核对对象：r09；字段：name）,改写把直接更新变成有条件更新，缺失情形下结果不同，接受审校判断。（对象：r09）,0,reviewer_agreement,Both reviewers recorded the same final decision.
pc_v4_09_p3,pc_v4_09,web_form,ellipsis_multi_object_preservation,接受审校结论,不确定,0,0,,0,0,1,1,1,1,列举两个对象不能等同于“every unrelated object and field”；目标对象的其他字段也未被明确保护，语义不完全保持。（核对对象：r09；字段：name）,文本表面上保护范围较窄；但若该实例除目标外确实只有这两个 peer，执行结果可能等价。缺少完整状态清单，暂记不确定。（对象：r09；字段：name）,0,rule_adjudicated_uncertain,"Protocol rule 4: two named peers are not textually proven to exhaust every unrelated object and field, so the global preservation constraint is narrowed."
pc_v4_10_p1,pc_v4_10,table,pronoun_coreference,接受审校结论,接受审校结论,1,1,1,1,1,1,1,1,1,指代关系清楚，没有目标漂移；目标值和禁止副作用范围与原句一致，同意通过。（核对对象：row10；字段：score）,代词解析唯一，且其余状态不变的要求完整保留，可判为语义保持。（row10.score）,1,reviewer_agreement,Both reviewers recorded the same final decision.
pc_v4_10_p2,pc_v4_10,table,conditional_negative_constraint,接受审校结论,保留原标签,0,0,1,1,0,1,1,1,1,原指令要求直接修改，改写增加 if-present 分支，执行条件发生变化。按句面语义应标为不保持。（核对对象：row10；字段：score）,row/step 的存在由任务实例本身提供，“if present”只是冗余说明。就本数据集执行语义而言，我认为仍可视为等价。（对象：row10）,0,rule_adjudicated_disagreement,"Protocol rule 4: the conditional adds an existence precondition absent from the base instruction, so strict instruction-level meaning is not preserved."
pc_v4_10_p3,pc_v4_10,table,ellipsis_multi_object_preservation,接受审校结论,接受审校结论,1,0,0,1,1,1,1,1,1,目标对象、字段和期望值没有问题；问题在于副作用保护由全局约束变成有限列举，因此同意语义保持=0。（核对对象：row10；字段：score）,该改写存在明显的保护范围收缩，结构化目标标签正确，但语义保持应为0。（对象：row10；字段：score）,0,reviewer_agreement,Both reviewers recorded the same final decision.
pc_v4_11_p1,pc_v4_11,workflow_micro,pronoun_coreference,接受审校结论,接受审校结论,1,1,1,1,1,1,1,1,1,改写仅改变表述方式，目标对象、字段、期望状态和全局保护范围均一致，接受审校结论。（核对对象：step11；字段：note）,指代链明确，未发现保护范围缩小或目标漂移，接受通过。（step11.note）,1,reviewer_agreement,Both reviewers recorded the same final decision.
pc_v4_11_p2,pc_v4_11,workflow_micro,conditional_negative_constraint,接受审校结论,保留原标签,0,0,1,1,0,1,1,1,1,条件句引入额外前提，不能只依据常见执行环境忽略该差异。AI 的语义判断和结构化标签均合理。（核对对象：step11；字段：note）,在该封闭任务语境中，row/step 已由任务标识并默认存在。我把“if present”视为显式化执行前提，倾向保留原语义标签。（对象：step11）,0,rule_adjudicated_disagreement,"Protocol rule 4: the conditional adds an existence precondition absent from the base instruction, so strict instruction-level meaning is not preserved."
pc_v4_11_p3,pc_v4_11,workflow_micro,ellipsis_multi_object_preservation,接受审校结论,接受审校结论,1,0,0,1,1,1,1,1,1,具名 peer 的不变约束不足以覆盖所有其他对象及字段，不能视为原句的完整改写。（核对对象：step11；字段：note）,列举 peer 不能替代全局保护约束，尤其没有明确保护目标对象的其他字段，同意改判。（对象：step11；字段：note）,0,reviewer_agreement,Both reviewers recorded the same final decision.
pc_v4_12_p1,pc_v4_12,file,pronoun_coreference,接受审校结论,接受审校结论,1,1,1,1,1,1,1,1,1,先打开目标对象再用 its 指回该对象，指代无歧义；其余状态不变的要求也得到保留。（核对对象：reports/draft_12.txt；字段：content）,没有歧义，也没有新增条件；执行结果与原句相同，接受审校。（reports/draft_12.txt.content）,1,reviewer_agreement,Both reviewers recorded the same final decision.
pc_v4_12_p2,pc_v4_12,file,conditional_negative_constraint,接受审校结论,接受审校结论,1,0,0,1,1,1,1,1,1,条件句引入额外前提，不能只依据常见执行环境忽略该差异。AI 的语义判断和结构化标签均合理。（核对对象：reports/draft_12.txt；字段：content）,我不把对象存在自动视为文本前提，因此同意 AI：条件化改变了命令适用范围。（对象：reports/draft_12.txt）,0,reviewer_agreement,Both reviewers recorded the same final decision.
pc_v4_12_p3,pc_v4_12,file,ellipsis_multi_object_preservation,接受审校结论,接受审校结论,1,0,0,1,1,1,1,1,1,省略式改写保留了目标更新，但把全局禁止副作用约束收窄为两个具名对象，接受改判。（核对对象：reports/draft_12.txt；字段：content）,省略表达没有保留全部禁止副作用条件，因此接受审校意见。（对象：reports/draft_12.txt；字段：content）,0,reviewer_agreement,Both reviewers recorded the same final decision.
pc_v4_13_p1,pc_v4_13,web_form,pronoun_coreference,接受审校结论,接受审校结论,1,1,1,1,1,1,1,1,1,先打开目标对象再用 its 指回该对象，指代无歧义；其余状态不变的要求也得到保留。（核对对象：r13；字段：status）,这一项只是自然语言改写，目标、字段、值和副作用约束均未变化。（r13.status）,1,reviewer_agreement,Both reviewers recorded the same final decision.
pc_v4_13_p2,pc_v4_13,web_form,conditional_negative_constraint,接受审校结论,接受审校结论,1,0,0,1,1,1,1,1,1,改写对执行设置了存在性门槛，原句没有该限制，因此保留语义保持=0的审校意见。（核对对象：r13；字段：status）,这里的 if-present 会改变缺失目标时的行为，不能仅凭常规数据假设忽略，接受审校结论。（对象：r13）,0,reviewer_agreement,Both reviewers recorded the same final decision.
pc_v4_13_p3,pc_v4_13,web_form,ellipsis_multi_object_preservation,接受审校结论,接受审校结论,1,0,0,1,1,1,1,1,1,原指令的保护范围是开放集合，改写仅覆盖两个列举项。二者约束强度不同，应标为不等价。（核对对象：r13；字段：status）,目标更新正确，但副作用约束只覆盖有限对象，语义不完整，接受 AI 结论。（对象：r13；字段：status）,0,reviewer_agreement,Both reviewers recorded the same final decision.
pc_v4_14_p1,pc_v4_14,table,pronoun_coreference,接受审校结论,接受审校结论,1,1,1,1,1,1,1,1,1,“leave everything else untouched”对应原句对所有无关对象和字段的保护，标签无须调整。（核对对象：row14；字段：score）,its 指向刚刚打开的唯一对象，目标和保护范围都一致，同意 AI 结论。（row14.score）,1,reviewer_agreement,Both reviewers recorded the same final decision.
pc_v4_14_p2,pc_v4_14,table,conditional_negative_constraint,接受审校结论,保留原标签,0,0,1,1,0,1,1,1,1,原指令要求直接修改，改写增加 if-present 分支，执行条件发生变化。按句面语义应标为不保持。（核对对象：row14；字段：score）,在封闭工作流中目标对象不存在的分支不可达，因此条件化不改变可观察结果；此项保留原语义保持=1。（对象：row14）,0,rule_adjudicated_disagreement,"Protocol rule 4: the conditional adds an existence precondition absent from the base instruction, so strict instruction-level meaning is not preserved."
pc_v4_14_p3,pc_v4_14,table,ellipsis_multi_object_preservation,接受审校结论,接受审校结论,1,0,0,1,1,1,1,1,1,目标对象、字段和期望值没有问题；问题在于副作用保护由全局约束变成有限列举，因此同意语义保持=0。（核对对象：row14；字段：score）,只点名两个对象不变，未覆盖“所有无关对象和字段”，保护范围变窄，接受审校。（对象：row14；字段：score）,0,reviewer_agreement,Both reviewers recorded the same final decision.
pc_v4_15_p1,pc_v4_15,workflow_micro,pronoun_coreference,接受审校结论,接受审校结论,1,1,1,1,1,1,1,1,1,未发现语义增删：目标更新保持不变，副作用约束完整，接受 AI 的通过结论。（核对对象：step15；字段：note）,代词解析唯一，且其余状态不变的要求完整保留，可判为语义保持。（step15.note）,1,reviewer_agreement,Both reviewers recorded the same final decision.
pc_v4_15_p2,pc_v4_15,workflow_micro,conditional_negative_constraint,接受审校结论,保留原标签,0,0,1,1,0,1,1,1,1,条件句引入额外前提，不能只依据常见执行环境忽略该差异。AI 的语义判断和结构化标签均合理。（核对对象：step15；字段：note）,按开放文本解释确有条件差异，但在当前 bounded task 中目标实体预设存在。我采用操作语义，保留原判定。（对象：step15）,0,rule_adjudicated_disagreement,"Protocol rule 4: the conditional adds an existence precondition absent from the base instruction, so strict instruction-level meaning is not preserved."
pc_v4_15_p3,pc_v4_15,workflow_micro,ellipsis_multi_object_preservation,接受审校结论,接受审校结论,1,0,0,1,1,1,1,1,1,具名 peer 的不变约束不足以覆盖所有其他对象及字段，不能视为原句的完整改写。（核对对象：step15；字段：note）,原句要求最小改动到所有无关状态，改写只保护两个具名项，二者不等价。（对象：step15；字段：note）,0,reviewer_agreement,Both reviewers recorded the same final decision.
pc_v4_16_p1,pc_v4_16,file,pronoun_coreference,接受审校结论,接受审校结论,1,1,1,1,1,1,1,1,1,指代链短且明确，执行结果与原指令一致。结构化标签也与文本相符。（核对对象：reports/draft_16.txt；字段：content）,指代清楚，“everything else untouched”也保住了全局约束，没有语义偏移，接受通过。（reports/draft_16.txt.content）,1,reviewer_agreement,Both reviewers recorded the same final decision.
pc_v4_16_p2,pc_v4_16,file,conditional_negative_constraint,接受审校结论,接受审校结论,1,0,0,1,1,1,1,1,1,条件句引入额外前提，不能只依据常见执行环境忽略该差异。AI 的语义判断和结构化标签均合理。（核对对象：reports/draft_16.txt；字段：content）,文件或记录是否存在并未由句面保证；条件句会在缺失时选择不执行，而原命令要求完成更新，因此接受改判。（对象：reports/draft_16.txt）,0,reviewer_agreement,Both reviewers recorded the same final decision.
pc_v4_16_p3,pc_v4_16,file,ellipsis_multi_object_preservation,接受审校结论,接受审校结论,1,0,0,1,1,1,1,1,1,省略式改写保留了目标更新，但把全局禁止副作用约束收窄为两个具名对象，接受改判。（核对对象：reports/draft_16.txt；字段：content）,列举 peer 不能替代全局保护约束，尤其没有明确保护目标对象的其他字段，同意改判。（对象：reports/draft_16.txt；字段：content）,0,reviewer_agreement,Both reviewers recorded the same final decision.
pc_v4_17_p1,pc_v4_17,web_form,pronoun_coreference,接受审校结论,接受审校结论,1,1,1,1,1,1,1,1,1,指代链短且明确，执行结果与原指令一致。结构化标签也与文本相符。（核对对象：r17；字段：status）,没有歧义，也没有新增条件；执行结果与原句相同，接受审校。（r17.status）,1,reviewer_agreement,Both reviewers recorded the same final decision.
pc_v4_17_p2,pc_v4_17,web_form,conditional_negative_constraint,接受审校结论,接受审校结论,1,0,0,1,1,1,1,1,1,改写对执行设置了存在性门槛，原句没有该限制，因此保留语义保持=0的审校意见。（核对对象：r17；字段：status）,目标存在时两句一致，但目标缺失时义务不同；这一差异足以将语义保持标为0。（对象：r17）,0,reviewer_agreement,Both reviewers recorded the same final decision.
pc_v4_17_p3,pc_v4_17,web_form,ellipsis_multi_object_preservation,接受审校结论,接受审校结论,1,0,0,1,1,1,1,1,1,原指令的保护范围是开放集合，改写仅覆盖两个列举项。二者约束强度不同，应标为不等价。（核对对象：r17；字段：status）,该改写存在明显的保护范围收缩，结构化目标标签正确，但语义保持应为0。（对象：r17；字段：status）,0,reviewer_agreement,Both reviewers recorded the same final decision.
pc_v4_18_p1,pc_v4_18,table,pronoun_coreference,接受审校结论,接受审校结论,1,1,1,1,1,1,1,1,1,指代关系清楚，没有目标漂移；目标值和禁止副作用范围与原句一致，同意通过。（核对对象：row18；字段：score）,指代链明确，未发现保护范围缩小或目标漂移，接受通过。（row18.score）,1,reviewer_agreement,Both reviewers recorded the same final decision.
pc_v4_18_p2,pc_v4_18,table,conditional_negative_constraint,接受审校结论,保留原标签,0,0,1,1,0,1,1,1,1,原指令要求直接修改，改写增加 if-present 分支，执行条件发生变化。按句面语义应标为不保持。（核对对象：row18；字段：score）,这里的目标是已给定的表格行/流程步骤，存在性属于任务前置条件；条件句未改变本实例的预期状态，保留原标签。（对象：row18）,0,rule_adjudicated_disagreement,"Protocol rule 4: the conditional adds an existence precondition absent from the base instruction, so strict instruction-level meaning is not preserved."
pc_v4_18_p3,pc_v4_18,table,ellipsis_multi_object_preservation,接受审校结论,接受审校结论,1,0,0,1,1,1,1,1,1,目标对象、字段和期望值没有问题；问题在于副作用保护由全局约束变成有限列举，因此同意语义保持=0。（核对对象：row18；字段：score）,目标更新正确，但副作用约束只覆盖有限对象，语义不完整，接受 AI 结论。（对象：row18；字段：score）,0,reviewer_agreement,Both reviewers recorded the same final decision.
pc_v4_19_p1,pc_v4_19,workflow_micro,pronoun_coreference,接受审校结论,接受审校结论,1,1,1,1,1,1,1,1,1,改写仅改变表述方式，目标对象、字段、期望状态和全局保护范围均一致，接受审校结论。（核对对象：step19；字段：note）,its 指向刚刚打开的唯一对象，目标和保护范围都一致，同意 AI 结论。（step19.note）,1,reviewer_agreement,Both reviewers recorded the same final decision.
pc_v4_19_p2,pc_v4_19,workflow_micro,conditional_negative_constraint,接受审校结论,保留原标签,0,0,1,1,0,1,1,1,1,条件句引入额外前提，不能只依据常见执行环境忽略该差异。AI 的语义判断和结构化标签均合理。（核对对象：step19；字段：note）,我按数据集场景而非纯句面逻辑判断：目标步骤/行是既定对象，条件不会实际改变执行，保留原标签。（对象：step19）,0,rule_adjudicated_disagreement,"Protocol rule 4: the conditional adds an existence precondition absent from the base instruction, so strict instruction-level meaning is not preserved."
pc_v4_19_p3,pc_v4_19,workflow_micro,ellipsis_multi_object_preservation,接受审校结论,不确定,0,0,,0,0,1,1,1,1,具名 peer 的不变约束不足以覆盖所有其他对象及字段，不能视为原句的完整改写。（核对对象：step19；字段：note）,按句面应当不等价，不过是否存在其他无关对象/字段需要查看实例状态。当前信息不足，暂不确定。（对象：step19；字段：note）,0,rule_adjudicated_uncertain,"Protocol rule 4: two named peers are not textually proven to exhaust every unrelated object and field, so the global preservation constraint is narrowed."
pc_v4_20_p1,pc_v4_20,file,pronoun_coreference,接受审校结论,接受审校结论,1,1,1,1,1,1,1,1,1,先打开目标对象再用 its 指回该对象，指代无歧义；其余状态不变的要求也得到保留。（核对对象：reports/draft_20.txt；字段：content）,这一项只是自然语言改写，目标、字段、值和副作用约束均未变化。（reports/draft_20.txt.content）,1,reviewer_agreement,Both reviewers recorded the same final decision.
pc_v4_20_p2,pc_v4_20,file,conditional_negative_constraint,接受审校结论,接受审校结论,1,0,0,1,1,1,1,1,1,条件句引入额外前提，不能只依据常见执行环境忽略该差异。AI 的语义判断和结构化标签均合理。（核对对象：reports/draft_20.txt；字段：content）,对文件/记录对象而言，存在性是可能失败的运行条件。改写增加条件分支，严格看不等价。（对象：reports/draft_20.txt）,0,reviewer_agreement,Both reviewers recorded the same final decision.
pc_v4_20_p3,pc_v4_20,file,ellipsis_multi_object_preservation,接受审校结论,接受审校结论,1,0,0,1,1,1,1,1,1,省略式改写保留了目标更新，但把全局禁止副作用约束收窄为两个具名对象，接受改判。（核对对象：reports/draft_20.txt；字段：content）,原句要求最小改动到所有无关状态，改写只保护两个具名项，二者不等价。（对象：reports/draft_20.txt；字段：content）,0,reviewer_agreement,Both reviewers recorded the same final decision.
pc_v4_21_p1,pc_v4_21,web_form,pronoun_coreference,接受审校结论,接受审校结论,1,1,1,1,1,1,1,1,1,先打开目标对象再用 its 指回该对象，指代无歧义；其余状态不变的要求也得到保留。（核对对象：r21；字段：name）,指代清楚，“everything else untouched”也保住了全局约束，没有语义偏移，接受通过。（r21.name）,1,reviewer_agreement,Both reviewers recorded the same final decision.
pc_v4_21_p2,pc_v4_21,web_form,conditional_negative_constraint,接受审校结论,接受审校结论,1,0,0,1,1,1,1,1,1,改写对执行设置了存在性门槛，原句没有该限制，因此保留语义保持=0的审校意见。（核对对象：r21；字段：name）,改写把直接更新变成有条件更新，缺失情形下结果不同，接受审校判断。（对象：r21）,0,reviewer_agreement,Both reviewers recorded the same final decision.
pc_v4_21_p3,pc_v4_21,web_form,ellipsis_multi_object_preservation,接受审校结论,接受审校结论,1,0,0,1,1,1,1,1,1,列举两个对象不能等同于“every unrelated object and field”；目标对象的其他字段也未被明确保护，语义不完全保持。（核对对象：r21；字段：name）,只点名两个对象不变，未覆盖“所有无关对象和字段”，保护范围变窄，接受审校。（对象：r21；字段：name）,0,reviewer_agreement,Both reviewers recorded the same final decision.
pc_v4_22_p1,pc_v4_22,table,pronoun_coreference,接受审校结论,接受审校结论,1,1,1,1,1,1,1,1,1,“leave everything else untouched”对应原句对所有无关对象和字段的保护，标签无须调整。（核对对象：row22；字段：score）,代词解析唯一，且其余状态不变的要求完整保留，可判为语义保持。（row22.score）,1,reviewer_agreement,Both reviewers recorded the same final decision.
pc_v4_22_p2,pc_v4_22,table,conditional_negative_constraint,接受审校结论,保留原标签,0,0,1,1,0,1,1,1,1,原指令要求直接修改，改写增加 if-present 分支，执行条件发生变化。按句面语义应标为不保持。（核对对象：row22；字段：score）,row/step 的存在由任务实例本身提供，“if present”只是冗余说明。就本数据集执行语义而言，我认为仍可视为等价。（对象：row22）,0,rule_adjudicated_disagreement,"Protocol rule 4: the conditional adds an existence precondition absent from the base instruction, so strict instruction-level meaning is not preserved."
pc_v4_22_p3,pc_v4_22,table,ellipsis_multi_object_preservation,接受审校结论,接受审校结论,1,0,0,1,1,1,1,1,1,目标对象、字段和期望值没有问题；问题在于副作用保护由全局约束变成有限列举，因此同意语义保持=0。（核对对象：row22；字段：score）,该改写存在明显的保护范围收缩，结构化目标标签正确，但语义保持应为0。（对象：row22；字段：score）,0,reviewer_agreement,Both reviewers recorded the same final decision.
pc_v4_23_p1,pc_v4_23,workflow_micro,pronoun_coreference,接受审校结论,接受审校结论,1,1,1,1,1,1,1,1,1,未发现语义增删：目标更新保持不变，副作用约束完整，接受 AI 的通过结论。（核对对象：step23；字段：note）,指代链明确，未发现保护范围缩小或目标漂移，接受通过。（step23.note）,1,reviewer_agreement,Both reviewers recorded the same final decision.
pc_v4_23_p2,pc_v4_23,workflow_micro,conditional_negative_constraint,接受审校结论,保留原标签,0,0,1,1,0,1,1,1,1,条件句引入额外前提，不能只依据常见执行环境忽略该差异。AI 的语义判断和结构化标签均合理。（核对对象：step23；字段：note）,在该封闭任务语境中，row/step 已由任务标识并默认存在。我把“if present”视为显式化执行前提，倾向保留原语义标签。（对象：step23）,0,rule_adjudicated_disagreement,"Protocol rule 4: the conditional adds an existence precondition absent from the base instruction, so strict instruction-level meaning is not preserved."
pc_v4_23_p3,pc_v4_23,workflow_micro,ellipsis_multi_object_preservation,接受审校结论,接受审校结论,1,0,0,1,1,1,1,1,1,具名 peer 的不变约束不足以覆盖所有其他对象及字段，不能视为原句的完整改写。（核对对象：step23；字段：note）,列举 peer 不能替代全局保护约束，尤其没有明确保护目标对象的其他字段，同意改判。（对象：step23；字段：note）,0,reviewer_agreement,Both reviewers recorded the same final decision.
pc_v4_24_p1,pc_v4_24,file,pronoun_coreference,接受审校结论,接受审校结论,1,1,1,1,1,1,1,1,1,指代链短且明确，执行结果与原指令一致。结构化标签也与文本相符。（核对对象：reports/draft_24.txt；字段：content）,没有歧义，也没有新增条件；执行结果与原句相同，接受审校。（reports/draft_24.txt.content）,1,reviewer_agreement,Both reviewers recorded the same final decision.
pc_v4_24_p2,pc_v4_24,file,conditional_negative_constraint,接受审校结论,接受审校结论,1,0,0,1,1,1,1,1,1,条件句引入额外前提，不能只依据常见执行环境忽略该差异。AI 的语义判断和结构化标签均合理。（核对对象：reports/draft_24.txt；字段：content）,我不把对象存在自动视为文本前提，因此同意 AI：条件化改变了命令适用范围。（对象：reports/draft_24.txt）,0,reviewer_agreement,Both reviewers recorded the same final decision.
pc_v4_24_p3,pc_v4_24,file,ellipsis_multi_object_preservation,接受审校结论,接受审校结论,1,0,0,1,1,1,1,1,1,省略式改写保留了目标更新，但把全局禁止副作用约束收窄为两个具名对象，接受改判。（核对对象：reports/draft_24.txt；字段：content）,省略表达没有保留全部禁止副作用条件，因此接受审校意见。（对象：reports/draft_24.txt；字段：content）,0,reviewer_agreement,Both reviewers recorded the same final decision.
pc_v4_25_p1,pc_v4_25,web_form,pronoun_coreference,接受审校结论,接受审校结论,1,1,1,1,1,1,1,1,1,指代链短且明确，执行结果与原指令一致。结构化标签也与文本相符。（核对对象：r25；字段：status）,这一项只是自然语言改写，目标、字段、值和副作用约束均未变化。（r25.status）,1,reviewer_agreement,Both reviewers recorded the same final decision.
pc_v4_25_p2,pc_v4_25,web_form,conditional_negative_constraint,接受审校结论,接受审校结论,1,0,0,1,1,1,1,1,1,改写对执行设置了存在性门槛，原句没有该限制，因此保留语义保持=0的审校意见。（核对对象：r25；字段：status）,这里的 if-present 会改变缺失目标时的行为，不能仅凭常规数据假设忽略，接受审校结论。（对象：r25）,0,reviewer_agreement,Both reviewers recorded the same final decision.
pc_v4_25_p3,pc_v4_25,web_form,ellipsis_multi_object_preservation,接受审校结论,接受审校结论,1,0,0,1,1,1,1,1,1,原指令的保护范围是开放集合，改写仅覆盖两个列举项。二者约束强度不同，应标为不等价。（核对对象：r25；字段：status）,目标更新正确，但副作用约束只覆盖有限对象，语义不完整，接受 AI 结论。（对象：r25；字段：status）,0,reviewer_agreement,Both reviewers recorded the same final decision.
pc_v4_26_p1,pc_v4_26,table,pronoun_coreference,接受审校结论,接受审校结论,1,1,1,1,1,1,1,1,1,指代关系清楚，没有目标漂移；目标值和禁止副作用范围与原句一致，同意通过。（核对对象：row26；字段：score）,its 指向刚刚打开的唯一对象，目标和保护范围都一致，同意 AI 结论。（row26.score）,1,reviewer_agreement,Both reviewers recorded the same final decision.
pc_v4_26_p2,pc_v4_26,table,conditional_negative_constraint,接受审校结论,保留原标签,0,0,1,1,0,1,1,1,1,原指令要求直接修改，改写增加 if-present 分支，执行条件发生变化。按句面语义应标为不保持。（核对对象：row26；字段：score）,在封闭工作流中目标对象不存在的分支不可达，因此条件化不改变可观察结果；此项保留原语义保持=1。（对象：row26）,0,rule_adjudicated_disagreement,"Protocol rule 4: the conditional adds an existence precondition absent from the base instruction, so strict instruction-level meaning is not preserved."
pc_v4_26_p3,pc_v4_26,table,ellipsis_multi_object_preservation,接受审校结论,接受审校结论,1,0,0,1,1,1,1,1,1,目标对象、字段和期望值没有问题；问题在于副作用保护由全局约束变成有限列举，因此同意语义保持=0。（核对对象：row26；字段：score）,只点名两个对象不变，未覆盖“所有无关对象和字段”，保护范围变窄，接受审校。（对象：row26；字段：score）,0,reviewer_agreement,Both reviewers recorded the same final decision.
pc_v4_27_p1,pc_v4_27,workflow_micro,pronoun_coreference,接受审校结论,接受审校结论,1,1,1,1,1,1,1,1,1,改写仅改变表述方式，目标对象、字段、期望状态和全局保护范围均一致，接受审校结论。（核对对象：step27；字段：note）,代词解析唯一，且其余状态不变的要求完整保留，可判为语义保持。（step27.note）,1,reviewer_agreement,Both reviewers recorded the same final decision.
pc_v4_27_p2,pc_v4_27,workflow_micro,conditional_negative_constraint,接受审校结论,保留原标签,0,0,1,1,0,1,1,1,1,条件句引入额外前提，不能只依据常见执行环境忽略该差异。AI 的语义判断和结构化标签均合理。（核对对象：step27；字段：note）,按开放文本解释确有条件差异，但在当前 bounded task 中目标实体预设存在。我采用操作语义，保留原判定。（对象：step27）,0,rule_adjudicated_disagreement,"Protocol rule 4: the conditional adds an existence precondition absent from the base instruction, so strict instruction-level meaning is not preserved."
pc_v4_27_p3,pc_v4_27,workflow_micro,ellipsis_multi_object_preservation,接受审校结论,接受审校结论,1,0,0,1,1,1,1,1,1,具名 peer 的不变约束不足以覆盖所有其他对象及字段，不能视为原句的完整改写。（核对对象：step27；字段：note）,原句要求最小改动到所有无关状态，改写只保护两个具名项，二者不等价。（对象：step27；字段：note）,0,reviewer_agreement,Both reviewers recorded the same final decision.
pc_v4_28_p1,pc_v4_28,file,pronoun_coreference,接受审校结论,接受审校结论,1,1,1,1,1,1,1,1,1,先打开目标对象再用 its 指回该对象，指代无歧义；其余状态不变的要求也得到保留。（核对对象：reports/draft_28.txt；字段：content）,指代清楚，“everything else untouched”也保住了全局约束，没有语义偏移，接受通过。（reports/draft_28.txt.content）,1,reviewer_agreement,Both reviewers recorded the same final decision.
pc_v4_28_p2,pc_v4_28,file,conditional_negative_constraint,接受审校结论,接受审校结论,1,0,0,1,1,1,1,1,1,条件句引入额外前提，不能只依据常见执行环境忽略该差异。AI 的语义判断和结构化标签均合理。（核对对象：reports/draft_28.txt；字段：content）,文件或记录是否存在并未由句面保证；条件句会在缺失时选择不执行，而原命令要求完成更新，因此接受改判。（对象：reports/draft_28.txt）,0,reviewer_agreement,Both reviewers recorded the same final decision.
pc_v4_28_p3,pc_v4_28,file,ellipsis_multi_object_preservation,接受审校结论,接受审校结论,1,0,0,1,1,1,1,1,1,省略式改写保留了目标更新，但把全局禁止副作用约束收窄为两个具名对象，接受改判。（核对对象：reports/draft_28.txt；字段：content）,列举 peer 不能替代全局保护约束，尤其没有明确保护目标对象的其他字段，同意改判。（对象：reports/draft_28.txt；字段：content）,0,reviewer_agreement,Both reviewers recorded the same final decision.
pc_v4_29_p1,pc_v4_29,web_form,pronoun_coreference,接受审校结论,接受审校结论,1,1,1,1,1,1,1,1,1,先打开目标对象再用 its 指回该对象，指代无歧义；其余状态不变的要求也得到保留。（核对对象：r29；字段：status）,没有歧义，也没有新增条件；执行结果与原句相同，接受审校。（r29.status）,1,reviewer_agreement,Both reviewers recorded the same final decision.
pc_v4_29_p2,pc_v4_29,web_form,conditional_negative_constraint,接受审校结论,接受审校结论,1,0,0,1,1,1,1,1,1,改写对执行设置了存在性门槛，原句没有该限制，因此保留语义保持=0的审校意见。（核对对象：r29；字段：status）,目标存在时两句一致，但目标缺失时义务不同；这一差异足以将语义保持标为0。（对象：r29）,0,reviewer_agreement,Both reviewers recorded the same final decision.
pc_v4_29_p3,pc_v4_29,web_form,ellipsis_multi_object_preservation,接受审校结论,不确定,0,0,,0,0,1,1,1,1,原指令的保护范围是开放集合，改写仅覆盖两个列举项。二者约束强度不同，应标为不等价。（核对对象：r29；字段：status）,两个具名 peer 是否穷尽全部无关对象无法从本行确认。若已穷尽则可能等价，否则不等价，因此保留不确定。（对象：r29；字段：status）,0,rule_adjudicated_uncertain,"Protocol rule 4: two named peers are not textually proven to exhaust every unrelated object and field, so the global preservation constraint is narrowed."
pc_v4_30_p1,pc_v4_30,table,pronoun_coreference,接受审校结论,接受审校结论,1,1,1,1,1,1,1,1,1,“leave everything else untouched”对应原句对所有无关对象和字段的保护，标签无须调整。（核对对象：row30；字段：score）,指代链明确，未发现保护范围缩小或目标漂移，接受通过。（row30.score）,1,reviewer_agreement,Both reviewers recorded the same final decision.
pc_v4_30_p2,pc_v4_30,table,conditional_negative_constraint,接受审校结论,保留原标签,0,0,1,1,0,1,1,1,1,原指令要求直接修改，改写增加 if-present 分支，执行条件发生变化。按句面语义应标为不保持。（核对对象：row30；字段：score）,这里的目标是已给定的表格行/流程步骤，存在性属于任务前置条件；条件句未改变本实例的预期状态，保留原标签。（对象：row30）,0,rule_adjudicated_disagreement,"Protocol rule 4: the conditional adds an existence precondition absent from the base instruction, so strict instruction-level meaning is not preserved."
pc_v4_30_p3,pc_v4_30,table,ellipsis_multi_object_preservation,接受审校结论,接受审校结论,1,0,0,1,1,1,1,1,1,目标对象、字段和期望值没有问题；问题在于副作用保护由全局约束变成有限列举，因此同意语义保持=0。（核对对象：row30；字段：score）,目标更新正确，但副作用约束只覆盖有限对象，语义不完整，接受 AI 结论。（对象：row30；字段：score）,0,reviewer_agreement,Both reviewers recorded the same final decision.
pc_v4_31_p1,pc_v4_31,workflow_micro,pronoun_coreference,接受审校结论,接受审校结论,1,1,1,1,1,1,1,1,1,未发现语义增删：目标更新保持不变，副作用约束完整，接受 AI 的通过结论。（核对对象：step31；字段：note）,its 指向刚刚打开的唯一对象，目标和保护范围都一致，同意 AI 结论。（step31.note）,1,reviewer_agreement,Both reviewers recorded the same final decision.
pc_v4_31_p2,pc_v4_31,workflow_micro,conditional_negative_constraint,接受审校结论,保留原标签,0,0,1,1,0,1,1,1,1,条件句引入额外前提，不能只依据常见执行环境忽略该差异。AI 的语义判断和结构化标签均合理。（核对对象：step31；字段：note）,我按数据集场景而非纯句面逻辑判断：目标步骤/行是既定对象，条件不会实际改变执行，保留原标签。（对象：step31）,0,rule_adjudicated_disagreement,"Protocol rule 4: the conditional adds an existence precondition absent from the base instruction, so strict instruction-level meaning is not preserved."
pc_v4_31_p3,pc_v4_31,workflow_micro,ellipsis_multi_object_preservation,接受审校结论,接受审校结论,1,0,0,1,1,1,1,1,1,具名 peer 的不变约束不足以覆盖所有其他对象及字段，不能视为原句的完整改写。（核对对象：step31；字段：note）,省略表达没有保留全部禁止副作用条件，因此接受审校意见。（对象：step31；字段：note）,0,reviewer_agreement,Both reviewers recorded the same final decision.
pc_v4_32_p1,pc_v4_32,file,pronoun_coreference,接受审校结论,接受审校结论,1,1,1,1,1,1,1,1,1,指代链短且明确，执行结果与原指令一致。结构化标签也与文本相符。（核对对象：reports/draft_32.txt；字段：content）,这一项只是自然语言改写，目标、字段、值和副作用约束均未变化。（reports/draft_32.txt.content）,1,reviewer_agreement,Both reviewers recorded the same final decision.
pc_v4_32_p2,pc_v4_32,file,conditional_negative_constraint,接受审校结论,接受审校结论,1,0,0,1,1,1,1,1,1,条件句引入额外前提，不能只依据常见执行环境忽略该差异。AI 的语义判断和结构化标签均合理。（核对对象：reports/draft_32.txt；字段：content）,对文件/记录对象而言，存在性是可能失败的运行条件。改写增加条件分支，严格看不等价。（对象：reports/draft_32.txt）,0,reviewer_agreement,Both reviewers recorded the same final decision.
pc_v4_32_p3,pc_v4_32,file,ellipsis_multi_object_preservation,接受审校结论,接受审校结论,1,0,0,1,1,1,1,1,1,省略式改写保留了目标更新，但把全局禁止副作用约束收窄为两个具名对象，接受改判。（核对对象：reports/draft_32.txt；字段：content）,原句要求最小改动到所有无关状态，改写只保护两个具名项，二者不等价。（对象：reports/draft_32.txt；字段：content）,0,reviewer_agreement,Both reviewers recorded the same final decision.
pc_v4_33_p1,pc_v4_33,web_form,pronoun_coreference,接受审校结论,接受审校结论,1,1,1,1,1,1,1,1,1,指代链短且明确，执行结果与原指令一致。结构化标签也与文本相符。（核对对象：r33；字段：name）,指代清楚，“everything else untouched”也保住了全局约束，没有语义偏移，接受通过。（r33.name）,1,reviewer_agreement,Both reviewers recorded the same final decision.
pc_v4_33_p2,pc_v4_33,web_form,conditional_negative_constraint,接受审校结论,接受审校结论,1,0,0,1,1,1,1,1,1,改写对执行设置了存在性门槛，原句没有该限制，因此保留语义保持=0的审校意见。（核对对象：r33；字段：name）,改写把直接更新变成有条件更新，缺失情形下结果不同，接受审校判断。（对象：r33）,0,reviewer_agreement,Both reviewers recorded the same final decision.
pc_v4_33_p3,pc_v4_33,web_form,ellipsis_multi_object_preservation,接受审校结论,接受审校结论,1,0,0,1,1,1,1,1,1,列举两个对象不能等同于“every unrelated object and field”；目标对象的其他字段也未被明确保护，语义不完全保持。（核对对象：r33；字段：name）,只点名两个对象不变，未覆盖“所有无关对象和字段”，保护范围变窄，接受审校。（对象：r33；字段：name）,0,reviewer_agreement,Both reviewers recorded the same final decision.
pc_v4_34_p1,pc_v4_34,table,pronoun_coreference,接受审校结论,接受审校结论,1,1,1,1,1,1,1,1,1,指代关系清楚，没有目标漂移；目标值和禁止副作用范围与原句一致，同意通过。（核对对象：row34；字段：score）,代词解析唯一，且其余状态不变的要求完整保留，可判为语义保持。（row34.score）,1,reviewer_agreement,Both reviewers recorded the same final decision.
pc_v4_34_p2,pc_v4_34,table,conditional_negative_constraint,接受审校结论,保留原标签,0,0,1,1,0,1,1,1,1,原指令要求直接修改，改写增加 if-present 分支，执行条件发生变化。按句面语义应标为不保持。（核对对象：row34；字段：score）,row/step 的存在由任务实例本身提供，“if present”只是冗余说明。就本数据集执行语义而言，我认为仍可视为等价。（对象：row34）,0,rule_adjudicated_disagreement,"Protocol rule 4: the conditional adds an existence precondition absent from the base instruction, so strict instruction-level meaning is not preserved."
pc_v4_34_p3,pc_v4_34,table,ellipsis_multi_object_preservation,接受审校结论,接受审校结论,1,0,0,1,1,1,1,1,1,目标对象、字段和期望值没有问题；问题在于副作用保护由全局约束变成有限列举，因此同意语义保持=0。（核对对象：row34；字段：score）,该改写存在明显的保护范围收缩，结构化目标标签正确，但语义保持应为0。（对象：row34；字段：score）,0,reviewer_agreement,Both reviewers recorded the same final decision.
pc_v4_35_p1,pc_v4_35,workflow_micro,pronoun_coreference,接受审校结论,接受审校结论,1,1,1,1,1,1,1,1,1,改写仅改变表述方式，目标对象、字段、期望状态和全局保护范围均一致，接受审校结论。（核对对象：step35；字段：note）,指代链明确，未发现保护范围缩小或目标漂移，接受通过。（step35.note）,1,reviewer_agreement,Both reviewers recorded the same final decision.
pc_v4_35_p2,pc_v4_35,workflow_micro,conditional_negative_constraint,接受审校结论,保留原标签,0,0,1,1,0,1,1,1,1,条件句引入额外前提，不能只依据常见执行环境忽略该差异。AI 的语义判断和结构化标签均合理。（核对对象：step35；字段：note）,在该封闭任务语境中，row/step 已由任务标识并默认存在。我把“if present”视为显式化执行前提，倾向保留原语义标签。（对象：step35）,0,rule_adjudicated_disagreement,"Protocol rule 4: the conditional adds an existence precondition absent from the base instruction, so strict instruction-level meaning is not preserved."
pc_v4_35_p3,pc_v4_35,workflow_micro,ellipsis_multi_object_preservation,接受审校结论,接受审校结论,1,0,0,1,1,1,1,1,1,具名 peer 的不变约束不足以覆盖所有其他对象及字段，不能视为原句的完整改写。（核对对象：step35；字段：note）,列举 peer 不能替代全局保护约束，尤其没有明确保护目标对象的其他字段，同意改判。（对象：step35；字段：note）,0,reviewer_agreement,Both reviewers recorded the same final decision.
pc_v4_36_p1,pc_v4_36,file,pronoun_coreference,接受审校结论,接受审校结论,1,1,1,1,1,1,1,1,1,先打开目标对象再用 its 指回该对象，指代无歧义；其余状态不变的要求也得到保留。（核对对象：reports/draft_36.txt；字段：content）,没有歧义，也没有新增条件；执行结果与原句相同，接受审校。（reports/draft_36.txt.content）,1,reviewer_agreement,Both reviewers recorded the same final decision.
pc_v4_36_p2,pc_v4_36,file,conditional_negative_constraint,接受审校结论,接受审校结论,1,0,0,1,1,1,1,1,1,条件句引入额外前提，不能只依据常见执行环境忽略该差异。AI 的语义判断和结构化标签均合理。（核对对象：reports/draft_36.txt；字段：content）,我不把对象存在自动视为文本前提，因此同意 AI：条件化改变了命令适用范围。（对象：reports/draft_36.txt）,0,reviewer_agreement,Both reviewers recorded the same final decision.
pc_v4_36_p3,pc_v4_36,file,ellipsis_multi_object_preservation,接受审校结论,接受审校结论,1,0,0,1,1,1,1,1,1,省略式改写保留了目标更新，但把全局禁止副作用约束收窄为两个具名对象，接受改判。（核对对象：reports/draft_36.txt；字段：content）,省略表达没有保留全部禁止副作用条件，因此接受审校意见。（对象：reports/draft_36.txt；字段：content）,0,reviewer_agreement,Both reviewers recorded the same final decision.
pc_v4_37_p1,pc_v4_37,web_form,pronoun_coreference,接受审校结论,接受审校结论,1,1,1,1,1,1,1,1,1,先打开目标对象再用 its 指回该对象，指代无歧义；其余状态不变的要求也得到保留。（核对对象：r37；字段：status）,这一项只是自然语言改写，目标、字段、值和副作用约束均未变化。（r37.status）,1,reviewer_agreement,Both reviewers recorded the same final decision.
pc_v4_37_p2,pc_v4_37,web_form,conditional_negative_constraint,接受审校结论,接受审校结论,1,0,0,1,1,1,1,1,1,改写对执行设置了存在性门槛，原句没有该限制，因此保留语义保持=0的审校意见。（核对对象：r37；字段：status）,这里的 if-present 会改变缺失目标时的行为，不能仅凭常规数据假设忽略，接受审校结论。（对象：r37）,0,reviewer_agreement,Both reviewers recorded the same final decision.
pc_v4_37_p3,pc_v4_37,web_form,ellipsis_multi_object_preservation,接受审校结论,接受审校结论,1,0,0,1,1,1,1,1,1,原指令的保护范围是开放集合，改写仅覆盖两个列举项。二者约束强度不同，应标为不等价。（核对对象：r37；字段：status）,目标更新正确，但副作用约束只覆盖有限对象，语义不完整，接受 AI 结论。（对象：r37；字段：status）,0,reviewer_agreement,Both reviewers recorded the same final decision.
pc_v4_38_p1,pc_v4_38,table,pronoun_coreference,接受审校结论,接受审校结论,1,1,1,1,1,1,1,1,1,“leave everything else untouched”对应原句对所有无关对象和字段的保护，标签无须调整。（核对对象：row38；字段：score）,its 指向刚刚打开的唯一对象，目标和保护范围都一致，同意 AI 结论。（row38.score）,1,reviewer_agreement,Both reviewers recorded the same final decision.
pc_v4_38_p2,pc_v4_38,table,conditional_negative_constraint,接受审校结论,保留原标签,0,0,1,1,0,1,1,1,1,原指令要求直接修改，改写增加 if-present 分支，执行条件发生变化。按句面语义应标为不保持。（核对对象：row38；字段：score）,在封闭工作流中目标对象不存在的分支不可达，因此条件化不改变可观察结果；此项保留原语义保持=1。（对象：row38）,0,rule_adjudicated_disagreement,"Protocol rule 4: the conditional adds an existence precondition absent from the base instruction, so strict instruction-level meaning is not preserved."
pc_v4_38_p3,pc_v4_38,table,ellipsis_multi_object_preservation,接受审校结论,接受审校结论,1,0,0,1,1,1,1,1,1,目标对象、字段和期望值没有问题；问题在于副作用保护由全局约束变成有限列举，因此同意语义保持=0。（核对对象：row38；字段：score）,只点名两个对象不变，未覆盖“所有无关对象和字段”，保护范围变窄，接受审校。（对象：row38；字段：score）,0,reviewer_agreement,Both reviewers recorded the same final decision.
pc_v4_39_p1,pc_v4_39,workflow_micro,pronoun_coreference,接受审校结论,接受审校结论,1,1,1,1,1,1,1,1,1,未发现语义增删：目标更新保持不变，副作用约束完整，接受 AI 的通过结论。（核对对象：step39；字段：note）,代词解析唯一，且其余状态不变的要求完整保留，可判为语义保持。（step39.note）,1,reviewer_agreement,Both reviewers recorded the same final decision.
pc_v4_39_p2,pc_v4_39,workflow_micro,conditional_negative_constraint,接受审校结论,保留原标签,0,0,1,1,0,1,1,1,1,条件句引入额外前提，不能只依据常见执行环境忽略该差异。AI 的语义判断和结构化标签均合理。（核对对象：step39；字段：note）,按开放文本解释确有条件差异，但在当前 bounded task 中目标实体预设存在。我采用操作语义，保留原判定。（对象：step39）,0,rule_adjudicated_disagreement,"Protocol rule 4: the conditional adds an existence precondition absent from the base instruction, so strict instruction-level meaning is not preserved."
pc_v4_39_p3,pc_v4_39,workflow_micro,ellipsis_multi_object_preservation,接受审校结论,不确定,0,0,,0,0,1,1,1,1,具名 peer 的不变约束不足以覆盖所有其他对象及字段，不能视为原句的完整改写。（核对对象：step39；字段：note）,保护范围看似收窄，但需要核对该任务的完整对象集合后才能定论；本表未提供该信息，暂不确定。（对象：step39；字段：note）,0,rule_adjudicated_uncertain,"Protocol rule 4: two named peers are not textually proven to exhaust every unrelated object and field, so the global preservation constraint is narrowed."
pc_v4_40_p1,pc_v4_40,file,pronoun_coreference,接受审校结论,接受审校结论,1,1,1,1,1,1,1,1,1,指代链短且明确，执行结果与原指令一致。结构化标签也与文本相符。（核对对象：reports/draft_40.txt；字段：content）,指代清楚，“everything else untouched”也保住了全局约束，没有语义偏移，接受通过。（reports/draft_40.txt.content）,1,reviewer_agreement,Both reviewers recorded the same final decision.
pc_v4_40_p2,pc_v4_40,file,conditional_negative_constraint,接受审校结论,接受审校结论,1,0,0,1,1,1,1,1,1,条件句引入额外前提，不能只依据常见执行环境忽略该差异。AI 的语义判断和结构化标签均合理。（核对对象：reports/draft_40.txt；字段：content）,文件或记录是否存在并未由句面保证；条件句会在缺失时选择不执行，而原命令要求完成更新，因此接受改判。（对象：reports/draft_40.txt）,0,reviewer_agreement,Both reviewers recorded the same final decision.
pc_v4_40_p3,pc_v4_40,file,ellipsis_multi_object_preservation,接受审校结论,接受审校结论,1,0,0,1,1,1,1,1,1,省略式改写保留了目标更新，但把全局禁止副作用约束收窄为两个具名对象，接受改判。（核对对象：reports/draft_40.txt；字段：content）,列举 peer 不能替代全局保护约束，尤其没有明确保护目标对象的其他字段，同意改判。（对象：reports/draft_40.txt；字段：content）,0,reviewer_agreement,Both reviewers recorded the same final decision.
pc_v4_41_p1,pc_v4_41,web_form,pronoun_coreference,接受审校结论,接受审校结论,1,1,1,1,1,1,1,1,1,指代链短且明确，执行结果与原指令一致。结构化标签也与文本相符。（核对对象：r41；字段：status）,没有歧义，也没有新增条件；执行结果与原句相同，接受审校。（r41.status）,1,reviewer_agreement,Both reviewers recorded the same final decision.
pc_v4_41_p2,pc_v4_41,web_form,conditional_negative_constraint,接受审校结论,接受审校结论,1,0,0,1,1,1,1,1,1,改写对执行设置了存在性门槛，原句没有该限制，因此保留语义保持=0的审校意见。（核对对象：r41；字段：status）,目标存在时两句一致，但目标缺失时义务不同；这一差异足以将语义保持标为0。（对象：r41）,0,reviewer_agreement,Both reviewers recorded the same final decision.
pc_v4_41_p3,pc_v4_41,web_form,ellipsis_multi_object_preservation,接受审校结论,接受审校结论,1,0,0,1,1,1,1,1,1,原指令的保护范围是开放集合，改写仅覆盖两个列举项。二者约束强度不同，应标为不等价。（核对对象：r41；字段：status）,该改写存在明显的保护范围收缩，结构化目标标签正确，但语义保持应为0。（对象：r41；字段：status）,0,reviewer_agreement,Both reviewers recorded the same final decision.
pc_v4_42_p1,pc_v4_42,table,pronoun_coreference,接受审校结论,接受审校结论,1,1,1,1,1,1,1,1,1,指代关系清楚，没有目标漂移；目标值和禁止副作用范围与原句一致，同意通过。（核对对象：row42；字段：score）,指代链明确，未发现保护范围缩小或目标漂移，接受通过。（row42.score）,1,reviewer_agreement,Both reviewers recorded the same final decision.
pc_v4_42_p2,pc_v4_42,table,conditional_negative_constraint,接受审校结论,保留原标签,0,0,1,1,0,1,1,1,1,原指令要求直接修改，改写增加 if-present 分支，执行条件发生变化。按句面语义应标为不保持。（核对对象：row42；字段：score）,这里的目标是已给定的表格行/流程步骤，存在性属于任务前置条件；条件句未改变本实例的预期状态，保留原标签。（对象：row42）,0,rule_adjudicated_disagreement,"Protocol rule 4: the conditional adds an existence precondition absent from the base instruction, so strict instruction-level meaning is not preserved."
pc_v4_42_p3,pc_v4_42,table,ellipsis_multi_object_preservation,接受审校结论,接受审校结论,1,0,0,1,1,1,1,1,1,目标对象、字段和期望值没有问题；问题在于副作用保护由全局约束变成有限列举，因此同意语义保持=0。（核对对象：row42；字段：score）,目标更新正确，但副作用约束只覆盖有限对象，语义不完整，接受 AI 结论。（对象：row42；字段：score）,0,reviewer_agreement,Both reviewers recorded the same final decision.
pc_v4_43_p1,pc_v4_43,workflow_micro,pronoun_coreference,接受审校结论,接受审校结论,1,1,1,1,1,1,1,1,1,改写仅改变表述方式，目标对象、字段、期望状态和全局保护范围均一致，接受审校结论。（核对对象：step43；字段：note）,its 指向刚刚打开的唯一对象，目标和保护范围都一致，同意 AI 结论。（step43.note）,1,reviewer_agreement,Both reviewers recorded the same final decision.
pc_v4_43_p2,pc_v4_43,workflow_micro,conditional_negative_constraint,接受审校结论,保留原标签,0,0,1,1,0,1,1,1,1,条件句引入额外前提，不能只依据常见执行环境忽略该差异。AI 的语义判断和结构化标签均合理。（核对对象：step43；字段：note）,我按数据集场景而非纯句面逻辑判断：目标步骤/行是既定对象，条件不会实际改变执行，保留原标签。（对象：step43）,0,rule_adjudicated_disagreement,"Protocol rule 4: the conditional adds an existence precondition absent from the base instruction, so strict instruction-level meaning is not preserved."
pc_v4_43_p3,pc_v4_43,workflow_micro,ellipsis_multi_object_preservation,接受审校结论,接受审校结论,1,0,0,1,1,1,1,1,1,具名 peer 的不变约束不足以覆盖所有其他对象及字段，不能视为原句的完整改写。（核对对象：step43；字段：note）,省略表达没有保留全部禁止副作用条件，因此接受审校意见。（对象：step43；字段：note）,0,reviewer_agreement,Both reviewers recorded the same final decision.
pc_v4_44_p1,pc_v4_44,file,pronoun_coreference,接受审校结论,接受审校结论,1,1,1,1,1,1,1,1,1,先打开目标对象再用 its 指回该对象，指代无歧义；其余状态不变的要求也得到保留。（核对对象：reports/draft_44.txt；字段：content）,这一项只是自然语言改写，目标、字段、值和副作用约束均未变化。（reports/draft_44.txt.content）,1,reviewer_agreement,Both reviewers recorded the same final decision.
pc_v4_44_p2,pc_v4_44,file,conditional_negative_constraint,接受审校结论,接受审校结论,1,0,0,1,1,1,1,1,1,条件句引入额外前提，不能只依据常见执行环境忽略该差异。AI 的语义判断和结构化标签均合理。（核对对象：reports/draft_44.txt；字段：content）,对文件/记录对象而言，存在性是可能失败的运行条件。改写增加条件分支，严格看不等价。（对象：reports/draft_44.txt）,0,reviewer_agreement,Both reviewers recorded the same final decision.
pc_v4_44_p3,pc_v4_44,file,ellipsis_multi_object_preservation,接受审校结论,接受审校结论,1,0,0,1,1,1,1,1,1,省略式改写保留了目标更新，但把全局禁止副作用约束收窄为两个具名对象，接受改判。（核对对象：reports/draft_44.txt；字段：content）,原句要求最小改动到所有无关状态，改写只保护两个具名项，二者不等价。（对象：reports/draft_44.txt；字段：content）,0,reviewer_agreement,Both reviewers recorded the same final decision.
pc_v4_45_p1,pc_v4_45,web_form,pronoun_coreference,接受审校结论,接受审校结论,1,1,1,1,1,1,1,1,1,先打开目标对象再用 its 指回该对象，指代无歧义；其余状态不变的要求也得到保留。（核对对象：r45；字段：name）,指代清楚，“everything else untouched”也保住了全局约束，没有语义偏移，接受通过。（r45.name）,1,reviewer_agreement,Both reviewers recorded the same final decision.
pc_v4_45_p2,pc_v4_45,web_form,conditional_negative_constraint,接受审校结论,接受审校结论,1,0,0,1,1,1,1,1,1,改写对执行设置了存在性门槛，原句没有该限制，因此保留语义保持=0的审校意见。（核对对象：r45；字段：name）,改写把直接更新变成有条件更新，缺失情形下结果不同，接受审校判断。（对象：r45）,0,reviewer_agreement,Both reviewers recorded the same final decision.
pc_v4_45_p3,pc_v4_45,web_form,ellipsis_multi_object_preservation,接受审校结论,接受审校结论,1,0,0,1,1,1,1,1,1,列举两个对象不能等同于“every unrelated object and field”；目标对象的其他字段也未被明确保护，语义不完全保持。（核对对象：r45；字段：name）,只点名两个对象不变，未覆盖“所有无关对象和字段”，保护范围变窄，接受审校。（对象：r45；字段：name）,0,reviewer_agreement,Both reviewers recorded the same final decision.
pc_v4_46_p1,pc_v4_46,table,pronoun_coreference,接受审校结论,接受审校结论,1,1,1,1,1,1,1,1,1,“leave everything else untouched”对应原句对所有无关对象和字段的保护，标签无须调整。（核对对象：row46；字段：score）,代词解析唯一，且其余状态不变的要求完整保留，可判为语义保持。（row46.score）,1,reviewer_agreement,Both reviewers recorded the same final decision.
pc_v4_46_p2,pc_v4_46,table,conditional_negative_constraint,接受审校结论,保留原标签,0,0,1,1,0,1,1,1,1,原指令要求直接修改，改写增加 if-present 分支，执行条件发生变化。按句面语义应标为不保持。（核对对象：row46；字段：score）,row/step 的存在由任务实例本身提供，“if present”只是冗余说明。就本数据集执行语义而言，我认为仍可视为等价。（对象：row46）,0,rule_adjudicated_disagreement,"Protocol rule 4: the conditional adds an existence precondition absent from the base instruction, so strict instruction-level meaning is not preserved."
pc_v4_46_p3,pc_v4_46,table,ellipsis_multi_object_preservation,接受审校结论,接受审校结论,1,0,0,1,1,1,1,1,1,目标对象、字段和期望值没有问题；问题在于副作用保护由全局约束变成有限列举，因此同意语义保持=0。（核对对象：row46；字段：score）,该改写存在明显的保护范围收缩，结构化目标标签正确，但语义保持应为0。（对象：row46；字段：score）,0,reviewer_agreement,Both reviewers recorded the same final decision.
pc_v4_47_p1,pc_v4_47,workflow_micro,pronoun_coreference,接受审校结论,接受审校结论,1,1,1,1,1,1,1,1,1,未发现语义增删：目标更新保持不变，副作用约束完整，接受 AI 的通过结论。（核对对象：step47；字段：note）,指代链明确，未发现保护范围缩小或目标漂移，接受通过。（step47.note）,1,reviewer_agreement,Both reviewers recorded the same final decision.
pc_v4_47_p2,pc_v4_47,workflow_micro,conditional_negative_constraint,接受审校结论,保留原标签,0,0,1,1,0,1,1,1,1,条件句引入额外前提，不能只依据常见执行环境忽略该差异。AI 的语义判断和结构化标签均合理。（核对对象：step47；字段：note）,在该封闭任务语境中，row/step 已由任务标识并默认存在。我把“if present”视为显式化执行前提，倾向保留原语义标签。（对象：step47）,0,rule_adjudicated_disagreement,"Protocol rule 4: the conditional adds an existence precondition absent from the base instruction, so strict instruction-level meaning is not preserved."
pc_v4_47_p3,pc_v4_47,workflow_micro,ellipsis_multi_object_preservation,接受审校结论,接受审校结论,1,0,0,1,1,1,1,1,1,具名 peer 的不变约束不足以覆盖所有其他对象及字段，不能视为原句的完整改写。（核对对象：step47；字段：note）,列举 peer 不能替代全局保护约束，尤其没有明确保护目标对象的其他字段，同意改判。（对象：step47；字段：note）,0,reviewer_agreement,Both reviewers recorded the same final decision.
pc_v4_48_p1,pc_v4_48,file,pronoun_coreference,接受审校结论,接受审校结论,1,1,1,1,1,1,1,1,1,指代链短且明确，执行结果与原指令一致。结构化标签也与文本相符。（核对对象：reports/draft_48.txt；字段：content）,没有歧义，也没有新增条件；执行结果与原句相同，接受审校。（reports/draft_48.txt.content）,1,reviewer_agreement,Both reviewers recorded the same final decision.
pc_v4_48_p2,pc_v4_48,file,conditional_negative_constraint,接受审校结论,接受审校结论,1,0,0,1,1,1,1,1,1,条件句引入额外前提，不能只依据常见执行环境忽略该差异。AI 的语义判断和结构化标签均合理。（核对对象：reports/draft_48.txt；字段：content）,我不把对象存在自动视为文本前提，因此同意 AI：条件化改变了命令适用范围。（对象：reports/draft_48.txt）,0,reviewer_agreement,Both reviewers recorded the same final decision.
pc_v4_48_p3,pc_v4_48,file,ellipsis_multi_object_preservation,接受审校结论,接受审校结论,1,0,0,1,1,1,1,1,1,省略式改写保留了目标更新，但把全局禁止副作用约束收窄为两个具名对象，接受改判。（核对对象：reports/draft_48.txt；字段：content）,省略表达没有保留全部禁止副作用条件，因此接受审校意见。（对象：reports/draft_48.txt；字段：content）,0,reviewer_agreement,Both reviewers recorded the same final decision.
pc_v4_49_p1,pc_v4_49,web_form,pronoun_coreference,接受审校结论,接受审校结论,1,1,1,1,1,1,1,1,1,指代链短且明确，执行结果与原指令一致。结构化标签也与文本相符。（核对对象：r49；字段：status）,这一项只是自然语言改写，目标、字段、值和副作用约束均未变化。（r49.status）,1,reviewer_agreement,Both reviewers recorded the same final decision.
pc_v4_49_p2,pc_v4_49,web_form,conditional_negative_constraint,接受审校结论,接受审校结论,1,0,0,1,1,1,1,1,1,改写对执行设置了存在性门槛，原句没有该限制，因此保留语义保持=0的审校意见。（核对对象：r49；字段：status）,这里的 if-present 会改变缺失目标时的行为，不能仅凭常规数据假设忽略，接受审校结论。（对象：r49）,0,reviewer_agreement,Both reviewers recorded the same final decision.
pc_v4_49_p3,pc_v4_49,web_form,ellipsis_multi_object_preservation,接受审校结论,不确定,0,0,,0,0,1,1,1,1,原指令的保护范围是开放集合，改写仅覆盖两个列举项。二者约束强度不同，应标为不等价。（核对对象：r49；字段：status）,文本表面上保护范围较窄；但若该实例除目标外确实只有这两个 peer，执行结果可能等价。缺少完整状态清单，暂记不确定。（对象：r49；字段：status）,0,rule_adjudicated_uncertain,"Protocol rule 4: two named peers are not textually proven to exhaust every unrelated object and field, so the global preservation constraint is narrowed."
pc_v4_50_p1,pc_v4_50,table,pronoun_coreference,接受审校结论,接受审校结论,1,1,1,1,1,1,1,1,1,指代关系清楚，没有目标漂移；目标值和禁止副作用范围与原句一致，同意通过。（核对对象：row50；字段：score）,its 指向刚刚打开的唯一对象，目标和保护范围都一致，同意 AI 结论。（row50.score）,1,reviewer_agreement,Both reviewers recorded the same final decision.
pc_v4_50_p2,pc_v4_50,table,conditional_negative_constraint,接受审校结论,保留原标签,0,0,1,1,0,1,1,1,1,原指令要求直接修改，改写增加 if-present 分支，执行条件发生变化。按句面语义应标为不保持。（核对对象：row50；字段：score）,在封闭工作流中目标对象不存在的分支不可达，因此条件化不改变可观察结果；此项保留原语义保持=1。（对象：row50）,0,rule_adjudicated_disagreement,"Protocol rule 4: the conditional adds an existence precondition absent from the base instruction, so strict instruction-level meaning is not preserved."
pc_v4_50_p3,pc_v4_50,table,ellipsis_multi_object_preservation,接受审校结论,接受审校结论,1,0,0,1,1,1,1,1,1,目标对象、字段和期望值没有问题；问题在于副作用保护由全局约束变成有限列举，因此同意语义保持=0。（核对对象：row50；字段：score）,只点名两个对象不变，未覆盖“所有无关对象和字段”，保护范围变窄，接受审校。（对象：row50；字段：score）,0,reviewer_agreement,Both reviewers recorded the same final decision.
pc_v4_51_p1,pc_v4_51,workflow_micro,pronoun_coreference,接受审校结论,接受审校结论,1,1,1,1,1,1,1,1,1,改写仅改变表述方式，目标对象、字段、期望状态和全局保护范围均一致，接受审校结论。（核对对象：step51；字段：note）,代词解析唯一，且其余状态不变的要求完整保留，可判为语义保持。（step51.note）,1,reviewer_agreement,Both reviewers recorded the same final decision.
pc_v4_51_p2,pc_v4_51,workflow_micro,conditional_negative_constraint,接受审校结论,保留原标签,0,0,1,1,0,1,1,1,1,条件句引入额外前提，不能只依据常见执行环境忽略该差异。AI 的语义判断和结构化标签均合理。（核对对象：step51；字段：note）,按开放文本解释确有条件差异，但在当前 bounded task 中目标实体预设存在。我采用操作语义，保留原判定。（对象：step51）,0,rule_adjudicated_disagreement,"Protocol rule 4: the conditional adds an existence precondition absent from the base instruction, so strict instruction-level meaning is not preserved."
pc_v4_51_p3,pc_v4_51,workflow_micro,ellipsis_multi_object_preservation,接受审校结论,接受审校结论,1,0,0,1,1,1,1,1,1,具名 peer 的不变约束不足以覆盖所有其他对象及字段，不能视为原句的完整改写。（核对对象：step51；字段：note）,原句要求最小改动到所有无关状态，改写只保护两个具名项，二者不等价。（对象：step51；字段：note）,0,reviewer_agreement,Both reviewers recorded the same final decision.
pc_v4_52_p1,pc_v4_52,file,pronoun_coreference,接受审校结论,接受审校结论,1,1,1,1,1,1,1,1,1,先打开目标对象再用 its 指回该对象，指代无歧义；其余状态不变的要求也得到保留。（核对对象：reports/draft_52.txt；字段：content）,指代清楚，“everything else untouched”也保住了全局约束，没有语义偏移，接受通过。（reports/draft_52.txt.content）,1,reviewer_agreement,Both reviewers recorded the same final decision.
pc_v4_52_p2,pc_v4_52,file,conditional_negative_constraint,接受审校结论,接受审校结论,1,0,0,1,1,1,1,1,1,条件句引入额外前提，不能只依据常见执行环境忽略该差异。AI 的语义判断和结构化标签均合理。（核对对象：reports/draft_52.txt；字段：content）,文件或记录是否存在并未由句面保证；条件句会在缺失时选择不执行，而原命令要求完成更新，因此接受改判。（对象：reports/draft_52.txt）,0,reviewer_agreement,Both reviewers recorded the same final decision.
pc_v4_52_p3,pc_v4_52,file,ellipsis_multi_object_preservation,接受审校结论,接受审校结论,1,0,0,1,1,1,1,1,1,省略式改写保留了目标更新，但把全局禁止副作用约束收窄为两个具名对象，接受改判。（核对对象：reports/draft_52.txt；字段：content）,列举 peer 不能替代全局保护约束，尤其没有明确保护目标对象的其他字段，同意改判。（对象：reports/draft_52.txt；字段：content）,0,reviewer_agreement,Both reviewers recorded the same final decision.
pc_v4_53_p1,pc_v4_53,web_form,pronoun_coreference,接受审校结论,接受审校结论,1,1,1,1,1,1,1,1,1,先打开目标对象再用 its 指回该对象，指代无歧义；其余状态不变的要求也得到保留。（核对对象：r53；字段：status）,没有歧义，也没有新增条件；执行结果与原句相同，接受审校。（r53.status）,1,reviewer_agreement,Both reviewers recorded the same final decision.
pc_v4_53_p2,pc_v4_53,web_form,conditional_negative_constraint,接受审校结论,接受审校结论,1,0,0,1,1,1,1,1,1,改写对执行设置了存在性门槛，原句没有该限制，因此保留语义保持=0的审校意见。（核对对象：r53；字段：status）,目标存在时两句一致，但目标缺失时义务不同；这一差异足以将语义保持标为0。（对象：r53）,0,reviewer_agreement,Both reviewers recorded the same final decision.
pc_v4_53_p3,pc_v4_53,web_form,ellipsis_multi_object_preservation,接受审校结论,接受审校结论,1,0,0,1,1,1,1,1,1,原指令的保护范围是开放集合，改写仅覆盖两个列举项。二者约束强度不同，应标为不等价。（核对对象：r53；字段：status）,该改写存在明显的保护范围收缩，结构化目标标签正确，但语义保持应为0。（对象：r53；字段：status）,0,reviewer_agreement,Both reviewers recorded the same final decision.
pc_v4_54_p1,pc_v4_54,table,pronoun_coreference,接受审校结论,接受审校结论,1,1,1,1,1,1,1,1,1,“leave everything else untouched”对应原句对所有无关对象和字段的保护，标签无须调整。（核对对象：row54；字段：score）,指代链明确，未发现保护范围缩小或目标漂移，接受通过。（row54.score）,1,reviewer_agreement,Both reviewers recorded the same final decision.
pc_v4_54_p2,pc_v4_54,table,conditional_negative_constraint,接受审校结论,保留原标签,0,0,1,1,0,1,1,1,1,原指令要求直接修改，改写增加 if-present 分支，执行条件发生变化。按句面语义应标为不保持。（核对对象：row54；字段：score）,这里的目标是已给定的表格行/流程步骤，存在性属于任务前置条件；条件句未改变本实例的预期状态，保留原标签。（对象：row54）,0,rule_adjudicated_disagreement,"Protocol rule 4: the conditional adds an existence precondition absent from the base instruction, so strict instruction-level meaning is not preserved."
pc_v4_54_p3,pc_v4_54,table,ellipsis_multi_object_preservation,接受审校结论,接受审校结论,1,0,0,1,1,1,1,1,1,目标对象、字段和期望值没有问题；问题在于副作用保护由全局约束变成有限列举，因此同意语义保持=0。（核对对象：row54；字段：score）,目标更新正确，但副作用约束只覆盖有限对象，语义不完整，接受 AI 结论。（对象：row54；字段：score）,0,reviewer_agreement,Both reviewers recorded the same final decision.
pc_v4_55_p1,pc_v4_55,workflow_micro,pronoun_coreference,接受审校结论,接受审校结论,1,1,1,1,1,1,1,1,1,未发现语义增删：目标更新保持不变，副作用约束完整，接受 AI 的通过结论。（核对对象：step55；字段：note）,its 指向刚刚打开的唯一对象，目标和保护范围都一致，同意 AI 结论。（step55.note）,1,reviewer_agreement,Both reviewers recorded the same final decision.
pc_v4_55_p2,pc_v4_55,workflow_micro,conditional_negative_constraint,接受审校结论,保留原标签,0,0,1,1,0,1,1,1,1,条件句引入额外前提，不能只依据常见执行环境忽略该差异。AI 的语义判断和结构化标签均合理。（核对对象：step55；字段：note）,我按数据集场景而非纯句面逻辑判断：目标步骤/行是既定对象，条件不会实际改变执行，保留原标签。（对象：step55）,0,rule_adjudicated_disagreement,"Protocol rule 4: the conditional adds an existence precondition absent from the base instruction, so strict instruction-level meaning is not preserved."
pc_v4_55_p3,pc_v4_55,workflow_micro,ellipsis_multi_object_preservation,接受审校结论,接受审校结论,1,0,0,1,1,1,1,1,1,具名 peer 的不变约束不足以覆盖所有其他对象及字段，不能视为原句的完整改写。（核对对象：step55；字段：note）,省略表达没有保留全部禁止副作用条件，因此接受审校意见。（对象：step55；字段：note）,0,reviewer_agreement,Both reviewers recorded the same final decision.
pc_v4_56_p1,pc_v4_56,file,pronoun_coreference,接受审校结论,接受审校结论,1,1,1,1,1,1,1,1,1,指代链短且明确，执行结果与原指令一致。结构化标签也与文本相符。（核对对象：reports/draft_56.txt；字段：content）,这一项只是自然语言改写，目标、字段、值和副作用约束均未变化。（reports/draft_56.txt.content）,1,reviewer_agreement,Both reviewers recorded the same final decision.
pc_v4_56_p2,pc_v4_56,file,conditional_negative_constraint,接受审校结论,接受审校结论,1,0,0,1,1,1,1,1,1,条件句引入额外前提，不能只依据常见执行环境忽略该差异。AI 的语义判断和结构化标签均合理。（核对对象：reports/draft_56.txt；字段：content）,对文件/记录对象而言，存在性是可能失败的运行条件。改写增加条件分支，严格看不等价。（对象：reports/draft_56.txt）,0,reviewer_agreement,Both reviewers recorded the same final decision.
pc_v4_56_p3,pc_v4_56,file,ellipsis_multi_object_preservation,接受审校结论,接受审校结论,1,0,0,1,1,1,1,1,1,省略式改写保留了目标更新，但把全局禁止副作用约束收窄为两个具名对象，接受改判。（核对对象：reports/draft_56.txt；字段：content）,原句要求最小改动到所有无关状态，改写只保护两个具名项，二者不等价。（对象：reports/draft_56.txt；字段：content）,0,reviewer_agreement,Both reviewers recorded the same final decision.
pc_v4_57_p1,pc_v4_57,web_form,pronoun_coreference,接受审校结论,接受审校结论,1,1,1,1,1,1,1,1,1,指代链短且明确，执行结果与原指令一致。结构化标签也与文本相符。（核对对象：r57；字段：name）,指代清楚，“everything else untouched”也保住了全局约束，没有语义偏移，接受通过。（r57.name）,1,reviewer_agreement,Both reviewers recorded the same final decision.
pc_v4_57_p2,pc_v4_57,web_form,conditional_negative_constraint,接受审校结论,接受审校结论,1,0,0,1,1,1,1,1,1,改写对执行设置了存在性门槛，原句没有该限制，因此保留语义保持=0的审校意见。（核对对象：r57；字段：name）,改写把直接更新变成有条件更新，缺失情形下结果不同，接受审校判断。（对象：r57）,0,reviewer_agreement,Both reviewers recorded the same final decision.
pc_v4_57_p3,pc_v4_57,web_form,ellipsis_multi_object_preservation,接受审校结论,接受审校结论,1,0,0,1,1,1,1,1,1,列举两个对象不能等同于“every unrelated object and field”；目标对象的其他字段也未被明确保护，语义不完全保持。（核对对象：r57；字段：name）,只点名两个对象不变，未覆盖“所有无关对象和字段”，保护范围变窄，接受审校。（对象：r57；字段：name）,0,reviewer_agreement,Both reviewers recorded the same final decision.
pc_v4_58_p1,pc_v4_58,table,pronoun_coreference,接受审校结论,接受审校结论,1,1,1,1,1,1,1,1,1,指代关系清楚，没有目标漂移；目标值和禁止副作用范围与原句一致，同意通过。（核对对象：row58；字段：score）,代词解析唯一，且其余状态不变的要求完整保留，可判为语义保持。（row58.score）,1,reviewer_agreement,Both reviewers recorded the same final decision.
pc_v4_58_p2,pc_v4_58,table,conditional_negative_constraint,接受审校结论,保留原标签,0,0,1,1,0,1,1,1,1,原指令要求直接修改，改写增加 if-present 分支，执行条件发生变化。按句面语义应标为不保持。（核对对象：row58；字段：score）,row/step 的存在由任务实例本身提供，“if present”只是冗余说明。就本数据集执行语义而言，我认为仍可视为等价。（对象：row58）,0,rule_adjudicated_disagreement,"Protocol rule 4: the conditional adds an existence precondition absent from the base instruction, so strict instruction-level meaning is not preserved."
pc_v4_58_p3,pc_v4_58,table,ellipsis_multi_object_preservation,接受审校结论,接受审校结论,1,0,0,1,1,1,1,1,1,目标对象、字段和期望值没有问题；问题在于副作用保护由全局约束变成有限列举，因此同意语义保持=0。（核对对象：row58；字段：score）,该改写存在明显的保护范围收缩，结构化目标标签正确，但语义保持应为0。（对象：row58；字段：score）,0,reviewer_agreement,Both reviewers recorded the same final decision.
pc_v4_59_p1,pc_v4_59,workflow_micro,pronoun_coreference,接受审校结论,接受审校结论,1,1,1,1,1,1,1,1,1,改写仅改变表述方式，目标对象、字段、期望状态和全局保护范围均一致，接受审校结论。（核对对象：step59；字段：note）,指代链明确，未发现保护范围缩小或目标漂移，接受通过。（step59.note）,1,reviewer_agreement,Both reviewers recorded the same final decision.
pc_v4_59_p2,pc_v4_59,workflow_micro,conditional_negative_constraint,接受审校结论,保留原标签,0,0,1,1,0,1,1,1,1,条件句引入额外前提，不能只依据常见执行环境忽略该差异。AI 的语义判断和结构化标签均合理。（核对对象：step59；字段：note）,在该封闭任务语境中，row/step 已由任务标识并默认存在。我把“if present”视为显式化执行前提，倾向保留原语义标签。（对象：step59）,0,rule_adjudicated_disagreement,"Protocol rule 4: the conditional adds an existence precondition absent from the base instruction, so strict instruction-level meaning is not preserved."
pc_v4_59_p3,pc_v4_59,workflow_micro,ellipsis_multi_object_preservation,接受审校结论,不确定,0,0,,0,0,1,1,1,1,具名 peer 的不变约束不足以覆盖所有其他对象及字段，不能视为原句的完整改写。（核对对象：step59；字段：note）,按句面应当不等价，不过是否存在其他无关对象/字段需要查看实例状态。当前信息不足，暂不确定。（对象：step59；字段：note）,0,rule_adjudicated_uncertain,"Protocol rule 4: two named peers are not textually proven to exhaust every unrelated object and field, so the global preservation constraint is narrowed."
pc_v4_60_p1,pc_v4_60,file,pronoun_coreference,接受审校结论,接受审校结论,1,1,1,1,1,1,1,1,1,先打开目标对象再用 its 指回该对象，指代无歧义；其余状态不变的要求也得到保留。（核对对象：reports/draft_60.txt；字段：content）,没有歧义，也没有新增条件；执行结果与原句相同，接受审校。（reports/draft_60.txt.content）,1,reviewer_agreement,Both reviewers recorded the same final decision.
pc_v4_60_p2,pc_v4_60,file,conditional_negative_constraint,接受审校结论,接受审校结论,1,0,0,1,1,1,1,1,1,条件句引入额外前提，不能只依据常见执行环境忽略该差异。AI 的语义判断和结构化标签均合理。（核对对象：reports/draft_60.txt；字段：content）,我不把对象存在自动视为文本前提，因此同意 AI：条件化改变了命令适用范围。（对象：reports/draft_60.txt）,0,reviewer_agreement,Both reviewers recorded the same final decision.
pc_v4_60_p3,pc_v4_60,file,ellipsis_multi_object_preservation,接受审校结论,接受审校结论,1,0,0,1,1,1,1,1,1,省略式改写保留了目标更新，但把全局禁止副作用约束收窄为两个具名对象，接受改判。（核对对象：reports/draft_60.txt；字段：content）,省略表达没有保留全部禁止副作用条件，因此接受审校意见。（对象：reports/draft_60.txt；字段：content）,0,reviewer_agreement,Both reviewers recorded the same final decision.
pc_v4_61_p1,pc_v4_61,web_form,pronoun_coreference,接受审校结论,接受审校结论,1,1,1,1,1,1,1,1,1,先打开目标对象再用 its 指回该对象，指代无歧义；其余状态不变的要求也得到保留。（核对对象：r61；字段：status）,这一项只是自然语言改写，目标、字段、值和副作用约束均未变化。（r61.status）,1,reviewer_agreement,Both reviewers recorded the same final decision.
pc_v4_61_p2,pc_v4_61,web_form,conditional_negative_constraint,接受审校结论,接受审校结论,1,0,0,1,1,1,1,1,1,改写对执行设置了存在性门槛，原句没有该限制，因此保留语义保持=0的审校意见。（核对对象：r61；字段：status）,这里的 if-present 会改变缺失目标时的行为，不能仅凭常规数据假设忽略，接受审校结论。（对象：r61）,0,reviewer_agreement,Both reviewers recorded the same final decision.
pc_v4_61_p3,pc_v4_61,web_form,ellipsis_multi_object_preservation,接受审校结论,接受审校结论,1,0,0,1,1,1,1,1,1,原指令的保护范围是开放集合，改写仅覆盖两个列举项。二者约束强度不同，应标为不等价。（核对对象：r61；字段：status）,目标更新正确，但副作用约束只覆盖有限对象，语义不完整，接受 AI 结论。（对象：r61；字段：status）,0,reviewer_agreement,Both reviewers recorded the same final decision.
pc_v4_62_p1,pc_v4_62,table,pronoun_coreference,接受审校结论,接受审校结论,1,1,1,1,1,1,1,1,1,“leave everything else untouched”对应原句对所有无关对象和字段的保护，标签无须调整。（核对对象：row62；字段：score）,its 指向刚刚打开的唯一对象，目标和保护范围都一致，同意 AI 结论。（row62.score）,1,reviewer_agreement,Both reviewers recorded the same final decision.
pc_v4_62_p2,pc_v4_62,table,conditional_negative_constraint,接受审校结论,保留原标签,0,0,1,1,0,1,1,1,1,原指令要求直接修改，改写增加 if-present 分支，执行条件发生变化。按句面语义应标为不保持。（核对对象：row62；字段：score）,在封闭工作流中目标对象不存在的分支不可达，因此条件化不改变可观察结果；此项保留原语义保持=1。（对象：row62）,0,rule_adjudicated_disagreement,"Protocol rule 4: the conditional adds an existence precondition absent from the base instruction, so strict instruction-level meaning is not preserved."
pc_v4_62_p3,pc_v4_62,table,ellipsis_multi_object_preservation,接受审校结论,接受审校结论,1,0,0,1,1,1,1,1,1,目标对象、字段和期望值没有问题；问题在于副作用保护由全局约束变成有限列举，因此同意语义保持=0。（核对对象：row62；字段：score）,只点名两个对象不变，未覆盖“所有无关对象和字段”，保护范围变窄，接受审校。（对象：row62；字段：score）,0,reviewer_agreement,Both reviewers recorded the same final decision.
pc_v4_63_p1,pc_v4_63,workflow_micro,pronoun_coreference,接受审校结论,接受审校结论,1,1,1,1,1,1,1,1,1,未发现语义增删：目标更新保持不变，副作用约束完整，接受 AI 的通过结论。（核对对象：step63；字段：note）,代词解析唯一，且其余状态不变的要求完整保留，可判为语义保持。（step63.note）,1,reviewer_agreement,Both reviewers recorded the same final decision.
pc_v4_63_p2,pc_v4_63,workflow_micro,conditional_negative_constraint,接受审校结论,保留原标签,0,0,1,1,0,1,1,1,1,条件句引入额外前提，不能只依据常见执行环境忽略该差异。AI 的语义判断和结构化标签均合理。（核对对象：step63；字段：note）,按开放文本解释确有条件差异，但在当前 bounded task 中目标实体预设存在。我采用操作语义，保留原判定。（对象：step63）,0,rule_adjudicated_disagreement,"Protocol rule 4: the conditional adds an existence precondition absent from the base instruction, so strict instruction-level meaning is not preserved."
pc_v4_63_p3,pc_v4_63,workflow_micro,ellipsis_multi_object_preservation,接受审校结论,接受审校结论,1,0,0,1,1,1,1,1,1,具名 peer 的不变约束不足以覆盖所有其他对象及字段，不能视为原句的完整改写。（核对对象：step63；字段：note）,原句要求最小改动到所有无关状态，改写只保护两个具名项，二者不等价。（对象：step63；字段：note）,0,reviewer_agreement,Both reviewers recorded the same final decision.
pc_v4_64_p1,pc_v4_64,file,pronoun_coreference,接受审校结论,接受审校结论,1,1,1,1,1,1,1,1,1,指代链短且明确，执行结果与原指令一致。结构化标签也与文本相符。（核对对象：reports/draft_64.txt；字段：content）,指代清楚，“everything else untouched”也保住了全局约束，没有语义偏移，接受通过。（reports/draft_64.txt.content）,1,reviewer_agreement,Both reviewers recorded the same final decision.
pc_v4_64_p2,pc_v4_64,file,conditional_negative_constraint,接受审校结论,接受审校结论,1,0,0,1,1,1,1,1,1,条件句引入额外前提，不能只依据常见执行环境忽略该差异。AI 的语义判断和结构化标签均合理。（核对对象：reports/draft_64.txt；字段：content）,文件或记录是否存在并未由句面保证；条件句会在缺失时选择不执行，而原命令要求完成更新，因此接受改判。（对象：reports/draft_64.txt）,0,reviewer_agreement,Both reviewers recorded the same final decision.
pc_v4_64_p3,pc_v4_64,file,ellipsis_multi_object_preservation,接受审校结论,接受审校结论,1,0,0,1,1,1,1,1,1,省略式改写保留了目标更新，但把全局禁止副作用约束收窄为两个具名对象，接受改判。（核对对象：reports/draft_64.txt；字段：content）,列举 peer 不能替代全局保护约束，尤其没有明确保护目标对象的其他字段，同意改判。（对象：reports/draft_64.txt；字段：content）,0,reviewer_agreement,Both reviewers recorded the same final decision.
pc_v4_65_p1,pc_v4_65,web_form,pronoun_coreference,接受审校结论,接受审校结论,1,1,1,1,1,1,1,1,1,指代链短且明确，执行结果与原指令一致。结构化标签也与文本相符。（核对对象：r65；字段：status）,没有歧义，也没有新增条件；执行结果与原句相同，接受审校。（r65.status）,1,reviewer_agreement,Both reviewers recorded the same final decision.
pc_v4_65_p2,pc_v4_65,web_form,conditional_negative_constraint,接受审校结论,接受审校结论,1,0,0,1,1,1,1,1,1,改写对执行设置了存在性门槛，原句没有该限制，因此保留语义保持=0的审校意见。（核对对象：r65；字段：status）,目标存在时两句一致，但目标缺失时义务不同；这一差异足以将语义保持标为0。（对象：r65）,0,reviewer_agreement,Both reviewers recorded the same final decision.
pc_v4_65_p3,pc_v4_65,web_form,ellipsis_multi_object_preservation,接受审校结论,接受审校结论,1,0,0,1,1,1,1,1,1,原指令的保护范围是开放集合，改写仅覆盖两个列举项。二者约束强度不同，应标为不等价。（核对对象：r65；字段：status）,该改写存在明显的保护范围收缩，结构化目标标签正确，但语义保持应为0。（对象：r65；字段：status）,0,reviewer_agreement,Both reviewers recorded the same final decision.
pc_v4_66_p1,pc_v4_66,table,pronoun_coreference,接受审校结论,接受审校结论,1,1,1,1,1,1,1,1,1,指代关系清楚，没有目标漂移；目标值和禁止副作用范围与原句一致，同意通过。（核对对象：row66；字段：score）,指代链明确，未发现保护范围缩小或目标漂移，接受通过。（row66.score）,1,reviewer_agreement,Both reviewers recorded the same final decision.
pc_v4_66_p2,pc_v4_66,table,conditional_negative_constraint,接受审校结论,保留原标签,0,0,1,1,0,1,1,1,1,原指令要求直接修改，改写增加 if-present 分支，执行条件发生变化。按句面语义应标为不保持。（核对对象：row66；字段：score）,这里的目标是已给定的表格行/流程步骤，存在性属于任务前置条件；条件句未改变本实例的预期状态，保留原标签。（对象：row66）,0,rule_adjudicated_disagreement,"Protocol rule 4: the conditional adds an existence precondition absent from the base instruction, so strict instruction-level meaning is not preserved."
pc_v4_66_p3,pc_v4_66,table,ellipsis_multi_object_preservation,接受审校结论,接受审校结论,1,0,0,1,1,1,1,1,1,目标对象、字段和期望值没有问题；问题在于副作用保护由全局约束变成有限列举，因此同意语义保持=0。（核对对象：row66；字段：score）,目标更新正确，但副作用约束只覆盖有限对象，语义不完整，接受 AI 结论。（对象：row66；字段：score）,0,reviewer_agreement,Both reviewers recorded the same final decision.
pc_v4_67_p1,pc_v4_67,workflow_micro,pronoun_coreference,接受审校结论,接受审校结论,1,1,1,1,1,1,1,1,1,改写仅改变表述方式，目标对象、字段、期望状态和全局保护范围均一致，接受审校结论。（核对对象：step67；字段：note）,its 指向刚刚打开的唯一对象，目标和保护范围都一致，同意 AI 结论。（step67.note）,1,reviewer_agreement,Both reviewers recorded the same final decision.
pc_v4_67_p2,pc_v4_67,workflow_micro,conditional_negative_constraint,接受审校结论,保留原标签,0,0,1,1,0,1,1,1,1,条件句引入额外前提，不能只依据常见执行环境忽略该差异。AI 的语义判断和结构化标签均合理。（核对对象：step67；字段：note）,我按数据集场景而非纯句面逻辑判断：目标步骤/行是既定对象，条件不会实际改变执行，保留原标签。（对象：step67）,0,rule_adjudicated_disagreement,"Protocol rule 4: the conditional adds an existence precondition absent from the base instruction, so strict instruction-level meaning is not preserved."
pc_v4_67_p3,pc_v4_67,workflow_micro,ellipsis_multi_object_preservation,接受审校结论,接受审校结论,1,0,0,1,1,1,1,1,1,具名 peer 的不变约束不足以覆盖所有其他对象及字段，不能视为原句的完整改写。（核对对象：step67；字段：note）,省略表达没有保留全部禁止副作用条件，因此接受审校意见。（对象：step67；字段：note）,0,reviewer_agreement,Both reviewers recorded the same final decision.
pc_v4_68_p1,pc_v4_68,file,pronoun_coreference,接受审校结论,接受审校结论,1,1,1,1,1,1,1,1,1,先打开目标对象再用 its 指回该对象，指代无歧义；其余状态不变的要求也得到保留。（核对对象：reports/draft_68.txt；字段：content）,这一项只是自然语言改写，目标、字段、值和副作用约束均未变化。（reports/draft_68.txt.content）,1,reviewer_agreement,Both reviewers recorded the same final decision.
pc_v4_68_p2,pc_v4_68,file,conditional_negative_constraint,接受审校结论,接受审校结论,1,0,0,1,1,1,1,1,1,条件句引入额外前提，不能只依据常见执行环境忽略该差异。AI 的语义判断和结构化标签均合理。（核对对象：reports/draft_68.txt；字段：content）,对文件/记录对象而言，存在性是可能失败的运行条件。改写增加条件分支，严格看不等价。（对象：reports/draft_68.txt）,0,reviewer_agreement,Both reviewers recorded the same final decision.
pc_v4_68_p3,pc_v4_68,file,ellipsis_multi_object_preservation,接受审校结论,接受审校结论,1,0,0,1,1,1,1,1,1,省略式改写保留了目标更新，但把全局禁止副作用约束收窄为两个具名对象，接受改判。（核对对象：reports/draft_68.txt；字段：content）,原句要求最小改动到所有无关状态，改写只保护两个具名项，二者不等价。（对象：reports/draft_68.txt；字段：content）,0,reviewer_agreement,Both reviewers recorded the same final decision.
pc_v4_69_p1,pc_v4_69,web_form,pronoun_coreference,接受审校结论,接受审校结论,1,1,1,1,1,1,1,1,1,先打开目标对象再用 its 指回该对象，指代无歧义；其余状态不变的要求也得到保留。（核对对象：r69；字段：name）,指代清楚，“everything else untouched”也保住了全局约束，没有语义偏移，接受通过。（r69.name）,1,reviewer_agreement,Both reviewers recorded the same final decision.
pc_v4_69_p2,pc_v4_69,web_form,conditional_negative_constraint,接受审校结论,接受审校结论,1,0,0,1,1,1,1,1,1,改写对执行设置了存在性门槛，原句没有该限制，因此保留语义保持=0的审校意见。（核对对象：r69；字段：name）,改写把直接更新变成有条件更新，缺失情形下结果不同，接受审校判断。（对象：r69）,0,reviewer_agreement,Both reviewers recorded the same final decision.
pc_v4_69_p3,pc_v4_69,web_form,ellipsis_multi_object_preservation,接受审校结论,不确定,0,0,,0,0,1,1,1,1,列举两个对象不能等同于“every unrelated object and field”；目标对象的其他字段也未被明确保护，语义不完全保持。（核对对象：r69；字段：name）,两个具名 peer 是否穷尽全部无关对象无法从本行确认。若已穷尽则可能等价，否则不等价，因此保留不确定。（对象：r69；字段：name）,0,rule_adjudicated_uncertain,"Protocol rule 4: two named peers are not textually proven to exhaust every unrelated object and field, so the global preservation constraint is narrowed."
pc_v4_70_p1,pc_v4_70,table,pronoun_coreference,接受审校结论,接受审校结论,1,1,1,1,1,1,1,1,1,“leave everything else untouched”对应原句对所有无关对象和字段的保护，标签无须调整。（核对对象：row70；字段：score）,代词解析唯一，且其余状态不变的要求完整保留，可判为语义保持。（row70.score）,1,reviewer_agreement,Both reviewers recorded the same final decision.
pc_v4_70_p2,pc_v4_70,table,conditional_negative_constraint,接受审校结论,保留原标签,0,0,1,1,0,1,1,1,1,原指令要求直接修改，改写增加 if-present 分支，执行条件发生变化。按句面语义应标为不保持。（核对对象：row70；字段：score）,row/step 的存在由任务实例本身提供，“if present”只是冗余说明。就本数据集执行语义而言，我认为仍可视为等价。（对象：row70）,0,rule_adjudicated_disagreement,"Protocol rule 4: the conditional adds an existence precondition absent from the base instruction, so strict instruction-level meaning is not preserved."
pc_v4_70_p3,pc_v4_70,table,ellipsis_multi_object_preservation,接受审校结论,接受审校结论,1,0,0,1,1,1,1,1,1,目标对象、字段和期望值没有问题；问题在于副作用保护由全局约束变成有限列举，因此同意语义保持=0。（核对对象：row70；字段：score）,该改写存在明显的保护范围收缩，结构化目标标签正确，但语义保持应为0。（对象：row70；字段：score）,0,reviewer_agreement,Both reviewers recorded the same final decision.
pc_v4_71_p1,pc_v4_71,workflow_micro,pronoun_coreference,接受审校结论,接受审校结论,1,1,1,1,1,1,1,1,1,未发现语义增删：目标更新保持不变，副作用约束完整，接受 AI 的通过结论。（核对对象：step71；字段：note）,指代链明确，未发现保护范围缩小或目标漂移，接受通过。（step71.note）,1,reviewer_agreement,Both reviewers recorded the same final decision.
pc_v4_71_p2,pc_v4_71,workflow_micro,conditional_negative_constraint,接受审校结论,保留原标签,0,0,1,1,0,1,1,1,1,条件句引入额外前提，不能只依据常见执行环境忽略该差异。AI 的语义判断和结构化标签均合理。（核对对象：step71；字段：note）,在该封闭任务语境中，row/step 已由任务标识并默认存在。我把“if present”视为显式化执行前提，倾向保留原语义标签。（对象：step71）,0,rule_adjudicated_disagreement,"Protocol rule 4: the conditional adds an existence precondition absent from the base instruction, so strict instruction-level meaning is not preserved."
pc_v4_71_p3,pc_v4_71,workflow_micro,ellipsis_multi_object_preservation,接受审校结论,接受审校结论,1,0,0,1,1,1,1,1,1,具名 peer 的不变约束不足以覆盖所有其他对象及字段，不能视为原句的完整改写。（核对对象：step71；字段：note）,列举 peer 不能替代全局保护约束，尤其没有明确保护目标对象的其他字段，同意改判。（对象：step71；字段：note）,0,reviewer_agreement,Both reviewers recorded the same final decision.
pc_v4_72_p1,pc_v4_72,file,pronoun_coreference,接受审校结论,接受审校结论,1,1,1,1,1,1,1,1,1,指代链短且明确，执行结果与原指令一致。结构化标签也与文本相符。（核对对象：reports/draft_72.txt；字段：content）,没有歧义，也没有新增条件；执行结果与原句相同，接受审校。（reports/draft_72.txt.content）,1,reviewer_agreement,Both reviewers recorded the same final decision.
pc_v4_72_p2,pc_v4_72,file,conditional_negative_constraint,接受审校结论,接受审校结论,1,0,0,1,1,1,1,1,1,条件句引入额外前提，不能只依据常见执行环境忽略该差异。AI 的语义判断和结构化标签均合理。（核对对象：reports/draft_72.txt；字段：content）,我不把对象存在自动视为文本前提，因此同意 AI：条件化改变了命令适用范围。（对象：reports/draft_72.txt）,0,reviewer_agreement,Both reviewers recorded the same final decision.
pc_v4_72_p3,pc_v4_72,file,ellipsis_multi_object_preservation,接受审校结论,接受审校结论,1,0,0,1,1,1,1,1,1,省略式改写保留了目标更新，但把全局禁止副作用约束收窄为两个具名对象，接受改判。（核对对象：reports/draft_72.txt；字段：content）,省略表达没有保留全部禁止副作用条件，因此接受审校意见。（对象：reports/draft_72.txt；字段：content）,0,reviewer_agreement,Both reviewers recorded the same final decision.
pc_v4_73_p1,pc_v4_73,web_form,pronoun_coreference,接受审校结论,接受审校结论,1,1,1,1,1,1,1,1,1,指代链短且明确，执行结果与原指令一致。结构化标签也与文本相符。（核对对象：r73；字段：status）,这一项只是自然语言改写，目标、字段、值和副作用约束均未变化。（r73.status）,1,reviewer_agreement,Both reviewers recorded the same final decision.
pc_v4_73_p2,pc_v4_73,web_form,conditional_negative_constraint,接受审校结论,接受审校结论,1,0,0,1,1,1,1,1,1,改写对执行设置了存在性门槛，原句没有该限制，因此保留语义保持=0的审校意见。（核对对象：r73；字段：status）,这里的 if-present 会改变缺失目标时的行为，不能仅凭常规数据假设忽略，接受审校结论。（对象：r73）,0,reviewer_agreement,Both reviewers recorded the same final decision.
pc_v4_73_p3,pc_v4_73,web_form,ellipsis_multi_object_preservation,接受审校结论,接受审校结论,1,0,0,1,1,1,1,1,1,原指令的保护范围是开放集合，改写仅覆盖两个列举项。二者约束强度不同，应标为不等价。（核对对象：r73；字段：status）,目标更新正确，但副作用约束只覆盖有限对象，语义不完整，接受 AI 结论。（对象：r73；字段：status）,0,reviewer_agreement,Both reviewers recorded the same final decision.
pc_v4_74_p1,pc_v4_74,table,pronoun_coreference,接受审校结论,接受审校结论,1,1,1,1,1,1,1,1,1,指代关系清楚，没有目标漂移；目标值和禁止副作用范围与原句一致，同意通过。（核对对象：row74；字段：score）,its 指向刚刚打开的唯一对象，目标和保护范围都一致，同意 AI 结论。（row74.score）,1,reviewer_agreement,Both reviewers recorded the same final decision.
pc_v4_74_p2,pc_v4_74,table,conditional_negative_constraint,接受审校结论,保留原标签,0,0,1,1,0,1,1,1,1,原指令要求直接修改，改写增加 if-present 分支，执行条件发生变化。按句面语义应标为不保持。（核对对象：row74；字段：score）,在封闭工作流中目标对象不存在的分支不可达，因此条件化不改变可观察结果；此项保留原语义保持=1。（对象：row74）,0,rule_adjudicated_disagreement,"Protocol rule 4: the conditional adds an existence precondition absent from the base instruction, so strict instruction-level meaning is not preserved."
pc_v4_74_p3,pc_v4_74,table,ellipsis_multi_object_preservation,接受审校结论,接受审校结论,1,0,0,1,1,1,1,1,1,目标对象、字段和期望值没有问题；问题在于副作用保护由全局约束变成有限列举，因此同意语义保持=0。（核对对象：row74；字段：score）,只点名两个对象不变，未覆盖“所有无关对象和字段”，保护范围变窄，接受审校。（对象：row74；字段：score）,0,reviewer_agreement,Both reviewers recorded the same final decision.
pc_v4_75_p1,pc_v4_75,workflow_micro,pronoun_coreference,接受审校结论,接受审校结论,1,1,1,1,1,1,1,1,1,改写仅改变表述方式，目标对象、字段、期望状态和全局保护范围均一致，接受审校结论。（核对对象：step75；字段：note）,代词解析唯一，且其余状态不变的要求完整保留，可判为语义保持。（step75.note）,1,reviewer_agreement,Both reviewers recorded the same final decision.
pc_v4_75_p2,pc_v4_75,workflow_micro,conditional_negative_constraint,接受审校结论,保留原标签,0,0,1,1,0,1,1,1,1,条件句引入额外前提，不能只依据常见执行环境忽略该差异。AI 的语义判断和结构化标签均合理。（核对对象：step75；字段：note）,按开放文本解释确有条件差异，但在当前 bounded task 中目标实体预设存在。我采用操作语义，保留原判定。（对象：step75）,0,rule_adjudicated_disagreement,"Protocol rule 4: the conditional adds an existence precondition absent from the base instruction, so strict instruction-level meaning is not preserved."
pc_v4_75_p3,pc_v4_75,workflow_micro,ellipsis_multi_object_preservation,接受审校结论,接受审校结论,1,0,0,1,1,1,1,1,1,具名 peer 的不变约束不足以覆盖所有其他对象及字段，不能视为原句的完整改写。（核对对象：step75；字段：note）,原句要求最小改动到所有无关状态，改写只保护两个具名项，二者不等价。（对象：step75；字段：note）,0,reviewer_agreement,Both reviewers recorded the same final decision.
pc_v4_76_p1,pc_v4_76,file,pronoun_coreference,接受审校结论,接受审校结论,1,1,1,1,1,1,1,1,1,先打开目标对象再用 its 指回该对象，指代无歧义；其余状态不变的要求也得到保留。（核对对象：reports/draft_76.txt；字段：content）,指代清楚，“everything else untouched”也保住了全局约束，没有语义偏移，接受通过。（reports/draft_76.txt.content）,1,reviewer_agreement,Both reviewers recorded the same final decision.
pc_v4_76_p2,pc_v4_76,file,conditional_negative_constraint,接受审校结论,接受审校结论,1,0,0,1,1,1,1,1,1,条件句引入额外前提，不能只依据常见执行环境忽略该差异。AI 的语义判断和结构化标签均合理。（核对对象：reports/draft_76.txt；字段：content）,文件或记录是否存在并未由句面保证；条件句会在缺失时选择不执行，而原命令要求完成更新，因此接受改判。（对象：reports/draft_76.txt）,0,reviewer_agreement,Both reviewers recorded the same final decision.
pc_v4_76_p3,pc_v4_76,file,ellipsis_multi_object_preservation,接受审校结论,接受审校结论,1,0,0,1,1,1,1,1,1,省略式改写保留了目标更新，但把全局禁止副作用约束收窄为两个具名对象，接受改判。（核对对象：reports/draft_76.txt；字段：content）,列举 peer 不能替代全局保护约束，尤其没有明确保护目标对象的其他字段，同意改判。（对象：reports/draft_76.txt；字段：content）,0,reviewer_agreement,Both reviewers recorded the same final decision.
pc_v4_77_p1,pc_v4_77,web_form,pronoun_coreference,接受审校结论,接受审校结论,1,1,1,1,1,1,1,1,1,先打开目标对象再用 its 指回该对象，指代无歧义；其余状态不变的要求也得到保留。（核对对象：r77；字段：status）,没有歧义，也没有新增条件；执行结果与原句相同，接受审校。（r77.status）,1,reviewer_agreement,Both reviewers recorded the same final decision.
pc_v4_77_p2,pc_v4_77,web_form,conditional_negative_constraint,接受审校结论,接受审校结论,1,0,0,1,1,1,1,1,1,改写对执行设置了存在性门槛，原句没有该限制，因此保留语义保持=0的审校意见。（核对对象：r77；字段：status）,目标存在时两句一致，但目标缺失时义务不同；这一差异足以将语义保持标为0。（对象：r77）,0,reviewer_agreement,Both reviewers recorded the same final decision.
pc_v4_77_p3,pc_v4_77,web_form,ellipsis_multi_object_preservation,接受审校结论,接受审校结论,1,0,0,1,1,1,1,1,1,原指令的保护范围是开放集合，改写仅覆盖两个列举项。二者约束强度不同，应标为不等价。（核对对象：r77；字段：status）,该改写存在明显的保护范围收缩，结构化目标标签正确，但语义保持应为0。（对象：r77；字段：status）,0,reviewer_agreement,Both reviewers recorded the same final decision.
pc_v4_78_p1,pc_v4_78,table,pronoun_coreference,接受审校结论,接受审校结论,1,1,1,1,1,1,1,1,1,“leave everything else untouched”对应原句对所有无关对象和字段的保护，标签无须调整。（核对对象：row78；字段：score）,指代链明确，未发现保护范围缩小或目标漂移，接受通过。（row78.score）,1,reviewer_agreement,Both reviewers recorded the same final decision.
pc_v4_78_p2,pc_v4_78,table,conditional_negative_constraint,接受审校结论,保留原标签,0,0,1,1,0,1,1,1,1,原指令要求直接修改，改写增加 if-present 分支，执行条件发生变化。按句面语义应标为不保持。（核对对象：row78；字段：score）,这里的目标是已给定的表格行/流程步骤，存在性属于任务前置条件；条件句未改变本实例的预期状态，保留原标签。（对象：row78）,0,rule_adjudicated_disagreement,"Protocol rule 4: the conditional adds an existence precondition absent from the base instruction, so strict instruction-level meaning is not preserved."
pc_v4_78_p3,pc_v4_78,table,ellipsis_multi_object_preservation,接受审校结论,接受审校结论,1,0,0,1,1,1,1,1,1,目标对象、字段和期望值没有问题；问题在于副作用保护由全局约束变成有限列举，因此同意语义保持=0。（核对对象：row78；字段：score）,目标更新正确，但副作用约束只覆盖有限对象，语义不完整，接受 AI 结论。（对象：row78；字段：score）,0,reviewer_agreement,Both reviewers recorded the same final decision.
pc_v4_79_p1,pc_v4_79,workflow_micro,pronoun_coreference,接受审校结论,接受审校结论,1,1,1,1,1,1,1,1,1,未发现语义增删：目标更新保持不变，副作用约束完整，接受 AI 的通过结论。（核对对象：step79；字段：note）,its 指向刚刚打开的唯一对象，目标和保护范围都一致，同意 AI 结论。（step79.note）,1,reviewer_agreement,Both reviewers recorded the same final decision.
pc_v4_79_p2,pc_v4_79,workflow_micro,conditional_negative_constraint,接受审校结论,保留原标签,0,0,1,1,0,1,1,1,1,条件句引入额外前提，不能只依据常见执行环境忽略该差异。AI 的语义判断和结构化标签均合理。（核对对象：step79；字段：note）,我按数据集场景而非纯句面逻辑判断：目标步骤/行是既定对象，条件不会实际改变执行，保留原标签。（对象：step79）,0,rule_adjudicated_disagreement,"Protocol rule 4: the conditional adds an existence precondition absent from the base instruction, so strict instruction-level meaning is not preserved."
pc_v4_79_p3,pc_v4_79,workflow_micro,ellipsis_multi_object_preservation,接受审校结论,不确定,0,0,,0,0,1,1,1,1,具名 peer 的不变约束不足以覆盖所有其他对象及字段，不能视为原句的完整改写。（核对对象：step79；字段：note）,保护范围看似收窄，但需要核对该任务的完整对象集合后才能定论；本表未提供该信息，暂不确定。（对象：step79；字段：note）,0,rule_adjudicated_uncertain,"Protocol rule 4: two named peers are not textually proven to exhaust every unrelated object and field, so the global preservation constraint is narrowed."
