method,n_runs,task_success_rate,detection_precision,detection_recall,detection_f1,critical_recall,mean_detection_latency,repair_success_proxy,repair_operation_success_rate,rollback_success_rate,rollback_use_rate,unnecessary_repair_rate,side_effect_residue_rate,mean_token_cost,mean_time_cost,mean_action_cost,cost_norm_success,sensitivity
C-SDVR,3600,0.5086,1.0000,0.6708,0.8029,0.7017,0.4464,0.6111,0.6200,0.9272,0.2442,0.0047,0.3354,1955.12,12.75,4.85,0.2227,0.80
C-SDVR-NoRollback,3600,0.2361,1.0000,0.6708,0.8029,0.7017,0.4484,0.1876,0.6200,0.0000,0.0000,0.0047,0.6884,1875.12,12.05,4.85,0.1195,0.80
C-SDVR-NoSeverity,3600,0.5086,1.0000,0.6708,0.8029,0.7017,0.4523,0.6269,0.6229,0.9272,0.2442,0.0244,0.3354,2123.60,13.60,4.89,0.2084,0.80
C-SDVR,3600,0.6148,1.0000,0.7604,0.8639,0.8141,0.4479,0.6847,0.6978,0.9297,0.2840,0.0053,0.2545,2000.35,13.01,5.01,0.2648,0.90
C-SDVR-NoRollback,3600,0.2668,1.0000,0.7604,0.8639,0.8141,0.4452,0.2083,0.6978,0.0000,0.0000,0.0053,0.6750,1920.35,12.31,5.01,0.1322,0.90
C-SDVR-NoSeverity,3600,0.6148,1.0000,0.7604,0.8639,0.8141,0.4480,0.6971,0.7006,0.9297,0.2840,0.0269,0.2545,2169.67,13.86,5.05,0.2483,0.90
C-SDVR,3600,0.7344,1.0000,0.8436,0.9152,0.9060,0.4546,0.7676,0.7842,0.9278,0.3154,0.0067,0.1694,2041.18,13.24,5.15,0.3120,1.00
C-SDVR-NoRollback,3600,0.3036,1.0000,0.8436,0.9152,0.9060,0.4477,0.2357,0.7842,0.0000,0.0000,0.0067,0.6570,1961.18,12.54,5.15,0.1471,1.00
C-SDVR-NoSeverity,3600,0.7344,1.0000,0.8436,0.9152,0.9060,0.4473,0.7769,0.7865,0.9278,0.3154,0.0311,0.1694,2211.69,14.10,5.19,0.2929,1.00
C-SDVR,3600,0.8582,1.0000,0.9199,0.9583,0.9898,0.4507,0.8459,0.8681,0.9278,0.3446,0.0078,0.0797,2078.72,13.46,5.27,0.3613,1.10
C-SDVR-NoRollback,3600,0.3396,1.0000,0.9199,0.9583,0.9898,0.4493,0.2587,0.8681,0.0000,0.0000,0.0078,0.6393,1998.72,12.76,5.27,0.1622,1.10
C-SDVR-NoSeverity,3600,0.8582,1.0000,0.9199,0.9583,0.9898,0.4598,0.8521,0.8679,0.9278,0.3446,0.0344,0.0797,2250.19,14.32,5.33,0.3397,1.10
C-SDVR,3600,0.9314,1.0000,0.9260,0.9616,1.0000,0.4534,0.9228,0.9461,0.9285,0.3484,0.0078,0.0445,2081.90,13.48,5.29,0.3903,1.20
C-SDVR-NoRollback,3600,0.3637,1.0000,0.9260,0.9616,1.0000,0.4483,0.2842,0.9461,0.0000,0.0000,0.0078,0.6286,2001.90,12.78,5.29,0.1725,1.20
C-SDVR-NoSeverity,3600,0.9314,1.0000,0.9260,0.9616,1.0000,0.4444,0.9259,0.9454,0.9285,0.3484,0.0347,0.0445,2253.49,14.34,5.34,0.3673,1.20
