method,domain,n_runs,task_success_rate,detection_precision,detection_recall,detection_f1,critical_recall,mean_detection_latency,repair_success_proxy,repair_operation_success_rate,rollback_success_rate,rollback_use_rate,unnecessary_repair_rate,side_effect_residue_rate,mean_token_cost,mean_time_cost,mean_action_cost,cost_norm_success
C-SDVR,file,6000,0.7328,1.0000,0.8464,0.9168,0.9158,0.4474,0.7614,0.7742,0.9080,0.3164,0.0075,0.1443,1986.27,12.88,4.70,0.3239
C-SDVR,web_form,6000,0.7207,1.0000,0.8352,0.9102,0.8977,0.4518,0.7607,0.7831,0.9216,0.3075,0.0098,0.2140,2093.50,13.59,5.58,0.2940
C-SDVR-NoRollback,file,6000,0.4233,1.0000,0.8464,0.9168,0.9158,0.4463,0.3803,0.7742,0.0000,0.0000,0.0075,0.4958,1906.27,12.18,4.70,0.2043
C-SDVR-NoRollback,web_form,6000,0.1883,1.0000,0.8352,0.9102,0.8977,0.4508,0.0958,0.7831,0.0000,0.0000,0.0098,0.8117,2013.50,12.89,5.58,0.0924
C-SDVR-NoSeverity,file,6000,0.7328,1.0000,0.8464,0.9168,0.9158,0.4464,0.7711,0.7738,0.9080,0.3164,0.0322,0.1443,2156.87,13.74,4.75,0.3031
C-SDVR-NoSeverity,web_form,6000,0.7207,1.0000,0.8352,0.9102,0.8977,0.4484,0.7705,0.7825,0.9216,0.3075,0.0350,0.2140,2264.32,14.45,5.63,0.2768
FinalVerifier,file,6000,0.4198,1.0000,0.8464,0.9168,0.9158,1.8885,0.4013,0.7738,0.0000,0.0000,0.0322,0.4993,2061.17,13.59,5.28,0.1793
FinalVerifier,web_form,6000,0.1883,1.0000,0.8352,0.9102,0.8977,2.6064,0.1330,0.7825,0.0000,0.0000,0.0350,0.8117,2171.50,14.32,6.71,0.0807
NoCheck,file,6000,0.1250,0.0000,0.0000,0.0000,0.0000,0.0000,0.0000,0.0000,0.0000,0.0000,0.0000,0.6055,894.00,5.83,3.28,0.1185
NoCheck,web_form,6000,0.1250,0.0000,0.0000,0.0000,0.0000,0.0000,0.0000,0.0000,0.0000,0.0000,0.0000,0.8750,1000.00,6.53,4.17,0.0982
ReflectionRetry,file,6000,0.7458,1.0000,0.8464,0.9168,0.9158,1.8778,0.7864,0.7738,0.0000,0.0000,0.0322,0.1733,3122.25,21.99,5.89,0.2076
ReflectionRetry,web_form,6000,0.7419,1.0000,0.8352,0.9102,0.8977,2.6136,0.7959,0.7825,0.0000,0.0000,0.0350,0.2581,3234.45,22.73,7.32,0.1919
StepVerifier,file,6000,0.1250,1.0000,0.8464,0.9168,0.9158,0.4532,0.0000,0.0000,0.0000,0.0000,0.0000,0.6055,1363.29,8.93,3.28,0.0887
StepVerifier,web_form,6000,0.1250,1.0000,0.8352,0.9102,0.8977,0.4425,0.0000,0.0000,0.0000,0.0000,0.0000,0.8750,1470.07,9.64,4.17,0.0767
