method,severity,n_runs,task_success_rate,detection_precision,detection_recall,detection_f1,critical_recall,mean_detection_latency,repair_success_proxy,repair_operation_success_rate,rollback_success_rate,rollback_use_rate,unnecessary_repair_rate,side_effect_residue_rate,mean_token_cost,mean_time_cost,mean_action_cost,cost_norm_success
C-SDVR,critical,3271,0.6680,1.0000,0.9068,0.9511,0.9068,0.4526,0.7367,0.7869,0.9147,0.8294,0.0000,0.1348,2366.12,15.20,6.41,0.2507
C-SDVR,major,4339,0.7025,1.0000,0.9087,0.9522,0.0000,0.4474,0.7730,0.7730,0.0000,0.0000,0.0000,0.2581,2183.49,13.98,5.56,0.2925
C-SDVR,minor,1087,1.0000,1.0000,0.3707,0.5409,0.0000,0.4498,1.0000,0.7596,0.0000,0.0000,0.0957,0.0000,1747.56,11.56,4.02,0.5486
C-SDVR,none,3303,0.0000,0.0000,0.0000,0.0000,0.0000,0.0000,0.0000,0.0000,0.0000,0.0000,0.0000,0.0000,1624.36,10.86,3.70,0.0000
C-SDVR-NoRollback,critical,3271,0.1513,1.0000,0.9068,0.9511,0.9068,0.4496,0.1669,0.7869,0.0000,0.0000,0.0000,0.7946,2286.12,14.50,6.41,0.0598
C-SDVR-NoRollback,major,4339,0.2478,1.0000,0.9087,0.9522,0.0000,0.4485,0.2726,0.7730,0.0000,0.0000,0.0000,0.7128,2103.49,13.28,5.56,0.1086
C-SDVR-NoRollback,minor,1087,0.9926,1.0000,0.3707,0.5409,0.0000,0.4406,0.9231,0.7596,0.0000,0.0000,0.0957,0.0074,1667.56,10.86,4.02,0.5692
C-SDVR-NoRollback,none,3303,0.0000,0.0000,0.0000,0.0000,0.0000,0.0000,0.0000,0.0000,0.0000,0.0000,0.0000,0.0000,1544.36,10.16,3.70,0.0000
C-SDVR-NoSeverity,critical,3271,0.6680,1.0000,0.9068,0.9511,0.9068,0.4480,0.7367,0.7869,0.9147,0.8294,0.0000,0.1348,2526.12,16.00,6.41,0.2398
C-SDVR-NoSeverity,major,4339,0.7025,1.0000,0.9087,0.9522,0.0000,0.4475,0.7730,0.7730,0.0000,0.0000,0.0000,0.2581,2343.49,14.78,5.56,0.2786
C-SDVR-NoSeverity,minor,1087,1.0000,1.0000,0.3707,0.5409,0.0000,0.4430,1.0000,0.7643,0.0000,0.0000,0.3707,0.0000,2025.84,13.03,4.57,0.4853
C-SDVR-NoSeverity,none,3303,0.0000,0.0000,0.0000,0.0000,0.0000,0.0000,0.0000,0.0000,0.0000,0.0000,0.0000,0.0000,1784.36,11.66,3.70,0.0000
FinalVerifier,critical,3271,0.1513,1.0000,0.9068,0.9511,0.9068,2.2191,0.1669,0.7869,0.0000,0.0000,0.0000,0.7946,2409.34,15.77,7.03,0.0560
FinalVerifier,major,4339,0.2478,1.0000,0.9087,0.9522,0.0000,2.2603,0.2726,0.7730,0.0000,0.0000,0.0000,0.7128,2417.90,15.83,7.14,0.0904
FinalVerifier,minor,1087,0.9788,1.0000,0.3707,0.5409,0.0000,2.3532,0.9429,0.7643,0.0000,0.0000,0.3707,0.0212,1890.43,12.56,5.27,0.5069
FinalVerifier,none,3303,0.0000,0.0000,0.0000,0.0000,0.0000,0.0000,0.0000,0.0000,0.0000,0.0000,0.0000,0.0000,1504.36,10.16,3.70,0.0000
NoCheck,critical,3271,0.0000,0.0000,0.0000,0.0000,0.0000,0.0000,0.0000,0.0000,0.0000,0.0000,0.0000,0.8111,942.58,6.15,3.69,0.0000
NoCheck,major,4339,0.0000,0.0000,0.0000,0.0000,0.0000,0.0000,0.0000,0.0000,0.0000,0.0000,0.0000,0.8751,949.16,6.19,3.74,0.0000
NoCheck,minor,1087,1.0000,0.0000,0.0000,0.0000,0.0000,0.0000,0.0000,0.0000,0.0000,0.0000,0.0000,0.0000,959.69,6.26,3.83,0.8658
NoCheck,none,3303,0.0000,0.0000,0.0000,0.0000,0.0000,0.0000,0.0000,0.0000,0.0000,0.0000,0.0000,0.0000,944.36,6.16,3.70,0.0000
ReflectionRetry,critical,3271,0.7135,1.0000,0.9068,0.9511,0.9068,2.2160,0.7869,0.7869,0.0000,0.0000,0.0000,0.2323,3599.24,24.86,7.93,0.1795
ReflectionRetry,major,4339,0.7025,1.0000,0.9087,0.9522,0.0000,2.2588,0.7730,0.7730,0.0000,0.0000,0.0000,0.2581,3608.65,24.92,8.05,0.1759
ReflectionRetry,minor,1087,1.0000,1.0000,0.3707,0.5409,0.0000,2.3595,1.0000,0.7643,0.0000,0.0000,0.3707,0.0000,2849.85,20.42,5.64,0.3552
ReflectionRetry,none,3303,0.0000,0.0000,0.0000,0.0000,0.0000,0.0000,0.0000,0.0000,0.0000,0.0000,0.0000,0.0000,2304.36,17.16,3.70,0.0000
StepVerifier,critical,3271,0.0000,1.0000,0.9068,0.9511,0.9068,0.4491,0.0000,0.0000,0.0000,0.0000,0.0000,0.8111,1465.80,9.56,3.69,0.0000
StepVerifier,major,4339,0.0000,1.0000,0.9087,0.9522,0.0000,0.4469,0.0000,0.0000,0.0000,0.0000,0.0000,0.8751,1472.74,9.60,3.74,0.0000
StepVerifier,minor,1087,1.0000,1.0000,0.3707,0.5409,0.0000,0.4483,0.0000,0.0000,0.0000,0.0000,0.0000,0.0000,1386.42,9.14,3.83,0.6609
StepVerifier,none,3303,0.0000,0.0000,0.0000,0.0000,0.0000,0.0000,0.0000,0.0000,0.0000,0.0000,0.0000,0.0000,1304.36,8.66,3.70,0.0000
