workflow_id,method,seed,rollback_count,rollback_scope_size,repair_count,token_cost,final_residue,workflow_success
student_records,NoCheck,0,0,0,0,600,True,False
student_records,NoCheck,1,0,0,0,600,True,False
student_records,NoCheck,2,0,0,0,600,True,False
student_records,NoCheck,3,0,0,0,600,True,False
student_records,NoCheck,4,0,0,0,600,True,False
student_records,NoCheck,5,0,0,0,600,True,False
student_records,NoCheck,6,0,0,0,600,True,False
student_records,NoCheck,7,0,0,0,600,True,False
student_records,NoCheck,8,0,0,0,600,True,False
student_records,NoCheck,9,0,0,0,600,False,False
student_records,NoCheck,10,0,0,0,600,True,False
student_records,NoCheck,11,0,0,0,600,True,False
student_records,NoCheck,12,0,0,0,600,True,False
student_records,NoCheck,13,0,0,0,600,True,False
student_records,NoCheck,14,0,0,0,600,False,False
student_records,NoCheck,15,0,0,0,600,True,False
student_records,NoCheck,16,0,0,0,600,True,False
student_records,NoCheck,17,0,0,0,600,True,False
student_records,NoCheck,18,0,0,0,600,True,False
student_records,NoCheck,19,0,0,0,600,True,False
student_records,NoCheck,20,0,0,0,600,True,False
student_records,NoCheck,21,0,0,0,600,True,False
student_records,NoCheck,22,0,0,0,600,True,False
student_records,NoCheck,23,0,0,0,600,True,False
student_records,NoCheck,24,0,0,0,600,True,False
student_records,NoCheck,25,0,0,0,600,True,False
student_records,NoCheck,26,0,0,0,600,False,True
student_records,NoCheck,27,0,0,0,600,True,False
student_records,NoCheck,28,0,0,0,600,True,False
student_records,NoCheck,29,0,0,0,600,True,False
student_records,FinalVerifier,0,0,0,1,2380,False,True
student_records,FinalVerifier,1,0,0,1,2380,False,True
student_records,FinalVerifier,2,0,0,1,2380,False,True
student_records,FinalVerifier,3,0,0,1,2380,False,True
student_records,FinalVerifier,4,0,0,1,2380,False,True
student_records,FinalVerifier,5,0,0,1,2380,False,True
student_records,FinalVerifier,6,0,0,1,2380,False,True
student_records,FinalVerifier,7,0,0,1,2380,False,True
student_records,FinalVerifier,8,0,0,1,2380,False,True
student_records,FinalVerifier,9,0,0,1,2380,False,True
student_records,FinalVerifier,10,0,0,1,2380,False,True
student_records,FinalVerifier,11,0,0,1,2380,False,True
student_records,FinalVerifier,12,0,0,1,2380,False,True
student_records,FinalVerifier,13,0,0,1,2380,False,True
student_records,FinalVerifier,14,0,0,1,2380,False,True
student_records,FinalVerifier,15,0,0,1,2380,False,True
student_records,FinalVerifier,16,0,0,1,2380,False,True
student_records,FinalVerifier,17,0,0,1,2380,False,True
student_records,FinalVerifier,18,0,0,1,2380,False,True
student_records,FinalVerifier,19,0,0,1,2380,False,True
student_records,FinalVerifier,20,0,0,1,2380,False,True
student_records,FinalVerifier,21,0,0,1,2380,False,True
student_records,FinalVerifier,22,0,0,1,2380,False,True
student_records,FinalVerifier,23,0,0,1,2380,False,True
student_records,FinalVerifier,24,0,0,1,2380,False,True
student_records,FinalVerifier,25,0,0,1,2380,False,True
student_records,FinalVerifier,26,0,0,0,1080,False,True
student_records,FinalVerifier,27,0,0,1,2380,False,True
student_records,FinalVerifier,28,0,0,1,2380,False,True
student_records,FinalVerifier,29,0,0,1,2380,False,True
student_records,ReflectionRetry,0,0,0,0,1500,True,False
student_records,ReflectionRetry,1,0,0,0,3300,False,False
student_records,ReflectionRetry,2,0,0,0,4200,False,True
student_records,ReflectionRetry,3,0,0,0,3300,False,True
student_records,ReflectionRetry,4,0,0,0,2400,True,False
student_records,ReflectionRetry,5,0,0,0,4200,False,True
student_records,ReflectionRetry,6,0,0,0,2400,True,False
student_records,ReflectionRetry,7,0,0,0,2400,False,True
student_records,ReflectionRetry,8,0,0,0,3300,False,False
student_records,ReflectionRetry,9,0,0,0,3300,True,False
student_records,ReflectionRetry,10,0,0,0,3300,True,False
student_records,ReflectionRetry,11,0,0,0,2400,False,True
student_records,ReflectionRetry,12,0,0,0,1500,True,False
student_records,ReflectionRetry,13,0,0,0,1500,False,True
student_records,ReflectionRetry,14,0,0,0,2400,False,True
student_records,ReflectionRetry,15,0,0,0,2400,False,True
student_records,ReflectionRetry,16,0,0,0,1500,True,False
student_records,ReflectionRetry,17,0,0,0,1500,True,False
student_records,ReflectionRetry,18,0,0,0,3300,False,True
student_records,ReflectionRetry,19,0,0,0,3300,True,False
student_records,ReflectionRetry,20,0,0,0,4200,True,False
student_records,ReflectionRetry,21,0,0,0,4200,True,False
student_records,ReflectionRetry,22,0,0,0,2400,True,False
student_records,ReflectionRetry,23,0,0,0,2400,False,True
student_records,ReflectionRetry,24,0,0,0,1500,False,True
student_records,ReflectionRetry,25,0,0,0,2400,False,True
student_records,ReflectionRetry,26,0,0,0,600,False,True
student_records,ReflectionRetry,27,0,0,0,5100,True,False
student_records,ReflectionRetry,28,0,0,0,2400,False,True
student_records,ReflectionRetry,29,0,0,0,2400,True,False
student_records,C-SDVR,0,1,1,1,1120,False,True
student_records,C-SDVR,1,3,1,3,2160,False,True
student_records,C-SDVR,2,4,6,4,2680,False,True
student_records,C-SDVR,3,3,13,3,2160,False,True
student_records,C-SDVR,4,2,4,2,1640,False,True
student_records,C-SDVR,5,4,10,4,2680,False,True
student_records,C-SDVR,6,2,5,2,1640,False,True
student_records,C-SDVR,7,2,2,2,1640,False,True
student_records,C-SDVR,8,3,6,3,2160,False,True
student_records,C-SDVR,9,3,0,3,2160,False,True
student_records,C-SDVR,10,3,2,3,2160,False,True
student_records,C-SDVR,11,2,2,2,1640,False,True
student_records,C-SDVR,12,1,1,1,1120,False,True
student_records,C-SDVR,13,1,4,1,1120,False,True
student_records,C-SDVR,14,2,1,2,1640,False,True
student_records,C-SDVR,15,2,2,2,1640,False,True
student_records,C-SDVR,16,1,1,1,1120,False,True
student_records,C-SDVR,17,1,1,1,1120,False,True
student_records,C-SDVR,18,3,2,3,2160,False,True
student_records,C-SDVR,19,3,9,3,2160,False,True
student_records,C-SDVR,20,4,11,4,2680,False,True
student_records,C-SDVR,21,4,6,4,2680,False,True
student_records,C-SDVR,22,2,5,2,1640,False,True
student_records,C-SDVR,23,2,1,2,1640,False,True
student_records,C-SDVR,24,1,1,1,1120,False,True
student_records,C-SDVR,25,2,1,2,1640,False,True
student_records,C-SDVR,26,0,0,0,600,False,True
student_records,C-SDVR,27,5,16,5,3200,False,True
student_records,C-SDVR,28,2,3,2,1640,False,True
student_records,C-SDVR,29,2,5,2,1640,False,True
file_report,NoCheck,0,0,0,0,600,True,False
file_report,NoCheck,1,0,0,0,600,False,False
file_report,NoCheck,2,0,0,0,600,True,False
file_report,NoCheck,3,0,0,0,600,True,False
file_report,NoCheck,4,0,0,0,600,True,False
file_report,NoCheck,5,0,0,0,600,True,False
file_report,NoCheck,6,0,0,0,600,True,False
file_report,NoCheck,7,0,0,0,600,True,False
file_report,NoCheck,8,0,0,0,600,True,False
file_report,NoCheck,9,0,0,0,600,True,False
file_report,NoCheck,10,0,0,0,600,True,False
file_report,NoCheck,11,0,0,0,600,True,False
file_report,NoCheck,12,0,0,0,600,True,False
file_report,NoCheck,13,0,0,0,600,True,False
file_report,NoCheck,14,0,0,0,600,True,False
file_report,NoCheck,15,0,0,0,600,True,False
file_report,NoCheck,16,0,0,0,600,True,False
file_report,NoCheck,17,0,0,0,600,True,False
file_report,NoCheck,18,0,0,0,600,True,False
file_report,NoCheck,19,0,0,0,600,False,True
file_report,NoCheck,20,0,0,0,600,True,False
file_report,NoCheck,21,0,0,0,600,True,False
file_report,NoCheck,22,0,0,0,600,True,False
file_report,NoCheck,23,0,0,0,600,False,False
file_report,NoCheck,24,0,0,0,600,False,True
file_report,NoCheck,25,0,0,0,600,False,False
file_report,NoCheck,26,0,0,0,600,True,False
file_report,NoCheck,27,0,0,0,600,True,False
file_report,NoCheck,28,0,0,0,600,False,False
file_report,NoCheck,29,0,0,0,600,True,False
file_report,FinalVerifier,0,0,0,1,2300,False,True
file_report,FinalVerifier,1,0,0,1,2300,False,True
file_report,FinalVerifier,2,0,0,1,2300,False,True
file_report,FinalVerifier,3,0,0,1,2300,False,True
file_report,FinalVerifier,4,0,0,1,2300,False,True
file_report,FinalVerifier,5,0,0,1,2300,False,True
file_report,FinalVerifier,6,0,0,1,2300,False,True
file_report,FinalVerifier,7,0,0,1,2300,False,True
file_report,FinalVerifier,8,0,0,1,2300,False,True
file_report,FinalVerifier,9,0,0,1,2300,False,True
file_report,FinalVerifier,10,0,0,1,2300,False,True
file_report,FinalVerifier,11,0,0,1,2300,False,True
file_report,FinalVerifier,12,0,0,1,2300,False,True
file_report,FinalVerifier,13,0,0,1,2300,False,True
file_report,FinalVerifier,14,0,0,1,2300,False,True
file_report,FinalVerifier,15,0,0,1,2300,False,True
file_report,FinalVerifier,16,0,0,1,2300,False,True
file_report,FinalVerifier,17,0,0,1,2300,False,True
file_report,FinalVerifier,18,0,0,1,2300,False,True
file_report,FinalVerifier,19,0,0,0,1000,False,True
file_report,FinalVerifier,20,0,0,1,2300,False,True
file_report,FinalVerifier,21,0,0,1,2300,False,True
file_report,FinalVerifier,22,0,0,1,2300,False,True
file_report,FinalVerifier,23,0,0,1,2300,False,True
file_report,FinalVerifier,24,0,0,0,1000,False,True
file_report,FinalVerifier,25,0,0,1,2300,False,True
file_report,FinalVerifier,26,0,0,1,2300,False,True
file_report,FinalVerifier,27,0,0,1,2300,False,True
file_report,FinalVerifier,28,0,0,1,2300,False,True
file_report,FinalVerifier,29,0,0,1,2300,False,True
file_report,ReflectionRetry,0,0,0,0,1500,False,True
file_report,ReflectionRetry,1,0,0,0,2400,False,False
file_report,ReflectionRetry,2,0,0,0,3300,True,False
file_report,ReflectionRetry,3,0,0,0,1500,True,False
file_report,ReflectionRetry,4,0,0,0,2400,True,False
file_report,ReflectionRetry,5,0,0,0,1500,False,True
file_report,ReflectionRetry,6,0,0,0,3300,True,False
file_report,ReflectionRetry,7,0,0,0,2400,True,False
file_report,ReflectionRetry,8,0,0,0,3300,True,False
file_report,ReflectionRetry,9,0,0,0,2400,False,True
file_report,ReflectionRetry,10,0,0,0,2400,True,False
file_report,ReflectionRetry,11,0,0,0,2400,False,True
file_report,ReflectionRetry,12,0,0,0,1500,True,False
file_report,ReflectionRetry,13,0,0,0,2400,False,True
file_report,ReflectionRetry,14,0,0,0,1500,False,True
file_report,ReflectionRetry,15,0,0,0,2400,True,False
file_report,ReflectionRetry,16,0,0,0,2400,True,False
file_report,ReflectionRetry,17,0,0,0,4200,True,False
file_report,ReflectionRetry,18,0,0,0,3300,True,False
file_report,ReflectionRetry,19,0,0,0,600,False,True
file_report,ReflectionRetry,20,0,0,0,3300,True,False
file_report,ReflectionRetry,21,0,0,0,3300,False,True
file_report,ReflectionRetry,22,0,0,0,2400,True,False
file_report,ReflectionRetry,23,0,0,0,2400,True,False
file_report,ReflectionRetry,24,0,0,0,600,False,True
file_report,ReflectionRetry,25,0,0,0,4200,False,False
file_report,ReflectionRetry,26,0,0,0,3300,False,False
file_report,ReflectionRetry,27,0,0,0,3300,True,False
file_report,ReflectionRetry,28,0,0,0,1500,False,False
file_report,ReflectionRetry,29,0,0,0,3300,True,False
file_report,C-SDVR,0,1,2,1,1120,False,True
file_report,C-SDVR,1,2,2,2,1640,False,True
file_report,C-SDVR,2,3,2,3,2160,False,True
file_report,C-SDVR,3,1,1,1,1120,False,True
file_report,C-SDVR,4,2,2,2,1640,False,True
file_report,C-SDVR,5,1,2,1,1120,False,True
file_report,C-SDVR,6,3,2,3,2160,False,True
file_report,C-SDVR,7,2,1,2,1640,False,True
file_report,C-SDVR,8,3,3,3,2160,False,True
file_report,C-SDVR,9,2,4,2,1640,False,True
file_report,C-SDVR,10,2,4,2,1640,False,True
file_report,C-SDVR,11,2,3,2,1640,False,True
file_report,C-SDVR,12,1,0,1,1120,False,True
file_report,C-SDVR,13,2,2,2,1640,False,True
file_report,C-SDVR,14,1,3,1,1120,False,True
file_report,C-SDVR,15,2,2,2,1640,False,True
file_report,C-SDVR,16,2,0,2,1640,False,True
file_report,C-SDVR,17,4,5,4,2680,False,True
file_report,C-SDVR,18,2,4,2,1640,False,True
file_report,C-SDVR,19,0,0,0,600,False,True
file_report,C-SDVR,20,3,4,3,2160,False,True
file_report,C-SDVR,21,3,3,3,2160,False,True
file_report,C-SDVR,22,2,1,2,1640,False,True
file_report,C-SDVR,23,2,2,2,1640,False,True
file_report,C-SDVR,24,0,0,0,600,False,True
file_report,C-SDVR,25,4,2,4,2680,False,True
file_report,C-SDVR,26,2,1,2,1640,False,True
file_report,C-SDVR,27,2,4,2,1640,False,True
file_report,C-SDVR,28,1,0,1,1120,False,True
file_report,C-SDVR,29,2,3,2,1640,False,True
